{"referredEntities":{"bf2e9bd0-7387-45b7-8a93-c606933d660d":{"typeName":"hive_storagedesc","attributes":{"bucketCols":null,"qualifiedName":"cost_savings.claim_savings@hdp_storage","sortCols":null,"storedAsSubDirectories":false,"location":"hdfs://demo.hortonworks.com:8020/hive_data/cost_savings","compressed":false,"inputFormat":"org.apache.hadoop.mapred.TextInputFormat","outputFormat":"org.apache.hadoop.hive.ql.io.HiveIgnoreKeyTextOutputFormat","parameters":null,"table":{"guid":"054b210b-3c48-4c95-ba4f-51153bbd573e","typeName":"hive_table"},"serdeInfo":{"typeName":"hive_serde","attributes":{"serializationLib":"org.apache.hadoop.hive.serde2.lazy.LazySimpleSerDe","name":null,"parameters":{"serialization.format":",","field.delim":","}}},"numBuckets":-1},"guid":"bf2e9bd0-7387-45b7-8a93-c606933d660d","status":"ACTIVE","createdBy":"hive","updatedBy":"hive","createTime":1511513319687,"updateTime":1511513331221,"version":0,"classifications":[]},"6b707593-d394-44f5-9323-f7cf1752b93f":{"typeName":"hive_column","attributes":{"owner":"hive","qualifiedName":"cost_savings.claim_savings.claimid@hdp","name":"claimid","description":null,"comment":null,"position":3,"type":"int","table":{"guid":"054b210b-3c48-4c95-ba4f-51153bbd573e","typeName":"hive_table"}},"guid":"6b707593-d394-44f5-9323-f7cf1752b93f","status":"ACTIVE","createdBy":"hive","updatedBy":"hive","createTime":1511513319687,"updateTime":1511513331221,"version":0,"classifications":[]},"8ea39b13-99f1-42d3-a06d-34c2ff24024e":{"typeName":"hive_column","attributes":{"owner":"hive","qualifiedName":"cost_savings.claim_savings.reportdate@hdp","name":"reportdate","description":null,"comment":null,"position":0,"type":"date","table":{"guid":"054b210b-3c48-4c95-ba4f-51153bbd573e","typeName":"hive_table"}},"guid":"8ea39b13-99f1-42d3-a06d-34c2ff24024e","status":"ACTIVE","createdBy":"hive","updatedBy":"hive","createTime":1511513319687,"updateTime":1511513331221,"version":0,"classifications":[]},"c3500a82-4177-47f0-9fef-8891d500ea20":{"typeName":"hive_column","attributes":{"owner":"hive","qualifiedName":"cost_savings.claim_savings.costsavings@hdp","name":"costsavings","description":null,"comment":null,"position":4,"type":"int","table":{"guid":"054b210b-3c48-4c95-ba4f-51153bbd573e","typeName":"hive_table"}},"guid":"c3500a82-4177-47f0-9fef-8891d500ea20","status":"ACTIVE","createdBy":"hive","updatedBy":"hive","createTime":1511513319687,"updateTime":1511513331221,"version":0,"classifications":[]},"b2e0d2ac-1b29-48a9-b7d8-3c6dabf59e8c":{"typeName":"hive_column","attributes":{"owner":"hive","qualifiedName":"cost_savings.claim_savings.eligibilitycode@hdp","name":"eligibilitycode","description":null,"comment":null,"position":5,"type":"int","table":{"guid":"054b210b-3c48-4c95-ba4f-51153bbd573e","typeName":"hive_table"}},"guid":"b2e0d2ac-1b29-48a9-b7d8-3c6dabf59e8c","status":"ACTIVE","createdBy":"hive","updatedBy":"hive","createTime":1511513319687,"updateTime":1511513331221,"version":0,"classifications":[]},"8cca814e-a035-466c-9335-33fb6b53be3c":{"typeName":"hive_column","attributes":{"owner":"hive","qualifiedName":"cost_savings.claim_savings.latitude@hdp","name":"latitude","description":null,"comment":null,"position":6,"type":"decimal(10,0)","table":{"guid":"054b210b-3c48-4c95-ba4f-51153bbd573e","typeName":"hive_table"}},"guid":"8cca814e-a035-466c-9335-33fb6b53be3c","status":"ACTIVE","createdBy":"hive","updatedBy":"hive","createTime":1511513319687,"updateTime":1511513331221,"version":0,"classifications":[]},"e7c4f9fc-7c25-4df6-a2d6-00bfa5b3a720":{"typeName":"hive_column","attributes":{"owner":"hive","qualifiedName":"cost_savings.claim_savings.longitude@hdp","name":"longitude","description":null,"comment":null,"position":7,"type":"decimal(10,0)","table":{"guid":"054b210b-3c48-4c95-ba4f-51153bbd573e","typeName":"hive_table"}},"guid":"e7c4f9fc-7c25-4df6-a2d6-00bfa5b3a720","status":"ACTIVE","createdBy":"hive","updatedBy":"hive","createTime":1511513319687,"updateTime":1511513331221,"version":0,"classifications":[]},"1c1c16a8-5066-457d-94a2-9064367a990f":{"typeName":"hive_column","attributes":{"owner":"hive","qualifiedName":"cost_savings.claim_savings.name@hdp","name":"name","description":null,"comment":null,"position":1,"type":"string","table":{"guid":"054b210b-3c48-4c95-ba4f-51153bbd573e","typeName":"hive_table"}},"guid":"1c1c16a8-5066-457d-94a2-9064367a990f","status":"ACTIVE","createdBy":"hive","updatedBy":"hive","createTime":1511513319687,"updateTime":1511513331221,"version":0,"classifications":[]},"d3265fde-0ac1-4e61-8e40-702914f8fc43":{"typeName":"hive_column","attributes":{"owner":"hive","qualifiedName":"cost_savings.claim_savings.sequenceid@hdp","name":"sequenceid","description":null,"comment":null,"position":2,"type":"int","table":{"guid":"054b210b-3c48-4c95-ba4f-51153bbd573e","typeName":"hive_table"}},"guid":"d3265fde-0ac1-4e61-8e40-702914f8fc43","status":"ACTIVE","createdBy":"hive","updatedBy":"hive","createTime":1511513319687,"updateTime":1511513331221,"version":0,"classifications":[]}},"entity":{"typeName":"hive_table","attributes":{"owner":"hive","temporary":false,"lastAccessTime":1511511742000,"aliases":null,"qualifiedName":"cost_savings.claim_savings@hdp","columns":[{"guid":"8ea39b13-99f1-42d3-a06d-34c2ff24024e","typeName":"hive_column"},{"guid":"1c1c16a8-5066-457d-94a2-9064367a990f","typeName":"hive_column"},{"guid":"d3265fde-0ac1-4e61-8e40-702914f8fc43","typeName":"hive_column"},{"guid":"6b707593-d394-44f5-9323-f7cf1752b93f","typeName":"hive_column"},{"guid":"c3500a82-4177-47f0-9fef-8891d500ea20","typeName":"hive_column"},{"guid":"b2e0d2ac-1b29-48a9-b7d8-3c6dabf59e8c","typeName":"hive_column"},{"guid":"8cca814e-a035-466c-9335-33fb6b53be3c","typeName":"hive_column"},{"guid":"e7c4f9fc-7c25-4df6-a2d6-00bfa5b3a720","typeName":"hive_column"}],"description":null,"viewExpandedText":null,"sd":{"guid":"bf2e9bd0-7387-45b7-8a93-c606933d660d","typeName":"hive_storagedesc"},"tableType":"EXTERNAL_TABLE","createTime":1511511742000,"name":"claim_savings","comment":"Claims Savings","partitionKeys":null,"parameters":{"transient_lastDdlTime":"1511511742","comment":"Claims Savings","totalSize":"6830","EXTERNAL":"TRUE","numFiles":"1"},"db":{"guid":"07843a02-c72d-446d-8f91-b418a300c980","typeName":"hive_db"},"retention":0,"viewOriginalText":null},"guid":"054b210b-3c48-4c95-ba4f-51153bbd573e","status":"ACTIVE","createdBy":"hive","updatedBy":"hive","createTime":1511513319687,"updateTime":1511513331221,"version":0,"classifications":[{"typeName":"DATA_QUALITY","attributes":{"score":0.51}}]}}