{"referredEntities":{},"entity":{"typeName":"hive_process","attributes":{"owner":null,"outputs":[{"guid":"3de3fcf0-63fb-479f-a19d-885e4814453e","typeName":"hive_table"}],"queryGraph":null,"recentQueries":["create external table if not exists finance.tax_2010 (\n                                   ssn string\n                                 , fed_tax int\n                                 , state_tax int\n                                 , local_tax int\n                                ) row format delimited\n                                  fields terminated by ','\n                                  stored as textfile\n                                  location '/hive_data/finance/tax_2010'"],"qualifiedName":"finance.tax_2010@hdp:1511511741000","inputs":[{"guid":"fc803cd7-0015-4da2-8acf-f5aefc183afc","typeName":"hdfs_path"}],"description":null,"userName":"hive","queryId":"hive_20171124082220_cfd3934d-eda3-463f-b557-a49c5180665c","clusterName":"hdp","name":"create external table if not exists finance.tax_2010 (\n                                   ssn string\n                                 , fed_tax int\n                                 , state_tax int\n                                 , local_tax int\n                                ) row format delimited\n                                  fields terminated by ','\n                                  stored as textfile\n                                  location '/hive_data/finance/tax_2010'","queryText":"create external table if not exists finance.tax_2010 (\n                                   ssn string\n                                 , fed_tax int\n                                 , state_tax int\n                                 , local_tax int\n                                ) row format delimited\n                                  fields terminated by ','\n                                  stored as textfile\n                                  location '/hive_data/finance/tax_2010'","startTime":1511511740846,"operationType":"CREATETABLE","queryPlan":"Not Supported","endTime":1511511741283},"guid":"05a59576-b83e-43a2-8b3f-23a55149f07b","status":"ACTIVE","createdBy":"hive","updatedBy":"admin","createTime":1511513318647,"updateTime":1523604597968,"version":0,"classifications":[]}}