{"referredEntities":{},"entity":{"typeName":"hive_column_lineage","attributes":{"owner":null,"outputs":[{"guid":"9573f450-897e-4415-bed8-8ca6129b2621","typeName":"hive_column"}],"expression":null,"qualifiedName":"claim.prov_view@hdp:1523603836000:totaldischarges","inputs":[{"guid":"bd5dd524-bd88-436b-8163-54e097e71da5","typeName":"hive_column"}],"query":{"guid":"f93437bb-9d89-4a25-861e-7b33729c31d4","typeName":"hive_process"},"name":"create view if not exists claim.prov_view as select * from claim.provider_summary:totaldischarges","description":null,"depenendencyType":"SIMPLE"},"guid":"07b36759-e827-4695-b2c3-aac444eff8b7","status":"ACTIVE","createdBy":"hive","updatedBy":"hive","createTime":1523603856805,"updateTime":1523603856805,"version":0,"classifications":[]}}