{"referredEntities":{},"entity":{"typeName":"hive_column_lineage","attributes":{"owner":null,"outputs":[{"guid":"ace6e8bd-cb3b-4851-990c-9d3423528c1e","typeName":"hive_column"}],"expression":null,"qualifiedName":"QUERY:hortoniabank.us_customers@hdp:1523603830000->:INSERT:hortoniabank.us_customers_trans@hdp:1523603916000:gender","inputs":[{"guid":"3debbfdd-be8b-487c-a115-72c628c3fd8d","typeName":"hive_column"}],"query":{"guid":"a894d186-47c4-4116-8741-4d0124e74a76","typeName":"hive_process"},"name":"insert into hortoniabank.us_customers_trans select * from hortoniabank.us_customers:gender","description":null,"depenendencyType":"SIMPLE"},"guid":"09c2adfd-2605-4047-b395-1ed9ade50937","status":"ACTIVE","createdBy":"hive","updatedBy":"hive","createTime":1523603974395,"updateTime":1523603974395,"version":0,"classifications":[]}}