{"referredEntities":{},"entity":{"typeName":"hive_column_lineage","attributes":{"owner":null,"outputs":[{"guid":"da5e80bd-59e1-44cb-b3b9-da0afe8304ba","typeName":"hive_column"}],"expression":null,"qualifiedName":"claim.prov_view@hdp:1511511743000:averagetotalpayments","inputs":[{"guid":"3577cddc-763d-4408-aa11-2fabf3ab13b4","typeName":"hive_column"}],"query":{"guid":"48e5449d-9813-4801-bcb9-e70ada315f3f","typeName":"hive_process"},"name":"create view if not exists claim.prov_view as select * from claim.provider_summary:averagetotalpayments","description":null,"depenendencyType":"SIMPLE"},"guid":"0b766b03-9b16-4cbb-b4a4-d0682f3f178f","status":"ACTIVE","createdBy":"hive","updatedBy":"hive","createTime":1511513323891,"updateTime":1511513323891,"version":0,"classifications":[]}}