{"referredEntities":{},"entity":{"typeName":"hive_column_lineage","attributes":{"owner":null,"outputs":[{"guid":"6fbdfc5b-2bb2-436d-bfaf-9d9c7cef6ca3","typeName":"hive_column"}],"expression":null,"qualifiedName":"QUERY:hortoniabank.us_customers@hdp:1523603830000->:INSERT:hortoniabank.us_customers_trans@hdp:1523603916000:countryfull","inputs":[{"guid":"4636b0f1-d0f0-4e59-ac69-b3d68be7140a","typeName":"hive_column"}],"query":{"guid":"a894d186-47c4-4116-8741-4d0124e74a76","typeName":"hive_process"},"name":"insert into hortoniabank.us_customers_trans select * from hortoniabank.us_customers:countryfull","description":null,"depenendencyType":"SIMPLE"},"guid":"0bffd566-2343-42a3-9b1e-02eef2b608a3","status":"ACTIVE","createdBy":"hive","updatedBy":"hive","createTime":1523603972274,"updateTime":1523603972274,"version":0,"classifications":[]}}