{"referredEntities":{},"entity":{"typeName":"hive_process","attributes":{"owner":null,"outputs":[{"guid":"1c8f1506-4093-4503-974e-dcf6c8acf05d","typeName":"hive_table"}],"queryGraph":null,"recentQueries":["create external table if not exists finance.tax_2010 (\n                                   ssn string\n                                 , fed_tax int\n                                 , state_tax int\n                                 , local_tax int\n                                ) row format delimited\n                                  fields terminated by ','\n                                  stored as textfile\n                                  location '/hive_data/finance/tax_2010'"],"qualifiedName":"finance.tax_2010@hdp:1523603833000","inputs":[{"guid":"a7ca7cb4-11d2-49b0-b420-a3de850d3a00","typeName":"hdfs_path"}],"description":null,"userName":"hive","queryId":"hive_20180413071712_f7c1eb59-6502-4487-86ef-363867dcc748","clusterName":"hdp","name":"create external table if not exists finance.tax_2010 (\n                                   ssn string\n                                 , fed_tax int\n                                 , state_tax int\n                                 , local_tax int\n                                ) row format delimited\n                                  fields terminated by ','\n                                  stored as textfile\n                                  location '/hive_data/finance/tax_2010'","queryText":"create external table if not exists finance.tax_2010 (\n                                   ssn string\n                                 , fed_tax int\n                                 , state_tax int\n                                 , local_tax int\n                                ) row format delimited\n                                  fields terminated by ','\n                                  stored as textfile\n                                  location '/hive_data/finance/tax_2010'","startTime":1523603832923,"operationType":"CREATETABLE","queryPlan":"Not Supported","endTime":1523603833447},"guid":"0f29f3d9-2d2d-432d-9cab-ff3a9bae4a7b","status":"ACTIVE","createdBy":"hive","updatedBy":"hive","createTime":1523603849035,"updateTime":1523603849035,"version":0,"classifications":[]}}