{"referredEntities":{"9d712eb1-8920-4e95-95df-b8230aca58bd":{"typeName":"hive_column","attributes":{"owner":"hive","qualifiedName":"hortoniabank.ww_customers_trans.state@hdp","name":"state","description":null,"comment":null,"position":9,"type":"string","table":{"guid":"1065495e-1c58-461b-a5d9-6149b3db8975","typeName":"hive_table"}},"guid":"9d712eb1-8920-4e95-95df-b8230aca58bd","status":"ACTIVE","createdBy":"hive","updatedBy":"hive","createTime":1523603913815,"updateTime":1523603948827,"version":0,"classifications":[]},"1a05580d-0ced-45d9-9bcc-bd62da0a5c27":{"typeName":"hive_column","attributes":{"owner":"hive","qualifiedName":"hortoniabank.ww_customers_trans.password@hdp","name":"password","description":null,"comment":null,"position":16,"type":"string","table":{"guid":"1065495e-1c58-461b-a5d9-6149b3db8975","typeName":"hive_table"}},"guid":"1a05580d-0ced-45d9-9bcc-bd62da0a5c27","status":"ACTIVE","createdBy":"hive","updatedBy":"hive","createTime":1523603913815,"updateTime":1523603948827,"version":0,"classifications":[]},"447f7cbb-a5a1-4b7a-8dfb-b45f9c5b0eff":{"typeName":"hive_column","attributes":{"owner":"hive","qualifiedName":"hortoniabank.ww_customers_trans.mrn@hdp","name":"mrn","description":null,"comment":null,"position":28,"type":"string","table":{"guid":"1065495e-1c58-461b-a5d9-6149b3db8975","typeName":"hive_table"}},"guid":"447f7cbb-a5a1-4b7a-8dfb-b45f9c5b0eff","status":"ACTIVE","createdBy":"hive","updatedBy":"hive","createTime":1523603913815,"updateTime":1523603948827,"version":0,"classifications":[]},"ef42a4bf-2404-45e6-8763-ea16de0e63d5":{"typeName":"hive_column","attributes":{"owner":"hive","qualifiedName":"hortoniabank.ww_customers_trans.longitude@hdp","name":"longitude","description":null,"comment":null,"position":39,"type":"double","table":{"guid":"1065495e-1c58-461b-a5d9-6149b3db8975","typeName":"hive_table"}},"guid":"ef42a4bf-2404-45e6-8763-ea16de0e63d5","status":"ACTIVE","createdBy":"hive","updatedBy":"hive","createTime":1523603913815,"updateTime":1523603948827,"version":0,"classifications":[]},"10c55f03-ad86-40b0-8c06-975d4e20c563":{"typeName":"hive_column","attributes":{"owner":"hive","qualifiedName":"hortoniabank.ww_customers_trans.countryfull@hdp","name":"countryfull","description":null,"comment":null,"position":13,"type":"string","table":{"guid":"1065495e-1c58-461b-a5d9-6149b3db8975","typeName":"hive_table"}},"guid":"10c55f03-ad86-40b0-8c06-975d4e20c563","status":"ACTIVE","createdBy":"hive","updatedBy":"hive","createTime":1523603913815,"updateTime":1523603948827,"version":0,"classifications":[]},"27055261-412b-4386-a4d6-da7d0303a80d":{"typeName":"hive_column","attributes":{"owner":"hive","qualifiedName":"hortoniabank.ww_customers_trans.weight@hdp","name":"weight","description":null,"comment":null,"position":36,"type":"double","table":{"guid":"1065495e-1c58-461b-a5d9-6149b3db8975","typeName":"hive_table"}},"guid":"27055261-412b-4386-a4d6-da7d0303a80d","status":"ACTIVE","createdBy":"hive","updatedBy":"hive","createTime":1523603913815,"updateTime":1523603948827,"version":0,"classifications":[]},"b9c7d15f-d978-497b-82f8-5cf4a2423136":{"typeName":"hive_column","attributes":{"owner":"hive","qualifiedName":"hortoniabank.ww_customers_trans.gender@hdp","name":"gender","description":null,"comment":null,"position":0,"type":"string","table":{"guid":"1065495e-1c58-461b-a5d9-6149b3db8975","typeName":"hive_table"}},"guid":"b9c7d15f-d978-497b-82f8-5cf4a2423136","status":"ACTIVE","createdBy":"hive","updatedBy":"hive","createTime":1523603913815,"updateTime":1523603948827,"version":0,"classifications":[]},"685b47b3-17c7-48d0-bac3-ef01d5c97ef5":{"typeName":"hive_column","attributes":{"owner":"hive","qualifiedName":"hortoniabank.ww_customers_trans.age@hdp","name":"age","description":null,"comment":null,"position":21,"type":"int","table":{"guid":"1065495e-1c58-461b-a5d9-6149b3db8975","typeName":"hive_table"}},"guid":"685b47b3-17c7-48d0-bac3-ef01d5c97ef5","status":"ACTIVE","createdBy":"hive","updatedBy":"hive","createTime":1523603913815,"updateTime":1523603948827,"version":0,"classifications":[]},"e5df292b-a113-4964-a7b1-8634ff889e52":{"typeName":"hive_column","attributes":{"owner":"hive","qualifiedName":"hortoniabank.ww_customers_trans.streetaddress@hdp","name":"streetaddress","description":null,"comment":null,"position":7,"type":"string","table":{"guid":"1065495e-1c58-461b-a5d9-6149b3db8975","typeName":"hive_table"}},"guid":"e5df292b-a113-4964-a7b1-8634ff889e52","status":"ACTIVE","createdBy":"hive","updatedBy":"hive","createTime":1523603913815,"updateTime":1523603948827,"version":0,"classifications":[]},"4f6ae220-e84d-4e46-9c5f-12d1c468ea0d":{"typeName":"hive_column","attributes":{"owner":"hive","qualifiedName":"hortoniabank.ww_customers_trans.telephonecountrycode@hdp","name":"telephonecountrycode","description":null,"comment":null,"position":18,"type":"int","table":{"guid":"1065495e-1c58-461b-a5d9-6149b3db8975","typeName":"hive_table"}},"guid":"4f6ae220-e84d-4e46-9c5f-12d1c468ea0d","status":"ACTIVE","createdBy":"hive","updatedBy":"hive","createTime":1523603913815,"updateTime":1523603948827,"version":0,"classifications":[]},"f77db58f-3ff8-4d92-bb49-729e8aecf1ab":{"typeName":"hive_column","attributes":{"owner":"hive","qualifiedName":"hortoniabank.ww_customers_trans.birthday@hdp","name":"birthday","description":null,"comment":null,"position":20,"type":"string","table":{"guid":"1065495e-1c58-461b-a5d9-6149b3db8975","typeName":"hive_table"}},"guid":"f77db58f-3ff8-4d92-bb49-729e8aecf1ab","status":"ACTIVE","createdBy":"hive","updatedBy":"hive","createTime":1523603913815,"updateTime":1523603948827,"version":0,"classifications":[]},"bd71a179-b693-40bf-83e7-a67b3e306eaf":{"typeName":"hive_column","attributes":{"owner":"hive","qualifiedName":"hortoniabank.ww_customers_trans.telephonenumber@hdp","name":"telephonenumber","description":null,"comment":null,"position":17,"type":"string","table":{"guid":"1065495e-1c58-461b-a5d9-6149b3db8975","typeName":"hive_table"}},"guid":"bd71a179-b693-40bf-83e7-a67b3e306eaf","status":"ACTIVE","createdBy":"hive","updatedBy":"hive","createTime":1523603913815,"updateTime":1523603948827,"version":0,"classifications":[]},"05461ec1-8f4e-4bf6-bb44-e4a3245b2f8c":{"typeName":"hive_column","attributes":{"owner":"hive","qualifiedName":"hortoniabank.ww_customers_trans.company@hdp","name":"company","description":null,"comment":null,"position":32,"type":"string","table":{"guid":"1065495e-1c58-461b-a5d9-6149b3db8975","typeName":"hive_table"}},"guid":"05461ec1-8f4e-4bf6-bb44-e4a3245b2f8c","status":"ACTIVE","createdBy":"hive","updatedBy":"hive","createTime":1523603913815,"updateTime":1523603948827,"version":0,"classifications":[]},"9f52f665-92c0-49ea-9185-23ae9810651a":{"typeName":"hive_column","attributes":{"owner":"hive","qualifiedName":"hortoniabank.ww_customers_trans.tropicalzodiac@hdp","name":"tropicalzodiac","description":null,"comment":null,"position":22,"type":"string","table":{"guid":"1065495e-1c58-461b-a5d9-6149b3db8975","typeName":"hive_table"}},"guid":"9f52f665-92c0-49ea-9185-23ae9810651a","status":"ACTIVE","createdBy":"hive","updatedBy":"hive","createTime":1523603913815,"updateTime":1523603948827,"version":0,"classifications":[]},"94ff5e62-7a8a-4527-ba00-183dcfe449ad":{"typeName":"hive_column","attributes":{"owner":"hive","qualifiedName":"hortoniabank.ww_customers_trans.nationalid@hdp","name":"nationalid","description":null,"comment":null,"position":27,"type":"string","table":{"guid":"1065495e-1c58-461b-a5d9-6149b3db8975","typeName":"hive_table"}},"guid":"94ff5e62-7a8a-4527-ba00-183dcfe449ad","status":"ACTIVE","createdBy":"hive","updatedBy":"hive","createTime":1523603913815,"updateTime":1523603948827,"version":0,"classifications":[]},"8f0d1737-e8aa-49ae-86e3-9bb9fd0eb922":{"typeName":"hive_column","attributes":{"owner":"hive","qualifiedName":"hortoniabank.ww_customers_trans.surname@hdp","name":"surname","description":null,"comment":null,"position":4,"type":"string","table":{"guid":"1065495e-1c58-461b-a5d9-6149b3db8975","typeName":"hive_table"}},"guid":"8f0d1737-e8aa-49ae-86e3-9bb9fd0eb922","status":"ACTIVE","createdBy":"hive","updatedBy":"hive","createTime":1523603913815,"updateTime":1523603948827,"version":0,"classifications":[]},"43d14705-1a39-4c10-98b6-c6924ea99969":{"typeName":"hive_column","attributes":{"owner":"hive","qualifiedName":"hortoniabank.ww_customers_trans.emailaddress@hdp","name":"emailaddress","description":null,"comment":null,"position":14,"type":"string","table":{"guid":"1065495e-1c58-461b-a5d9-6149b3db8975","typeName":"hive_table"}},"guid":"43d14705-1a39-4c10-98b6-c6924ea99969","status":"ACTIVE","createdBy":"hive","updatedBy":"hive","createTime":1523603913815,"updateTime":1523603948827,"version":0,"classifications":[]},"343a2ee3-2c40-4822-8dcc-26813851783b":{"typeName":"hive_column","attributes":{"owner":"hive","qualifiedName":"hortoniabank.ww_customers_trans.eyecolor@hdp","name":"eyecolor","description":null,"comment":null,"position":30,"type":"string","table":{"guid":"1065495e-1c58-461b-a5d9-6149b3db8975","typeName":"hive_table"}},"guid":"343a2ee3-2c40-4822-8dcc-26813851783b","status":"ACTIVE","createdBy":"hive","updatedBy":"hive","createTime":1523603913815,"updateTime":1523603948827,"version":0,"classifications":[]},"5fd6e45a-1f45-4f04-8998-47097b35b6a5":{"typeName":"hive_column","attributes":{"owner":"hive","qualifiedName":"hortoniabank.ww_customers_trans.bloodtype@hdp","name":"bloodtype","description":null,"comment":null,"position":35,"type":"string","table":{"guid":"1065495e-1c58-461b-a5d9-6149b3db8975","typeName":"hive_table"}},"guid":"5fd6e45a-1f45-4f04-8998-47097b35b6a5","status":"ACTIVE","createdBy":"hive","updatedBy":"hive","createTime":1523603913815,"updateTime":1523603948827,"version":0,"classifications":[]},"cd1fb604-6e77-4713-9a31-0957c837cf16":{"typeName":"hive_column","attributes":{"owner":"hive","qualifiedName":"hortoniabank.ww_customers_trans.insuranceid@hdp","name":"insuranceid","description":null,"comment":null,"position":29,"type":"string","table":{"guid":"1065495e-1c58-461b-a5d9-6149b3db8975","typeName":"hive_table"}},"guid":"cd1fb604-6e77-4713-9a31-0957c837cf16","status":"ACTIVE","createdBy":"hive","updatedBy":"hive","createTime":1523603913815,"updateTime":1523603948827,"version":0,"classifications":[]},"bfc66625-535f-478f-b4de-9a7a824b7a89":{"typeName":"hive_column","attributes":{"owner":"hive","qualifiedName":"hortoniabank.ww_customers_trans.title@hdp","name":"title","description":null,"comment":null,"position":1,"type":"string","table":{"guid":"1065495e-1c58-461b-a5d9-6149b3db8975","typeName":"hive_table"}},"guid":"bfc66625-535f-478f-b4de-9a7a824b7a89","status":"ACTIVE","createdBy":"hive","updatedBy":"hive","createTime":1523603913815,"updateTime":1523603948827,"version":0,"classifications":[]},"5e0780ca-13f6-486f-a2c0-c2a3387eb02c":{"typeName":"hive_column","attributes":{"owner":"hive","qualifiedName":"hortoniabank.ww_customers_trans.givenname@hdp","name":"givenname","description":null,"comment":null,"position":2,"type":"string","table":{"guid":"1065495e-1c58-461b-a5d9-6149b3db8975","typeName":"hive_table"}},"guid":"5e0780ca-13f6-486f-a2c0-c2a3387eb02c","status":"ACTIVE","createdBy":"hive","updatedBy":"hive","createTime":1523603913815,"updateTime":1523603948827,"version":0,"classifications":[]},"7371fe8f-1fcf-4b54-9925-23df57d5737f":{"typeName":"hive_column","attributes":{"owner":"hive","qualifiedName":"hortoniabank.ww_customers_trans.cctype@hdp","name":"cctype","description":null,"comment":null,"position":23,"type":"string","table":{"guid":"1065495e-1c58-461b-a5d9-6149b3db8975","typeName":"hive_table"}},"guid":"7371fe8f-1fcf-4b54-9925-23df57d5737f","status":"ACTIVE","createdBy":"hive","updatedBy":"hive","createTime":1523603913815,"updateTime":1523603948827,"version":0,"classifications":[]},"eac8ae81-4ef6-4344-b72b-fb5cd17c8ddc":{"typeName":"hive_column","attributes":{"owner":"hive","qualifiedName":"hortoniabank.ww_customers_trans.ccexpires@hdp","name":"ccexpires","description":null,"comment":null,"position":26,"type":"string","table":{"guid":"1065495e-1c58-461b-a5d9-6149b3db8975","typeName":"hive_table"}},"guid":"eac8ae81-4ef6-4344-b72b-fb5cd17c8ddc","status":"ACTIVE","createdBy":"hive","updatedBy":"hive","createTime":1523603913815,"updateTime":1523603948827,"version":0,"classifications":[]},"15442485-5181-4d32-9a62-844271f08ca6":{"typeName":"hive_column","attributes":{"owner":"hive","qualifiedName":"hortoniabank.ww_customers_trans.cvv2@hdp","name":"cvv2","description":null,"comment":null,"position":25,"type":"string","table":{"guid":"1065495e-1c58-461b-a5d9-6149b3db8975","typeName":"hive_table"}},"guid":"15442485-5181-4d32-9a62-844271f08ca6","status":"ACTIVE","createdBy":"hive","updatedBy":"hive","createTime":1523603913815,"updateTime":1523603948827,"version":0,"classifications":[]},"3c6b462d-9b0e-47ad-ad49-96caeefd5d63":{"typeName":"hive_column","attributes":{"owner":"hive","qualifiedName":"hortoniabank.ww_customers_trans.city@hdp","name":"city","description":null,"comment":null,"position":8,"type":"string","table":{"guid":"1065495e-1c58-461b-a5d9-6149b3db8975","typeName":"hive_table"}},"guid":"3c6b462d-9b0e-47ad-ad49-96caeefd5d63","status":"ACTIVE","createdBy":"hive","updatedBy":"hive","createTime":1523603913815,"updateTime":1523603948827,"version":0,"classifications":[]},"a91bdc8d-8601-4885-afff-b8d0a89635c4":{"typeName":"hive_column","attributes":{"owner":"hive","qualifiedName":"hortoniabank.ww_customers_trans.country@hdp","name":"country","description":null,"comment":null,"position":12,"type":"string","table":{"guid":"1065495e-1c58-461b-a5d9-6149b3db8975","typeName":"hive_table"}},"guid":"a91bdc8d-8601-4885-afff-b8d0a89635c4","status":"ACTIVE","createdBy":"hive","updatedBy":"hive","createTime":1523603913815,"updateTime":1523603948827,"version":0,"classifications":[]},"4c810e77-a473-4719-bbcf-2be320999136":{"typeName":"hive_column","attributes":{"owner":"hive","qualifiedName":"hortoniabank.ww_customers_trans.middleinitial@hdp","name":"middleinitial","description":null,"comment":null,"position":3,"type":"string","table":{"guid":"1065495e-1c58-461b-a5d9-6149b3db8975","typeName":"hive_table"}},"guid":"4c810e77-a473-4719-bbcf-2be320999136","status":"ACTIVE","createdBy":"hive","updatedBy":"hive","createTime":1523603913815,"updateTime":1523603948827,"version":0,"classifications":[]},"9cd27113-d3f3-4766-9d50-05916f626f27":{"typeName":"hive_column","attributes":{"owner":"hive","qualifiedName":"hortoniabank.ww_customers_trans.zipcode@hdp","name":"zipcode","description":null,"comment":null,"position":11,"type":"string","table":{"guid":"1065495e-1c58-461b-a5d9-6149b3db8975","typeName":"hive_table"}},"guid":"9cd27113-d3f3-4766-9d50-05916f626f27","status":"ACTIVE","createdBy":"hive","updatedBy":"hive","createTime":1523603913815,"updateTime":1523603948827,"version":0,"classifications":[]},"bf15c27a-beaa-4726-99ba-e30176d7324c":{"typeName":"hive_column","attributes":{"owner":"hive","qualifiedName":"hortoniabank.ww_customers_trans.latitude@hdp","name":"latitude","description":null,"comment":null,"position":38,"type":"double","table":{"guid":"1065495e-1c58-461b-a5d9-6149b3db8975","typeName":"hive_table"}},"guid":"bf15c27a-beaa-4726-99ba-e30176d7324c","status":"ACTIVE","createdBy":"hive","updatedBy":"hive","createTime":1523603913815,"updateTime":1523603948827,"version":0,"classifications":[]},"b48bdd8e-ba5d-4118-ad75-2d574c23599a":{"typeName":"hive_column","attributes":{"owner":"hive","qualifiedName":"hortoniabank.ww_customers_trans.height@hdp","name":"height","description":null,"comment":null,"position":37,"type":"int","table":{"guid":"1065495e-1c58-461b-a5d9-6149b3db8975","typeName":"hive_table"}},"guid":"b48bdd8e-ba5d-4118-ad75-2d574c23599a","status":"ACTIVE","createdBy":"hive","updatedBy":"hive","createTime":1523603913815,"updateTime":1523603948827,"version":0,"classifications":[]},"19ea428e-d746-468a-861f-b0bc5602ea2e":{"typeName":"hive_storagedesc","attributes":{"bucketCols":["gender"],"qualifiedName":"hortoniabank.ww_customers_trans@hdp_storage","sortCols":null,"storedAsSubDirectories":false,"location":"hdfs://abajwa-dws-hortonia30.field.hortonworks.com:8020/hive_data/hortoniabank/ww_customers_trans","compressed":false,"inputFormat":"org.apache.hadoop.hive.ql.io.orc.OrcInputFormat","outputFormat":"org.apache.hadoop.hive.ql.io.orc.OrcOutputFormat","parameters":null,"table":{"guid":"1065495e-1c58-461b-a5d9-6149b3db8975","typeName":"hive_table"},"serdeInfo":{"typeName":"hive_serde","attributes":{"serializationLib":"org.apache.hadoop.hive.ql.io.orc.OrcSerde","name":null,"parameters":{"serialization.format":"1"}}},"numBuckets":2},"guid":"19ea428e-d746-468a-861f-b0bc5602ea2e","status":"ACTIVE","createdBy":"hive","updatedBy":"hive","createTime":1523603913815,"updateTime":1523603948827,"version":0,"classifications":[]},"f8ec6b49-8054-4f01-ad8b-5cc8b5572437":{"typeName":"hive_column","attributes":{"owner":"hive","qualifiedName":"hortoniabank.ww_customers_trans.username@hdp","name":"username","description":null,"comment":null,"position":15,"type":"string","table":{"guid":"1065495e-1c58-461b-a5d9-6149b3db8975","typeName":"hive_table"}},"guid":"f8ec6b49-8054-4f01-ad8b-5cc8b5572437","status":"ACTIVE","createdBy":"hive","updatedBy":"hive","createTime":1523603913815,"updateTime":1523603948827,"version":0,"classifications":[]},"52639391-58ea-41ce-85f1-16b4dd83dbd4":{"typeName":"hive_column","attributes":{"owner":"hive","qualifiedName":"hortoniabank.ww_customers_trans.nameset@hdp","name":"nameset","description":null,"comment":null,"position":6,"type":"string","table":{"guid":"1065495e-1c58-461b-a5d9-6149b3db8975","typeName":"hive_table"}},"guid":"52639391-58ea-41ce-85f1-16b4dd83dbd4","status":"ACTIVE","createdBy":"hive","updatedBy":"hive","createTime":1523603913815,"updateTime":1523603948827,"version":0,"classifications":[]},"8ec2e8ca-e9bd-442d-b7d5-ca9ddfb9c2b9":{"typeName":"hive_column","attributes":{"owner":"hive","qualifiedName":"hortoniabank.ww_customers_trans.vehicle@hdp","name":"vehicle","description":null,"comment":null,"position":33,"type":"string","table":{"guid":"1065495e-1c58-461b-a5d9-6149b3db8975","typeName":"hive_table"}},"guid":"8ec2e8ca-e9bd-442d-b7d5-ca9ddfb9c2b9","status":"ACTIVE","createdBy":"hive","updatedBy":"hive","createTime":1523603913815,"updateTime":1523603948827,"version":0,"classifications":[]},"eff02ad4-910d-4b0e-864a-4101dd78a303":{"typeName":"hive_column","attributes":{"owner":"hive","qualifiedName":"hortoniabank.ww_customers_trans.statefull@hdp","name":"statefull","description":null,"comment":null,"position":10,"type":"string","table":{"guid":"1065495e-1c58-461b-a5d9-6149b3db8975","typeName":"hive_table"}},"guid":"eff02ad4-910d-4b0e-864a-4101dd78a303","status":"ACTIVE","createdBy":"hive","updatedBy":"hive","createTime":1523603913815,"updateTime":1523603948827,"version":0,"classifications":[]},"b8786f68-4611-4155-8b24-42937f4f4c56":{"typeName":"hive_column","attributes":{"owner":"hive","qualifiedName":"hortoniabank.ww_customers_trans.ccnumber@hdp","name":"ccnumber","description":null,"comment":null,"position":24,"type":"string","table":{"guid":"1065495e-1c58-461b-a5d9-6149b3db8975","typeName":"hive_table"}},"guid":"b8786f68-4611-4155-8b24-42937f4f4c56","status":"ACTIVE","createdBy":"hive","updatedBy":"hive","createTime":1523603913815,"updateTime":1523603948827,"version":0,"classifications":[]},"a819fd9e-aeb2-4838-9614-e2d46dda7580":{"typeName":"hive_column","attributes":{"owner":"hive","qualifiedName":"hortoniabank.ww_customers_trans.occupation@hdp","name":"occupation","description":null,"comment":null,"position":31,"type":"string","table":{"guid":"1065495e-1c58-461b-a5d9-6149b3db8975","typeName":"hive_table"}},"guid":"a819fd9e-aeb2-4838-9614-e2d46dda7580","status":"ACTIVE","createdBy":"hive","updatedBy":"hive","createTime":1523603913815,"updateTime":1523603948827,"version":0,"classifications":[]},"bbb70710-b832-415f-9718-b44b609fe488":{"typeName":"hive_column","attributes":{"owner":"hive","qualifiedName":"hortoniabank.ww_customers_trans.mothersmaiden@hdp","name":"mothersmaiden","description":null,"comment":null,"position":19,"type":"string","table":{"guid":"1065495e-1c58-461b-a5d9-6149b3db8975","typeName":"hive_table"}},"guid":"bbb70710-b832-415f-9718-b44b609fe488","status":"ACTIVE","createdBy":"hive","updatedBy":"hive","createTime":1523603913815,"updateTime":1523603948827,"version":0,"classifications":[]},"fb9ba0cb-72c9-40d5-8c1b-4db5006be02d":{"typeName":"hive_column","attributes":{"owner":"hive","qualifiedName":"hortoniabank.ww_customers_trans.number@hdp","name":"number","description":null,"comment":null,"position":5,"type":"int","table":{"guid":"1065495e-1c58-461b-a5d9-6149b3db8975","typeName":"hive_table"}},"guid":"fb9ba0cb-72c9-40d5-8c1b-4db5006be02d","status":"ACTIVE","createdBy":"hive","updatedBy":"hive","createTime":1523603913815,"updateTime":1523603948827,"version":0,"classifications":[]},"45b44510-035f-489c-85f6-b3e51aa6c90d":{"typeName":"hive_column","attributes":{"owner":"hive","qualifiedName":"hortoniabank.ww_customers_trans.domain@hdp","name":"domain","description":null,"comment":null,"position":34,"type":"string","table":{"guid":"1065495e-1c58-461b-a5d9-6149b3db8975","typeName":"hive_table"}},"guid":"45b44510-035f-489c-85f6-b3e51aa6c90d","status":"ACTIVE","createdBy":"hive","updatedBy":"hive","createTime":1523603913815,"updateTime":1523603948827,"version":0,"classifications":[]}},"entity":{"typeName":"hive_table","attributes":{"owner":"hive","temporary":false,"lastAccessTime":1523603909000,"aliases":null,"qualifiedName":"hortoniabank.ww_customers_trans@hdp","columns":[{"guid":"b9c7d15f-d978-497b-82f8-5cf4a2423136","typeName":"hive_column"},{"guid":"bfc66625-535f-478f-b4de-9a7a824b7a89","typeName":"hive_column"},{"guid":"5e0780ca-13f6-486f-a2c0-c2a3387eb02c","typeName":"hive_column"},{"guid":"4c810e77-a473-4719-bbcf-2be320999136","typeName":"hive_column"},{"guid":"8f0d1737-e8aa-49ae-86e3-9bb9fd0eb922","typeName":"hive_column"},{"guid":"fb9ba0cb-72c9-40d5-8c1b-4db5006be02d","typeName":"hive_column"},{"guid":"52639391-58ea-41ce-85f1-16b4dd83dbd4","typeName":"hive_column"},{"guid":"e5df292b-a113-4964-a7b1-8634ff889e52","typeName":"hive_column"},{"guid":"3c6b462d-9b0e-47ad-ad49-96caeefd5d63","typeName":"hive_column"},{"guid":"9d712eb1-8920-4e95-95df-b8230aca58bd","typeName":"hive_column"},{"guid":"eff02ad4-910d-4b0e-864a-4101dd78a303","typeName":"hive_column"},{"guid":"9cd27113-d3f3-4766-9d50-05916f626f27","typeName":"hive_column"},{"guid":"a91bdc8d-8601-4885-afff-b8d0a89635c4","typeName":"hive_column"},{"guid":"10c55f03-ad86-40b0-8c06-975d4e20c563","typeName":"hive_column"},{"guid":"43d14705-1a39-4c10-98b6-c6924ea99969","typeName":"hive_column"},{"guid":"f8ec6b49-8054-4f01-ad8b-5cc8b5572437","typeName":"hive_column"},{"guid":"1a05580d-0ced-45d9-9bcc-bd62da0a5c27","typeName":"hive_column"},{"guid":"bd71a179-b693-40bf-83e7-a67b3e306eaf","typeName":"hive_column"},{"guid":"4f6ae220-e84d-4e46-9c5f-12d1c468ea0d","typeName":"hive_column"},{"guid":"bbb70710-b832-415f-9718-b44b609fe488","typeName":"hive_column"},{"guid":"f77db58f-3ff8-4d92-bb49-729e8aecf1ab","typeName":"hive_column"},{"guid":"685b47b3-17c7-48d0-bac3-ef01d5c97ef5","typeName":"hive_column"},{"guid":"9f52f665-92c0-49ea-9185-23ae9810651a","typeName":"hive_column"},{"guid":"7371fe8f-1fcf-4b54-9925-23df57d5737f","typeName":"hive_column"},{"guid":"b8786f68-4611-4155-8b24-42937f4f4c56","typeName":"hive_column"},{"guid":"15442485-5181-4d32-9a62-844271f08ca6","typeName":"hive_column"},{"guid":"eac8ae81-4ef6-4344-b72b-fb5cd17c8ddc","typeName":"hive_column"},{"guid":"94ff5e62-7a8a-4527-ba00-183dcfe449ad","typeName":"hive_column"},{"guid":"447f7cbb-a5a1-4b7a-8dfb-b45f9c5b0eff","typeName":"hive_column"},{"guid":"cd1fb604-6e77-4713-9a31-0957c837cf16","typeName":"hive_column"},{"guid":"343a2ee3-2c40-4822-8dcc-26813851783b","typeName":"hive_column"},{"guid":"a819fd9e-aeb2-4838-9614-e2d46dda7580","typeName":"hive_column"},{"guid":"05461ec1-8f4e-4bf6-bb44-e4a3245b2f8c","typeName":"hive_column"},{"guid":"8ec2e8ca-e9bd-442d-b7d5-ca9ddfb9c2b9","typeName":"hive_column"},{"guid":"45b44510-035f-489c-85f6-b3e51aa6c90d","typeName":"hive_column"},{"guid":"5fd6e45a-1f45-4f04-8998-47097b35b6a5","typeName":"hive_column"},{"guid":"27055261-412b-4386-a4d6-da7d0303a80d","typeName":"hive_column"},{"guid":"b48bdd8e-ba5d-4118-ad75-2d574c23599a","typeName":"hive_column"},{"guid":"bf15c27a-beaa-4726-99ba-e30176d7324c","typeName":"hive_column"},{"guid":"ef42a4bf-2404-45e6-8763-ea16de0e63d5","typeName":"hive_column"}],"description":null,"viewExpandedText":null,"sd":{"guid":"19ea428e-d746-468a-861f-b0bc5602ea2e","typeName":"hive_storagedesc"},"tableType":"MANAGED_TABLE","createTime":1523603909000,"name":"ww_customers_trans","comment":null,"partitionKeys":null,"parameters":{"transient_lastDdlTime":"1523603915","totalSize":"6903359","transactional":"true","numFiles":"2"},"db":{"guid":"e510daa0-85fb-4d76-bc39-0c8da5863d90","typeName":"hive_db"},"retention":0,"viewOriginalText":null},"guid":"1065495e-1c58-461b-a5d9-6149b3db8975","status":"ACTIVE","createdBy":"hive","updatedBy":"hive","createTime":1523603913815,"updateTime":1523603948827,"version":0,"classifications":[]}}