{"referredEntities":{},"entity":{"typeName":"hive_column_lineage","attributes":{"owner":null,"outputs":[{"guid":"9f52f665-92c0-49ea-9185-23ae9810651a","typeName":"hive_column"}],"expression":null,"qualifiedName":"QUERY:hortoniabank.ww_customers@hdp:1523603829000->:INSERT:hortoniabank.ww_customers_trans@hdp:1523603909000:tropicalzodiac","inputs":[{"guid":"72d88938-05a8-4c7d-90c9-223f4677bd2d","typeName":"hive_column"}],"query":{"guid":"92ff2bb9-5bdc-4405-b3d4-39c7c05c7a9d","typeName":"hive_process"},"name":"insert into hortoniabank.ww_customers_trans select * from hortoniabank.ww_customers:tropicalzodiac","description":null,"depenendencyType":"SIMPLE"},"guid":"10e79797-b110-43c9-82ba-22acc6108d3d","status":"ACTIVE","createdBy":"hive","updatedBy":"hive","createTime":1523603927028,"updateTime":1523603927028,"version":0,"classifications":[]}}