{"referredEntities":{},"entity":{"typeName":"hdfs_path","attributes":{"owner":null,"modifiedTime":0,"isFile":false,"numberOfReplicas":0,"qualifiedName":"hdfs://abajwa-dws-hortonia30.field.hortonworks.com:8020/hive_data/consent","description":null,"extendedAttributes":null,"path":"hdfs://abajwa-dws-hortonia30.field.hortonworks.com:8020/hive_data/consent","posixPermissions":null,"createTime":0,"fileSize":0,"clusterName":"hdp","name":"/hive_data/consent","isSymlink":false,"group":null},"guid":"13e591fe-bf11-4215-bca0-faa1c9752e96","status":"ACTIVE","createdBy":"hive","updatedBy":"hive","createTime":1523603863444,"updateTime":1523603863444,"version":0,"classifications":[]}}