{"referredEntities":{},"entity":{"typeName":"hive_column_lineage","attributes":{"owner":null,"outputs":[{"guid":"b48bdd8e-ba5d-4118-ad75-2d574c23599a","typeName":"hive_column"}],"expression":null,"qualifiedName":"QUERY:hortoniabank.ww_customers@hdp:1523603829000->:INSERT:hortoniabank.ww_customers_trans@hdp:1523603909000:height","inputs":[{"guid":"bdf4812c-d1a4-478f-b39f-5e27ef0c6f5e","typeName":"hive_column"}],"query":{"guid":"92ff2bb9-5bdc-4405-b3d4-39c7c05c7a9d","typeName":"hive_process"},"name":"insert into hortoniabank.ww_customers_trans select * from hortoniabank.ww_customers:height","description":null,"depenendencyType":"SIMPLE"},"guid":"13f5e5c9-ad18-4618-bb5e-38178df606f2","status":"ACTIVE","createdBy":"hive","updatedBy":"hive","createTime":1523603941151,"updateTime":1523603941151,"version":0,"classifications":[]}}