{"referredEntities":{},"entity":{"typeName":"hive_column_lineage","attributes":{"owner":null,"outputs":[{"guid":"5fd6e45a-1f45-4f04-8998-47097b35b6a5","typeName":"hive_column"}],"expression":null,"qualifiedName":"QUERY:hortoniabank.ww_customers@hdp:1523603829000->:INSERT:hortoniabank.ww_customers_trans@hdp:1523603909000:bloodtype","inputs":[{"guid":"f64055c2-adc3-4b08-932e-6558c3bd5c43","typeName":"hive_column"}],"query":{"guid":"92ff2bb9-5bdc-4405-b3d4-39c7c05c7a9d","typeName":"hive_process"},"name":"insert into hortoniabank.ww_customers_trans select * from hortoniabank.ww_customers:bloodtype","description":null,"depenendencyType":"SIMPLE"},"guid":"15e1a4ac-8cba-4b66-8010-684bcf578690","status":"ACTIVE","createdBy":"hive","updatedBy":"hive","createTime":1523603922231,"updateTime":1523603922231,"version":0,"classifications":[]}}