{"referredEntities":{},"entity":{"typeName":"hdfs_path","attributes":{"owner":null,"modifiedTime":0,"isFile":false,"numberOfReplicas":0,"qualifiedName":"hdfs://abajwa-dws-hortonia30.field.hortonworks.com:8020/hive_data/hortoniabank/ww_customers","description":null,"extendedAttributes":null,"path":"hdfs://abajwa-dws-hortonia30.field.hortonworks.com:8020/hive_data/hortoniabank/ww_customers","posixPermissions":null,"createTime":0,"fileSize":0,"clusterName":"hdp","name":"/hive_data/hortoniabank/ww_customers","isSymlink":false,"group":null},"guid":"168204c5-cd27-4965-b371-c9d03d4260c6","status":"ACTIVE","createdBy":"hive","updatedBy":"hive","createTime":1523603843555,"updateTime":1523603843555,"version":0,"classifications":[]}}