{"referredEntities":{},"entity":{"typeName":"hive_column_lineage","attributes":{"owner":null,"outputs":[{"guid":"88732360-7db6-40fb-898c-9b6d67b3c67b","typeName":"hive_column"}],"expression":null,"qualifiedName":"QUERY:hortoniabank.us_customers@hdp:1523603830000->:INSERT:hortoniabank.us_customers_trans@hdp:1523603916000:telephonenumber","inputs":[{"guid":"fc67bdc1-eafc-4509-b4e3-ad841940f25e","typeName":"hive_column"}],"query":{"guid":"a894d186-47c4-4116-8741-4d0124e74a76","typeName":"hive_process"},"name":"insert into hortoniabank.us_customers_trans select * from hortoniabank.us_customers:telephonenumber","description":null,"depenendencyType":"SIMPLE"},"guid":"170c2747-bfde-4f97-acee-e394b12b00ff","status":"ACTIVE","createdBy":"hive","updatedBy":"hive","createTime":1523603973090,"updateTime":1523603973090,"version":0,"classifications":[]}}