{"referredEntities":{},"entity":{"typeName":"hive_process","attributes":{"owner":null,"outputs":[{"guid":"5b968a7e-9418-44d4-a652-dc587a3a9376","typeName":"hive_table"}],"queryGraph":null,"recentQueries":["create external table if not exists finance.tax_2009 (\n                                    ssn string\n                                  , fed_tax int\n                                  , state_tax int\n                                  , local_tax int\n                                 ) row format delimited\n                                   fields terminated by ','\n                                   stored as textfile\n                                   location '/hive_data/finance/tax_2009'"],"qualifiedName":"finance.tax_2009@hdp:1511511740000","inputs":[{"guid":"e2a266e6-b043-4ce7-ad99-df8f198f3def","typeName":"hdfs_path"}],"description":null,"userName":"hive","queryId":"hive_20171124082220_f7370e49-95fd-4e2a-ba64-416ea28e94da","clusterName":"hdp","name":"create external table if not exists finance.tax_2009 (\n                                    ssn string\n                                  , fed_tax int\n                                  , state_tax int\n                                  , local_tax int\n                                 ) row format delimited\n                                   fields terminated by ','\n                                   stored as textfile\n                                   location '/hive_data/finance/tax_2009'","queryText":"create external table if not exists finance.tax_2009 (\n                                    ssn string\n                                  , fed_tax int\n                                  , state_tax int\n                                  , local_tax int\n                                 ) row format delimited\n                                   fields terminated by ','\n                                   stored as textfile\n                                   location '/hive_data/finance/tax_2009'","startTime":1511511740345,"operationType":"CREATETABLE","queryPlan":"Not Supported","endTime":1511511740973},"guid":"17bb1304-c91a-49e9-a1ff-a2c7a4336fe3","status":"ACTIVE","createdBy":"hive","updatedBy":"hive","createTime":1511513317530,"updateTime":1511513317530,"version":0,"classifications":[]}}