{"referredEntities":{},"entity":{"typeName":"hive_column_lineage","attributes":{"owner":null,"outputs":[{"guid":"bd9fdbe6-b1f1-4eda-87af-d69619506e9b","typeName":"hive_column"}],"expression":null,"qualifiedName":"claim.claims_view@hdp:1523603836000:costsavings","inputs":[{"guid":"d9f4e7f0-b4b3-487b-8656-566f69eb5424","typeName":"hive_column"}],"query":{"guid":"aaa47333-9ec3-4880-bcfe-aa84be9d6426","typeName":"hive_process"},"name":"create view if not exists claim.claims_view as select * from cost_savings.claim_savings:costsavings","description":null,"depenendencyType":"SIMPLE"},"guid":"19ae6d2e-6368-46ff-8b52-fb251fc9fa3c","status":"ACTIVE","createdBy":"hive","updatedBy":"hive","createTime":1523603862018,"updateTime":1523603862018,"version":0,"classifications":[]}}