{"referredEntities":{"7de45dc4-3ac3-4b20-b9c1-00b1641b88d7":{"typeName":"hive_column","attributes":{"owner":"hive","qualifiedName":"finance.tax_2015.state_tax@hdp","name":"state_tax","description":null,"comment":null,"position":2,"type":"int","table":{"guid":"1a31b8b3-f65e-4a6e-b02b-d4f8016b5a2c","typeName":"hive_table"}},"guid":"7de45dc4-3ac3-4b20-b9c1-00b1641b88d7","status":"ACTIVE","createdBy":"hive","updatedBy":"admin","createTime":1511513318853,"updateTime":1523604597968,"version":0,"classifications":[]},"37c60b69-9674-4ac8-8126-c36277bea998":{"typeName":"hive_storagedesc","attributes":{"bucketCols":null,"qualifiedName":"finance.tax_2015@hdp_storage","sortCols":null,"storedAsSubDirectories":false,"location":"hdfs://demo.hortonworks.com:8020/hive_data/finance/tax_2015","compressed":false,"inputFormat":"org.apache.hadoop.mapred.TextInputFormat","outputFormat":"org.apache.hadoop.hive.ql.io.HiveIgnoreKeyTextOutputFormat","parameters":null,"table":{"guid":"1a31b8b3-f65e-4a6e-b02b-d4f8016b5a2c","typeName":"hive_table"},"serdeInfo":{"typeName":"hive_serde","attributes":{"serializationLib":"org.apache.hadoop.hive.serde2.lazy.LazySimpleSerDe","name":null,"parameters":{"serialization.format":",","field.delim":","}}},"numBuckets":-1},"guid":"37c60b69-9674-4ac8-8126-c36277bea998","status":"ACTIVE","createdBy":"hive","updatedBy":"admin","createTime":1511513318853,"updateTime":1523604597968,"version":0,"classifications":[]},"5f245a71-9ea8-415c-938b-a4e11ea83040":{"typeName":"hive_column","attributes":{"owner":"hive","qualifiedName":"finance.tax_2015.local_tax@hdp","name":"local_tax","description":null,"comment":null,"position":3,"type":"int","table":{"guid":"1a31b8b3-f65e-4a6e-b02b-d4f8016b5a2c","typeName":"hive_table"}},"guid":"5f245a71-9ea8-415c-938b-a4e11ea83040","status":"ACTIVE","createdBy":"hive","updatedBy":"admin","createTime":1511513318853,"updateTime":1523604597968,"version":0,"classifications":[]},"c3c2f6c3-75f4-4507-8e83-66c70e600204":{"typeName":"hive_column","attributes":{"owner":"hive","qualifiedName":"finance.tax_2015.fed_tax@hdp","name":"fed_tax","description":null,"comment":null,"position":1,"type":"int","table":{"guid":"1a31b8b3-f65e-4a6e-b02b-d4f8016b5a2c","typeName":"hive_table"}},"guid":"c3c2f6c3-75f4-4507-8e83-66c70e600204","status":"ACTIVE","createdBy":"hive","updatedBy":"admin","createTime":1511513318853,"updateTime":1523604597968,"version":0,"classifications":[{"typeName":"EXPIRES_ON","attributes":{"expiry_date":"2016-12-31T00:00:00.000Z"}}]},"ec82c74e-7faf-448d-94e6-bd8ee695efed":{"typeName":"hive_column","attributes":{"owner":"hive","qualifiedName":"finance.tax_2015.ssn@hdp","name":"ssn","description":null,"comment":null,"position":0,"type":"string","table":{"guid":"1a31b8b3-f65e-4a6e-b02b-d4f8016b5a2c","typeName":"hive_table"}},"guid":"ec82c74e-7faf-448d-94e6-bd8ee695efed","status":"ACTIVE","createdBy":"hive","updatedBy":"admin","createTime":1511513318853,"updateTime":1523604597968,"version":0,"classifications":[{"typeName":"FINANCE_PII","attributes":{"type":"finance"}}]}},"entity":{"typeName":"hive_table","attributes":{"owner":"hive","temporary":false,"lastAccessTime":1511511741000,"aliases":null,"qualifiedName":"finance.tax_2015@hdp","columns":[{"guid":"ec82c74e-7faf-448d-94e6-bd8ee695efed","typeName":"hive_column"},{"guid":"c3c2f6c3-75f4-4507-8e83-66c70e600204","typeName":"hive_column"},{"guid":"7de45dc4-3ac3-4b20-b9c1-00b1641b88d7","typeName":"hive_column"},{"guid":"5f245a71-9ea8-415c-938b-a4e11ea83040","typeName":"hive_column"}],"description":null,"viewExpandedText":null,"sd":{"guid":"37c60b69-9674-4ac8-8126-c36277bea998","typeName":"hive_storagedesc"},"tableType":"EXTERNAL_TABLE","createTime":1511511741000,"name":"tax_2015","comment":null,"partitionKeys":null,"parameters":{"transient_lastDdlTime":"1511511741","totalSize":"85","EXTERNAL":"TRUE","numFiles":"1"},"db":{"guid":"39bd553e-100c-48fa-94e6-2c975166cda4","typeName":"hive_db"},"retention":0,"viewOriginalText":null},"guid":"1a31b8b3-f65e-4a6e-b02b-d4f8016b5a2c","status":"ACTIVE","createdBy":"hive","updatedBy":"admin","createTime":1511513318853,"updateTime":1523604597968,"version":0,"classifications":[]}}