{"referredEntities":{},"entity":{"typeName":"hive_process","attributes":{"owner":null,"outputs":[{"guid":"e585ece3-de24-49e8-8da3-1381d9d7da56","typeName":"hive_table"}],"queryGraph":null,"recentQueries":["create external table if not exists hortoniabank.ww_customers(\n                                    gender               string\n                                  , title                string\n                                  , givenname            string\n                                  , middleinitial        string\n                                  , surname              string\n                                  , number               int\n                                  , nameset              string\n                                  , streetaddress        string\n                                  , city                 string\n                                  , state                string\n                                  , statefull            string\n                                  , zipcode              string\n                                  , country              string\n                                  , countryfull          string\n                                  , emailaddress         string\n                                  , username             string\n                                  , password             string\n                                  , telephonenumber      string\n                                  , telephonecountrycode int\n                                  , mothersmaiden        string\n                                  , birthday             string\n                                  , age                  int\n                                  , tropicalzodiac       string\n                                  , cctype               string\n                                  , ccnumber             string\n                                  , cvv2                 string\n                                  , ccexpires            string\n                                  , nationalid           string\n                                  , mrn                  string\n                                  , insuranceid          string\n                                  , eyecolor             string\n                                  , occupation           string\n                                  , company              string\n                                  , vehicle              string\n                                  , domain               string\n                                  , bloodtype            string\n                                  , weight               double\n                                  , height               int\n                                  , latitude             double\n                                  , longitude            double\n                                ) row format delimited\n                                  fields terminated by ','\n                                  stored as textfile\n                                  location '/hive_data/hortoniabank/ww_customers'"],"qualifiedName":"hortoniabank.ww_customers@hdp:1511511738000","inputs":[{"guid":"efe8f67a-6a31-4c61-bbf0-376cc4826419","typeName":"hdfs_path"}],"description":null,"userName":"hive","queryId":"hive_20171124082218_6a4d35bf-bf77-4ed2-a693-dbf112f02af5","clusterName":"hdp","name":"create external table if not exists hortoniabank.ww_customers(\n                                    gender               string\n                                  , title                string\n                                  , givenname            string\n                                  , middleinitial        string\n                                  , surname              string\n                                  , number               int\n                                  , nameset              string\n                                  , streetaddress        string\n                                  , city                 string\n                                  , state                string\n                                  , statefull            string\n                                  , zipcode              string\n                                  , country              string\n                                  , countryfull          string\n                                  , emailaddress         string\n                                  , username             string\n                                  , password             string\n                                  , telephonenumber      string\n                                  , telephonecountrycode int\n                                  , mothersmaiden        string\n                                  , birthday             string\n                                  , age                  int\n                                  , tropicalzodiac       string\n                                  , cctype               string\n                                  , ccnumber             string\n                                  , cvv2                 string\n                                  , ccexpires            string\n                                  , nationalid           string\n                                  , mrn                  string\n                                  , insuranceid          string\n                                  , eyecolor             string\n                                  , occupation           string\n                                  , company              string\n                                  , vehicle              string\n                                  , domain               string\n                                  , bloodtype            string\n                                  , weight               double\n                                  , height               int\n                                  , latitude             double\n                                  , longitude            double\n                                ) row format delimited\n                                  fields terminated by ','\n                                  stored as textfile\n                                  location '/hive_data/hortoniabank/ww_customers'","queryText":"create external table if not exists hortoniabank.ww_customers(\n                                    gender               string\n                                  , title                string\n                                  , givenname            string\n                                  , middleinitial        string\n                                  , surname              string\n                                  , number               int\n                                  , nameset              string\n                                  , streetaddress        string\n                                  , city                 string\n                                  , state                string\n                                  , statefull            string\n                                  , zipcode              string\n                                  , country              string\n                                  , countryfull          string\n                                  , emailaddress         string\n                                  , username             string\n                                  , password             string\n                                  , telephonenumber      string\n                                  , telephonecountrycode int\n                                  , mothersmaiden        string\n                                  , birthday             string\n                                  , age                  int\n                                  , tropicalzodiac       string\n                                  , cctype               string\n                                  , ccnumber             string\n                                  , cvv2                 string\n                                  , ccexpires            string\n                                  , nationalid           string\n                                  , mrn                  string\n                                  , insuranceid          string\n                                  , eyecolor             string\n                                  , occupation           string\n                                  , company              string\n                                  , vehicle              string\n                                  , domain               string\n                                  , bloodtype            string\n                                  , weight               double\n                                  , height               int\n                                  , latitude             double\n                                  , longitude            double\n                                ) row format delimited\n                                  fields terminated by ','\n                                  stored as textfile\n                                  location '/hive_data/hortoniabank/ww_customers'","startTime":1511511738017,"operationType":"CREATETABLE","queryPlan":"Not Supported","endTime":1511511739147},"guid":"1a9877ec-29e1-4c33-bb7e-2ae2970cd2fa","status":"ACTIVE","createdBy":"hive","updatedBy":"admin","createTime":1511513311243,"updateTime":1523604597968,"version":0,"classifications":[]}}