{"referredEntities":{},"entity":{"typeName":"hive_column_lineage","attributes":{"owner":null,"outputs":[{"guid":"69dbf03c-ca5f-424f-bfcc-3ae7b924629a","typeName":"hive_column"}],"expression":null,"qualifiedName":"QUERY:consent_master.consent_data@hdp:1523603838000->:INSERT:erasure_master.data_erasure_trans@hdp:1523603923000:insuranceid","inputs":[{"guid":"9d2451f7-45ff-4dc9-90ba-4f3b812f6461","typeName":"hive_column"}],"query":{"guid":"1e07aa94-7449-42fe-a111-899d6ec6de95","typeName":"hive_process"},"name":"insert into erasure_master.data_erasure_trans select country, countryfull, insuranceid, marketingconsent, marketingconsentstartdate, loyaltyconsent from consent_master.consent_data limit 500:insuranceid","description":null,"depenendencyType":"SIMPLE"},"guid":"1ac5be9b-5ef9-4c2d-a46c-880b57e46f5a","status":"ACTIVE","createdBy":"hive","updatedBy":"hive","createTime":1523603983051,"updateTime":1523603983051,"version":0,"classifications":[]}}