{"referredEntities":{"65c321dc-983e-4a8d-9b65-a45323add3a8":{"typeName":"hive_column","attributes":{"owner":"hive","qualifiedName":"finance.tax_2010.fed_tax@hdp","name":"fed_tax","description":null,"comment":null,"position":1,"type":"int","table":{"guid":"1c8f1506-4093-4503-974e-dcf6c8acf05d","typeName":"hive_table"}},"guid":"65c321dc-983e-4a8d-9b65-a45323add3a8","status":"ACTIVE","createdBy":"hive","updatedBy":"hive","createTime":1523603848506,"updateTime":1523603849035,"version":0,"classifications":[]},"f4264b60-7b99-4295-be1d-2be163aecdf0":{"typeName":"hive_column","attributes":{"owner":"hive","qualifiedName":"finance.tax_2010.state_tax@hdp","name":"state_tax","description":null,"comment":null,"position":2,"type":"int","table":{"guid":"1c8f1506-4093-4503-974e-dcf6c8acf05d","typeName":"hive_table"}},"guid":"f4264b60-7b99-4295-be1d-2be163aecdf0","status":"ACTIVE","createdBy":"hive","updatedBy":"hive","createTime":1523603848506,"updateTime":1523603849035,"version":0,"classifications":[]},"e292cf0b-fdb4-4616-b79d-30da9f163967":{"typeName":"hive_storagedesc","attributes":{"bucketCols":null,"qualifiedName":"finance.tax_2010@hdp_storage","sortCols":null,"storedAsSubDirectories":false,"location":"hdfs://abajwa-dws-hortonia30.field.hortonworks.com:8020/hive_data/finance/tax_2010","compressed":false,"inputFormat":"org.apache.hadoop.mapred.TextInputFormat","outputFormat":"org.apache.hadoop.hive.ql.io.HiveIgnoreKeyTextOutputFormat","parameters":null,"table":{"guid":"1c8f1506-4093-4503-974e-dcf6c8acf05d","typeName":"hive_table"},"serdeInfo":{"typeName":"hive_serde","attributes":{"serializationLib":"org.apache.hadoop.hive.serde2.lazy.LazySimpleSerDe","name":null,"parameters":{"serialization.format":",","field.delim":","}}},"numBuckets":-1},"guid":"e292cf0b-fdb4-4616-b79d-30da9f163967","status":"ACTIVE","createdBy":"hive","updatedBy":"hive","createTime":1523603848506,"updateTime":1523603849035,"version":0,"classifications":[]},"427a798c-7385-4207-be97-57eb0349d078":{"typeName":"hive_column","attributes":{"owner":"hive","qualifiedName":"finance.tax_2010.ssn@hdp","name":"ssn","description":null,"comment":null,"position":0,"type":"string","table":{"guid":"1c8f1506-4093-4503-974e-dcf6c8acf05d","typeName":"hive_table"}},"guid":"427a798c-7385-4207-be97-57eb0349d078","status":"ACTIVE","createdBy":"hive","updatedBy":"hive","createTime":1523603848506,"updateTime":1523603849035,"version":0,"classifications":[]},"6193e364-5073-441c-8833-76a4b4fd6848":{"typeName":"hive_column","attributes":{"owner":"hive","qualifiedName":"finance.tax_2010.local_tax@hdp","name":"local_tax","description":null,"comment":null,"position":3,"type":"int","table":{"guid":"1c8f1506-4093-4503-974e-dcf6c8acf05d","typeName":"hive_table"}},"guid":"6193e364-5073-441c-8833-76a4b4fd6848","status":"ACTIVE","createdBy":"hive","updatedBy":"hive","createTime":1523603848506,"updateTime":1523603849035,"version":0,"classifications":[]}},"entity":{"typeName":"hive_table","attributes":{"owner":"hive","temporary":false,"lastAccessTime":1523603833000,"aliases":null,"qualifiedName":"finance.tax_2010@hdp","columns":[{"guid":"427a798c-7385-4207-be97-57eb0349d078","typeName":"hive_column"},{"guid":"65c321dc-983e-4a8d-9b65-a45323add3a8","typeName":"hive_column"},{"guid":"f4264b60-7b99-4295-be1d-2be163aecdf0","typeName":"hive_column"},{"guid":"6193e364-5073-441c-8833-76a4b4fd6848","typeName":"hive_column"}],"description":null,"viewExpandedText":null,"sd":{"guid":"e292cf0b-fdb4-4616-b79d-30da9f163967","typeName":"hive_storagedesc"},"tableType":"EXTERNAL_TABLE","createTime":1523603833000,"name":"tax_2010","comment":null,"partitionKeys":null,"parameters":{"transient_lastDdlTime":"1523603833","totalSize":"85","EXTERNAL":"TRUE","numFiles":"1"},"db":{"guid":"8282efd4-d817-475a-9653-04411ed06f83","typeName":"hive_db"},"retention":0,"viewOriginalText":null},"guid":"1c8f1506-4093-4503-974e-dcf6c8acf05d","status":"ACTIVE","createdBy":"hive","updatedBy":"hive","createTime":1523603848506,"updateTime":1523603849035,"version":0,"classifications":[]}}