{"referredEntities":{},"entity":{"typeName":"hive_column_lineage","attributes":{"owner":null,"outputs":[{"guid":"30ff549c-93ed-48a0-973e-340ba3995e0f","typeName":"hive_column"}],"expression":null,"qualifiedName":"claim.prov_view@hdp:1523603836000:providerid","inputs":[{"guid":"0fbfbed4-cd9c-4467-a06c-e3d6940e9e32","typeName":"hive_column"}],"query":{"guid":"f93437bb-9d89-4a25-861e-7b33729c31d4","typeName":"hive_process"},"name":"create view if not exists claim.prov_view as select * from claim.provider_summary:providerid","description":null,"depenendencyType":"SIMPLE"},"guid":"1d045443-b2df-41cf-86f6-c30941bed346","status":"ACTIVE","createdBy":"hive","updatedBy":"hive","createTime":1523603855692,"updateTime":1523603855692,"version":0,"classifications":[]}}