{"referredEntities":{},"entity":{"typeName":"hive_process","attributes":{"owner":null,"outputs":[{"guid":"5f2df048-1a2c-4a26-82ef-a6936fefe46e","typeName":"hive_table"}],"queryGraph":null,"recentQueries":["insert into erasure_master.data_erasure_trans select country, countryfull, insuranceid, marketingconsent, marketingconsentstartdate, loyaltyconsent from consent_master.consent_data limit 500"],"qualifiedName":"QUERY:consent_master.consent_data@hdp:1523603838000->:INSERT:erasure_master.data_erasure_trans@hdp:1523603923000","inputs":[{"guid":"83691495-05f4-41ca-a49e-4c8ed4c027a7","typeName":"hive_table"}],"description":null,"userName":"hive","queryId":"hive_20180413071843_54bd8d47-febe-4ba8-9792-bc88e0a11dc0","clusterName":"hdp","name":"insert into erasure_master.data_erasure_trans select country, countryfull, insuranceid, marketingconsent, marketingconsentstartdate, loyaltyconsent from consent_master.consent_data limit 500","queryText":"insert into erasure_master.data_erasure_trans select country, countryfull, insuranceid, marketingconsent, marketingconsentstartdate, loyaltyconsent from consent_master.consent_data limit 500","startTime":1523603923063,"operationType":"QUERY","queryPlan":"Not Supported","endTime":1523603927964},"guid":"1e07aa94-7449-42fe-a111-899d6ec6de95","status":"ACTIVE","createdBy":"hive","updatedBy":"hive","createTime":1523603981893,"updateTime":1523603983599,"version":0,"classifications":[]}}