{"referredEntities":{},"entity":{"typeName":"hive_column_lineage","attributes":{"owner":null,"outputs":[{"guid":"9d712eb1-8920-4e95-95df-b8230aca58bd","typeName":"hive_column"}],"expression":null,"qualifiedName":"QUERY:hortoniabank.ww_customers@hdp:1523603829000->:INSERT:hortoniabank.ww_customers_trans@hdp:1523603909000:state","inputs":[{"guid":"d9fd2548-9483-4b75-bdda-8a1515f725a4","typeName":"hive_column"}],"query":{"guid":"92ff2bb9-5bdc-4405-b3d4-39c7c05c7a9d","typeName":"hive_process"},"name":"insert into hortoniabank.ww_customers_trans select * from hortoniabank.ww_customers:state","description":null,"depenendencyType":"SIMPLE"},"guid":"1ecee698-fd49-46b5-8636-8e500aa225d2","status":"ACTIVE","createdBy":"hive","updatedBy":"hive","createTime":1523603936850,"updateTime":1523603936850,"version":0,"classifications":[]}}