{"referredEntities":{},"entity":{"typeName":"hive_column_lineage","attributes":{"owner":null,"outputs":[{"guid":"8ec2e8ca-e9bd-442d-b7d5-ca9ddfb9c2b9","typeName":"hive_column"}],"expression":null,"qualifiedName":"QUERY:hortoniabank.ww_customers@hdp:1523603829000->:INSERT:hortoniabank.ww_customers_trans@hdp:1523603909000:vehicle","inputs":[{"guid":"dd010fff-8ea4-462a-8cf9-e3bfd636c8cf","typeName":"hive_column"}],"query":{"guid":"92ff2bb9-5bdc-4405-b3d4-39c7c05c7a9d","typeName":"hive_process"},"name":"insert into hortoniabank.ww_customers_trans select * from hortoniabank.ww_customers:vehicle","description":null,"depenendencyType":"SIMPLE"},"guid":"1f27262d-ee5f-44a0-b3da-f8f50453c8fd","status":"ACTIVE","createdBy":"hive","updatedBy":"hive","createTime":1523603919220,"updateTime":1523603919220,"version":0,"classifications":[]}}