{"referredEntities":{},"entity":{"typeName":"hive_column_lineage","attributes":{"owner":null,"outputs":[{"guid":"f77db58f-3ff8-4d92-bb49-729e8aecf1ab","typeName":"hive_column"}],"expression":null,"qualifiedName":"QUERY:hortoniabank.ww_customers@hdp:1523603829000->:INSERT:hortoniabank.ww_customers_trans@hdp:1523603909000:birthday","inputs":[{"guid":"1f00a565-a900-4291-a4c7-dccc1af1ca15","typeName":"hive_column"}],"query":{"guid":"92ff2bb9-5bdc-4405-b3d4-39c7c05c7a9d","typeName":"hive_process"},"name":"insert into hortoniabank.ww_customers_trans select * from hortoniabank.ww_customers:birthday","description":null,"depenendencyType":"SIMPLE"},"guid":"20a003e3-774a-4dda-83f7-e5e2ed3bef09","status":"ACTIVE","createdBy":"hive","updatedBy":"hive","createTime":1523603929901,"updateTime":1523603929901,"version":0,"classifications":[]}}