{"referredEntities":{"56cda17b-cd4f-43e8-8f4d-6832caf2d80b":{"typeName":"hive_column","attributes":{"owner":"hive","qualifiedName":"hortoniabank.eu_countries.region@hdp","name":"region","description":null,"comment":null,"position":2,"type":"string","table":{"guid":"24c0e8a8-6cd7-426a-b2e6-e572ad7b7e87","typeName":"hive_table"}},"guid":"56cda17b-cd4f-43e8-8f4d-6832caf2d80b","status":"ACTIVE","createdBy":"hive","updatedBy":"admin","createTime":1511513315674,"updateTime":1521855544552,"version":0,"classifications":[]},"3bc534d3-564b-4040-9f28-c35454c60fe2":{"typeName":"hive_storagedesc","attributes":{"bucketCols":null,"qualifiedName":"hortoniabank.eu_countries@hdp_storage","sortCols":null,"storedAsSubDirectories":false,"location":"hdfs://demo.hortonworks.com:8020/hive_data/hortoniabank/eu_countries","compressed":false,"inputFormat":"org.apache.hadoop.mapred.TextInputFormat","outputFormat":"org.apache.hadoop.hive.ql.io.HiveIgnoreKeyTextOutputFormat","parameters":null,"table":{"guid":"24c0e8a8-6cd7-426a-b2e6-e572ad7b7e87","typeName":"hive_table"},"serdeInfo":{"typeName":"hive_serde","attributes":{"serializationLib":"org.apache.hadoop.hive.serde2.lazy.LazySimpleSerDe","name":null,"parameters":{"serialization.format":",","field.delim":","}}},"numBuckets":-1},"guid":"3bc534d3-564b-4040-9f28-c35454c60fe2","status":"ACTIVE","createdBy":"hive","updatedBy":"admin","createTime":1511513315674,"updateTime":1521855544552,"version":0,"classifications":[]},"82a1406c-853f-4af0-8d3d-8831b2a8dc36":{"typeName":"hive_column","attributes":{"owner":"hive","qualifiedName":"hortoniabank.eu_countries.countryname@hdp","name":"countryname","description":null,"comment":null,"position":0,"type":"string","table":{"guid":"24c0e8a8-6cd7-426a-b2e6-e572ad7b7e87","typeName":"hive_table"}},"guid":"82a1406c-853f-4af0-8d3d-8831b2a8dc36","status":"ACTIVE","createdBy":"hive","updatedBy":"admin","createTime":1511513315674,"updateTime":1521855544552,"version":0,"classifications":[]},"d3f9c1bd-2fae-43d0-8919-dd71b97666de":{"typeName":"hive_column","attributes":{"owner":"hive","qualifiedName":"hortoniabank.eu_countries.countrycode@hdp","name":"countrycode","description":null,"comment":null,"position":1,"type":"string","table":{"guid":"24c0e8a8-6cd7-426a-b2e6-e572ad7b7e87","typeName":"hive_table"}},"guid":"d3f9c1bd-2fae-43d0-8919-dd71b97666de","status":"ACTIVE","createdBy":"hive","updatedBy":"admin","createTime":1511513315674,"updateTime":1521855544552,"version":0,"classifications":[]}},"entity":{"typeName":"hive_table","attributes":{"owner":"hive","temporary":false,"lastAccessTime":1511511739000,"aliases":null,"qualifiedName":"hortoniabank.eu_countries@hdp","columns":[{"guid":"82a1406c-853f-4af0-8d3d-8831b2a8dc36","typeName":"hive_column"},{"guid":"d3f9c1bd-2fae-43d0-8919-dd71b97666de","typeName":"hive_column"},{"guid":"56cda17b-cd4f-43e8-8f4d-6832caf2d80b","typeName":"hive_column"}],"description":null,"viewExpandedText":null,"sd":{"guid":"3bc534d3-564b-4040-9f28-c35454c60fe2","typeName":"hive_storagedesc"},"tableType":"EXTERNAL_TABLE","createTime":1511511739000,"name":"eu_countries","comment":null,"partitionKeys":null,"parameters":{"transient_lastDdlTime":"1511511739","totalSize":"407","EXTERNAL":"TRUE","numFiles":"1"},"db":{"guid":"ddc8acbb-b10e-4d4d-83a8-3b2cd9e30363","typeName":"hive_db"},"retention":0,"viewOriginalText":null},"guid":"24c0e8a8-6cd7-426a-b2e6-e572ad7b7e87","status":"ACTIVE","createdBy":"hive","updatedBy":"admin","createTime":1511513315674,"updateTime":1521855544552,"version":0,"classifications":[{"typeName":"REFERENCE_DATA"}]}}