{"referredEntities":{},"entity":{"typeName":"hive_column_lineage","attributes":{"owner":null,"outputs":[{"guid":"cd1fb604-6e77-4713-9a31-0957c837cf16","typeName":"hive_column"}],"expression":null,"qualifiedName":"QUERY:hortoniabank.ww_customers@hdp:1523603829000->:INSERT:hortoniabank.ww_customers_trans@hdp:1523603909000:insuranceid","inputs":[{"guid":"fcc35a6b-ea54-49d3-af24-afa958c7e1ea","typeName":"hive_column"}],"query":{"guid":"92ff2bb9-5bdc-4405-b3d4-39c7c05c7a9d","typeName":"hive_process"},"name":"insert into hortoniabank.ww_customers_trans select * from hortoniabank.ww_customers:insuranceid","description":null,"depenendencyType":"SIMPLE"},"guid":"2510c833-242b-4b87-b2aa-5355b935bb94","status":"ACTIVE","createdBy":"hive","updatedBy":"hive","createTime":1523603930592,"updateTime":1523603930592,"version":0,"classifications":[]}}