{"referredEntities":{},"entity":{"typeName":"hive_column_lineage","attributes":{"owner":null,"outputs":[{"guid":"e6cca202-31a9-4860-a4e1-d4cee5eba9b6","typeName":"hive_column"}],"expression":null,"qualifiedName":"QUERY:hortoniabank.us_customers@hdp:1523603830000->:INSERT:hortoniabank.us_customers_trans@hdp:1523603916000:givenname","inputs":[{"guid":"29ff5f3f-8409-4b1f-b719-3e4fd8d5057c","typeName":"hive_column"}],"query":{"guid":"a894d186-47c4-4116-8741-4d0124e74a76","typeName":"hive_process"},"name":"insert into hortoniabank.us_customers_trans select * from hortoniabank.us_customers:givenname","description":null,"depenendencyType":"SIMPLE"},"guid":"2707c519-0254-4612-8de3-17c549f0f294","status":"ACTIVE","createdBy":"hive","updatedBy":"hive","createTime":1523603956363,"updateTime":1523603956363,"version":0,"classifications":[]}}