{"referredEntities":{},"entity":{"typeName":"hive_column_lineage","attributes":{"owner":null,"outputs":[{"guid":"8189c0fa-9525-4f3c-b083-b784779c268b","typeName":"hive_column"}],"expression":null,"qualifiedName":"claim.prov_view@hdp:1511511743000:totaldischarges","inputs":[{"guid":"08cb50ec-3c1b-4bbd-85ed-847459482adb","typeName":"hive_column"}],"query":{"guid":"48e5449d-9813-4801-bcb9-e70ada315f3f","typeName":"hive_process"},"name":"create view if not exists claim.prov_view as select * from claim.provider_summary:totaldischarges","description":null,"depenendencyType":"SIMPLE"},"guid":"28caf4a4-6a68-406a-b5f9-9f3d2e2e12e8","status":"ACTIVE","createdBy":"hive","updatedBy":"admin","createTime":1511513325287,"updateTime":1521855544552,"version":0,"classifications":[]}}