{"referredEntities":{},"entity":{"typeName":"hive_column_lineage","attributes":{"owner":null,"outputs":[{"guid":"7479b8ee-5df9-4ed3-8b92-a4f350690a1d","typeName":"hive_column"}],"expression":null,"qualifiedName":"QUERY:hortoniabank.us_customers@hdp:1523603830000->:INSERT:hortoniabank.us_customers_trans@hdp:1523603916000:company","inputs":[{"guid":"9f18266e-5f70-4602-9173-b4675e5b6b39","typeName":"hive_column"}],"query":{"guid":"a894d186-47c4-4116-8741-4d0124e74a76","typeName":"hive_process"},"name":"insert into hortoniabank.us_customers_trans select * from hortoniabank.us_customers:company","description":null,"depenendencyType":"SIMPLE"},"guid":"2ad6b83d-1a87-4094-a8a7-5ff7bfbc7d2f","status":"ACTIVE","createdBy":"hive","updatedBy":"hive","createTime":1523603952341,"updateTime":1523603952341,"version":0,"classifications":[]}}