{"referredEntities":{},"entity":{"typeName":"hive_process","attributes":{"owner":null,"outputs":[{"guid":"2e6c0c5d-8e4a-478d-ad5d-4c10ffdb58d7","typeName":"hive_table"}],"queryGraph":null,"recentQueries":["create external table if not exists finance.tax_2009 (\n                                    ssn string\n                                  , fed_tax int\n                                  , state_tax int\n                                  , local_tax int\n                                 ) row format delimited\n                                   fields terminated by ','\n                                   stored as textfile\n                                   location '/hive_data/finance/tax_2009'"],"qualifiedName":"finance.tax_2009@hdp:1523603832000","inputs":[{"guid":"894c312b-dfb1-48a3-baf8-6682171f0ef3","typeName":"hdfs_path"}],"description":null,"userName":"hive","queryId":"hive_20180413071712_d6b24511-7642-4b7d-ba85-2f163687539b","clusterName":"hdp","name":"create external table if not exists finance.tax_2009 (\n                                    ssn string\n                                  , fed_tax int\n                                  , state_tax int\n                                  , local_tax int\n                                 ) row format delimited\n                                   fields terminated by ','\n                                   stored as textfile\n                                   location '/hive_data/finance/tax_2009'","queryText":"create external table if not exists finance.tax_2009 (\n                                    ssn string\n                                  , fed_tax int\n                                  , state_tax int\n                                  , local_tax int\n                                 ) row format delimited\n                                   fields terminated by ','\n                                   stored as textfile\n                                   location '/hive_data/finance/tax_2009'","startTime":1523603832155,"operationType":"CREATETABLE","queryPlan":"Not Supported","endTime":1523603833124},"guid":"2cab0336-90f1-4fb6-88a8-5a3f1dbb3c55","status":"ACTIVE","createdBy":"hive","updatedBy":"hive","createTime":1523603848280,"updateTime":1523603848280,"version":0,"classifications":[]}}