{"referredEntities":{},"entity":{"typeName":"hive_column_lineage","attributes":{"owner":null,"outputs":[{"guid":"fa24e2b4-de4c-4500-85eb-045744c7c9e8","typeName":"hive_column"}],"expression":null,"qualifiedName":"claim.prov_view@hdp:1511511743000:providerstate","inputs":[{"guid":"2734c09e-79b3-4dd3-ba92-45f8b47d0f02","typeName":"hive_column"}],"query":{"guid":"48e5449d-9813-4801-bcb9-e70ada315f3f","typeName":"hive_process"},"name":"create view if not exists claim.prov_view as select * from claim.provider_summary:providerstate","description":null,"depenendencyType":"SIMPLE"},"guid":"2cf0df0b-d862-414a-891d-03f12ff3e26b","status":"ACTIVE","createdBy":"hive","updatedBy":"hive","createTime":1511513324766,"updateTime":1511513324766,"version":0,"classifications":[]}}