{"referredEntities":{"0ea57d1b-9c62-411d-8d68-ef48e6743683":{"typeName":"hive_storagedesc","attributes":{"bucketCols":null,"qualifiedName":"finance.tax_2009@hdp_storage","sortCols":null,"storedAsSubDirectories":false,"location":"hdfs://abajwa-dws-hortonia30.field.hortonworks.com:8020/hive_data/finance/tax_2009","compressed":false,"inputFormat":"org.apache.hadoop.mapred.TextInputFormat","outputFormat":"org.apache.hadoop.hive.ql.io.HiveIgnoreKeyTextOutputFormat","parameters":null,"table":{"guid":"2e6c0c5d-8e4a-478d-ad5d-4c10ffdb58d7","typeName":"hive_table"},"serdeInfo":{"typeName":"hive_serde","attributes":{"serializationLib":"org.apache.hadoop.hive.serde2.lazy.LazySimpleSerDe","name":null,"parameters":{"serialization.format":",","field.delim":","}}},"numBuckets":-1},"guid":"0ea57d1b-9c62-411d-8d68-ef48e6743683","status":"ACTIVE","createdBy":"hive","updatedBy":"hive","createTime":1523603847755,"updateTime":1523603848280,"version":0,"classifications":[]},"6e9f08ab-f884-46ba-955c-b87f67f3f76f":{"typeName":"hive_column","attributes":{"owner":"hive","qualifiedName":"finance.tax_2009.state_tax@hdp","name":"state_tax","description":null,"comment":null,"position":2,"type":"int","table":{"guid":"2e6c0c5d-8e4a-478d-ad5d-4c10ffdb58d7","typeName":"hive_table"}},"guid":"6e9f08ab-f884-46ba-955c-b87f67f3f76f","status":"ACTIVE","createdBy":"hive","updatedBy":"hive","createTime":1523603847755,"updateTime":1523603848280,"version":0,"classifications":[]},"bdff8967-5d9e-4245-a875-202bfc10fbcf":{"typeName":"hive_column","attributes":{"owner":"hive","qualifiedName":"finance.tax_2009.ssn@hdp","name":"ssn","description":null,"comment":null,"position":0,"type":"string","table":{"guid":"2e6c0c5d-8e4a-478d-ad5d-4c10ffdb58d7","typeName":"hive_table"}},"guid":"bdff8967-5d9e-4245-a875-202bfc10fbcf","status":"ACTIVE","createdBy":"hive","updatedBy":"hive","createTime":1523603847755,"updateTime":1523603848280,"version":0,"classifications":[]},"12513f40-c4c0-4428-ac57-b959f1dcf7bf":{"typeName":"hive_column","attributes":{"owner":"hive","qualifiedName":"finance.tax_2009.fed_tax@hdp","name":"fed_tax","description":null,"comment":null,"position":1,"type":"int","table":{"guid":"2e6c0c5d-8e4a-478d-ad5d-4c10ffdb58d7","typeName":"hive_table"}},"guid":"12513f40-c4c0-4428-ac57-b959f1dcf7bf","status":"ACTIVE","createdBy":"hive","updatedBy":"hive","createTime":1523603847755,"updateTime":1523603848280,"version":0,"classifications":[]},"fd5fbf40-8435-4b1a-bdd1-823ce19d5efc":{"typeName":"hive_column","attributes":{"owner":"hive","qualifiedName":"finance.tax_2009.local_tax@hdp","name":"local_tax","description":null,"comment":null,"position":3,"type":"int","table":{"guid":"2e6c0c5d-8e4a-478d-ad5d-4c10ffdb58d7","typeName":"hive_table"}},"guid":"fd5fbf40-8435-4b1a-bdd1-823ce19d5efc","status":"ACTIVE","createdBy":"hive","updatedBy":"hive","createTime":1523603847755,"updateTime":1523603848280,"version":0,"classifications":[]}},"entity":{"typeName":"hive_table","attributes":{"owner":"hive","temporary":false,"lastAccessTime":1523603832000,"aliases":null,"qualifiedName":"finance.tax_2009@hdp","columns":[{"guid":"bdff8967-5d9e-4245-a875-202bfc10fbcf","typeName":"hive_column"},{"guid":"12513f40-c4c0-4428-ac57-b959f1dcf7bf","typeName":"hive_column"},{"guid":"6e9f08ab-f884-46ba-955c-b87f67f3f76f","typeName":"hive_column"},{"guid":"fd5fbf40-8435-4b1a-bdd1-823ce19d5efc","typeName":"hive_column"}],"description":null,"viewExpandedText":null,"sd":{"guid":"0ea57d1b-9c62-411d-8d68-ef48e6743683","typeName":"hive_storagedesc"},"tableType":"EXTERNAL_TABLE","createTime":1523603832000,"name":"tax_2009","comment":null,"partitionKeys":null,"parameters":{"transient_lastDdlTime":"1523603832","totalSize":"85","EXTERNAL":"TRUE","numFiles":"1"},"db":{"guid":"8282efd4-d817-475a-9653-04411ed06f83","typeName":"hive_db"},"retention":0,"viewOriginalText":null},"guid":"2e6c0c5d-8e4a-478d-ad5d-4c10ffdb58d7","status":"ACTIVE","createdBy":"hive","updatedBy":"hive","createTime":1523603847755,"updateTime":1523603848280,"version":0,"classifications":[]}}