{"referredEntities":{},"entity":{"typeName":"hive_column_lineage","attributes":{"owner":null,"outputs":[{"guid":"27055261-412b-4386-a4d6-da7d0303a80d","typeName":"hive_column"}],"expression":null,"qualifiedName":"QUERY:hortoniabank.ww_customers@hdp:1523603829000->:INSERT:hortoniabank.ww_customers_trans@hdp:1523603909000:weight","inputs":[{"guid":"668c87d7-d608-4eda-8806-e74ae8891c6c","typeName":"hive_column"}],"query":{"guid":"92ff2bb9-5bdc-4405-b3d4-39c7c05c7a9d","typeName":"hive_process"},"name":"insert into hortoniabank.ww_customers_trans select * from hortoniabank.ww_customers:weight","description":null,"depenendencyType":"SIMPLE"},"guid":"2f4fef3d-051b-419c-9199-96ab58342122","status":"ACTIVE","createdBy":"hive","updatedBy":"hive","createTime":1523603927703,"updateTime":1523603927703,"version":0,"classifications":[]}}