{"referredEntities":{},"entity":{"typeName":"hdfs_path","attributes":{"owner":null,"modifiedTime":0,"isFile":false,"numberOfReplicas":0,"qualifiedName":"hdfs://abajwa-dws-hortonia30.field.hortonworks.com:8020/hive_data/finance/tax_2015","description":null,"extendedAttributes":null,"path":"hdfs://abajwa-dws-hortonia30.field.hortonworks.com:8020/hive_data/finance/tax_2015","posixPermissions":null,"createTime":0,"fileSize":0,"clusterName":"hdp","name":"/hive_data/finance/tax_2015","isSymlink":false,"group":null},"guid":"30b41ae5-cda0-4016-a023-28dfac2e1c78","status":"ACTIVE","createdBy":"hive","updatedBy":"hive","createTime":1523603850014,"updateTime":1523603850014,"version":0,"classifications":[]}}