{"referredEntities":{},"entity":{"typeName":"hive_column_lineage","attributes":{"owner":null,"outputs":[{"guid":"42f0324b-ac73-4bd6-8d10-3018afd582d6","typeName":"hive_column"}],"expression":null,"qualifiedName":"claim.prov_view@hdp:1523603836000:providerreferralregion","inputs":[{"guid":"d25f91ed-f287-4d4d-adf4-5717d101adfe","typeName":"hive_column"}],"query":{"guid":"f93437bb-9d89-4a25-861e-7b33729c31d4","typeName":"hive_process"},"name":"create view if not exists claim.prov_view as select * from claim.provider_summary:providerreferralregion","description":null,"depenendencyType":"SIMPLE"},"guid":"32a0ff15-fc8e-44d0-98a5-c95856be856d","status":"ACTIVE","createdBy":"hive","updatedBy":"hive","createTime":1523603854536,"updateTime":1523603854536,"version":0,"classifications":[]}}