{"referredEntities":{},"entity":{"typeName":"hive_column_lineage","attributes":{"owner":null,"outputs":[{"guid":"92fefed1-5c16-4de4-ac5a-c727e1399acc","typeName":"hive_column"}],"expression":null,"qualifiedName":"QUERY:consent_master.consent_data@hdp:1523603838000->:INSERT:erasure_master.data_erasure_trans@hdp:1523603923000:countryfull","inputs":[{"guid":"7f165586-9b8c-4ed1-a88d-b7c99a345c4c","typeName":"hive_column"}],"query":{"guid":"1e07aa94-7449-42fe-a111-899d6ec6de95","typeName":"hive_process"},"name":"insert into erasure_master.data_erasure_trans select country, countryfull, insuranceid, marketingconsent, marketingconsentstartdate, loyaltyconsent from consent_master.consent_data limit 500:countryfull","description":null,"depenendencyType":"SIMPLE"},"guid":"368eb3df-fd4e-40af-860f-35f857cc0773","status":"ACTIVE","createdBy":"hive","updatedBy":"hive","createTime":1523603982431,"updateTime":1523603982431,"version":0,"classifications":[]}}