{"referredEntities":{},"entity":{"typeName":"hive_column_lineage","attributes":{"owner":null,"outputs":[{"guid":"93c8fb75-f1ce-48c9-92cb-7d41e58fc81d","typeName":"hive_column"}],"expression":null,"qualifiedName":"QUERY:consent_master.consent_data@hdp:1523603838000->:INSERT:erasure_master.data_erasure_trans@hdp:1523603923000:erasureoverride","inputs":[{"guid":"5ab6bda5-42e0-4693-bddb-e3351ae80b15","typeName":"hive_column"}],"query":{"guid":"1e07aa94-7449-42fe-a111-899d6ec6de95","typeName":"hive_process"},"name":"insert into erasure_master.data_erasure_trans select country, countryfull, insuranceid, marketingconsent, marketingconsentstartdate, loyaltyconsent from consent_master.consent_data limit 500:erasureoverride","description":null,"depenendencyType":"SIMPLE"},"guid":"368f8320-f80f-4cf6-8ec9-3b33b8115f03","status":"ACTIVE","createdBy":"hive","updatedBy":"hive","createTime":1523603982152,"updateTime":1523603982152,"version":0,"classifications":[]}}