{"referredEntities":{},"entity":{"typeName":"hdfs_path","attributes":{"owner":null,"modifiedTime":0,"isFile":false,"numberOfReplicas":0,"qualifiedName":"hdfs://abajwa-dws-hortonia30.field.hortonworks.com:8020/hive_data/hortoniabank/eu_countries","description":null,"extendedAttributes":null,"path":"hdfs://abajwa-dws-hortonia30.field.hortonworks.com:8020/hive_data/hortoniabank/eu_countries","posixPermissions":null,"createTime":0,"fileSize":0,"clusterName":"hdp","name":"/hive_data/hortoniabank/eu_countries","isSymlink":false,"group":null},"guid":"3848fd89-a206-4600-87cd-f78111312a17","status":"ACTIVE","createdBy":"hive","updatedBy":"hive","createTime":1523603847266,"updateTime":1523603847266,"version":0,"classifications":[]}}