{"referredEntities":{},"entity":{"typeName":"hive_column_lineage","attributes":{"owner":null,"outputs":[{"guid":"d2c63c83-67e7-4e7c-a77c-ab4edbd0139f","typeName":"hive_column"}],"expression":null,"qualifiedName":"claim.claims_view@hdp:1523603836000:claimid","inputs":[{"guid":"8b03a0fa-0783-4689-a017-aa9b20a0c43f","typeName":"hive_column"}],"query":{"guid":"aaa47333-9ec3-4880-bcfe-aa84be9d6426","typeName":"hive_process"},"name":"create view if not exists claim.claims_view as select * from cost_savings.claim_savings:claimid","description":null,"depenendencyType":"SIMPLE"},"guid":"392827dd-4f71-4792-96b7-174229ea1cfa","status":"ACTIVE","createdBy":"hive","updatedBy":"hive","createTime":1523603861688,"updateTime":1523603861688,"version":0,"classifications":[]}}