{"referredEntities":{},"entity":{"typeName":"hive_column_lineage","attributes":{"owner":null,"outputs":[{"guid":"d75f1e59-4331-4b3d-8345-bc16bebd5c73","typeName":"hive_column"}],"expression":null,"qualifiedName":"QUERY:consent_master.consent_data@hdp:1523603838000->:INSERT:consent_master.consent_data_trans@hdp:1523603886000:marketingconsent","inputs":[{"guid":"e747ac3d-d9b2-4a77-b102-c0650f545f09","typeName":"hive_column"}],"query":{"guid":"98fe8b4f-5621-4be1-88fb-405139cd6e32","typeName":"hive_process"},"name":"insert into consent_master.consent_data_trans select * from consent_master.consent_data:marketingconsent","description":null,"depenendencyType":"SIMPLE"},"guid":"3ba050e8-199d-401e-8ec3-5b18e17f1ae3","status":"ACTIVE","createdBy":"hive","updatedBy":"hive","createTime":1523603911078,"updateTime":1523603911078,"version":0,"classifications":[]}}