{"referredEntities":{},"entity":{"typeName":"hive_column_lineage","attributes":{"owner":null,"outputs":[{"guid":"309dbf93-c27a-4b1a-a66b-d4edd3bde55b","typeName":"hive_column"}],"expression":null,"qualifiedName":"QUERY:consent_master.consent_data@hdp:1523603838000->:INSERT:consent_master.consent_data_trans@hdp:1523603886000:thirdpartyconsentstartdate","inputs":[{"guid":"0610ece6-8087-4664-8cab-75001b3045f7","typeName":"hive_column"}],"query":{"guid":"98fe8b4f-5621-4be1-88fb-405139cd6e32","typeName":"hive_process"},"name":"insert into consent_master.consent_data_trans select * from consent_master.consent_data:thirdpartyconsentstartdate","description":null,"depenendencyType":"SIMPLE"},"guid":"3cc4addd-4374-4da6-ae37-d85535864d55","status":"ACTIVE","createdBy":"hive","updatedBy":"hive","createTime":1523603912530,"updateTime":1523603912530,"version":0,"classifications":[]}}