{"referredEntities":{"f41c56d5-f78e-4611-bec6-5cb58a5b894c":{"typeName":"hive_storagedesc","attributes":{"bucketCols":null,"qualifiedName":"finance.tax_2010@hdp_storage","sortCols":null,"storedAsSubDirectories":false,"location":"hdfs://demo.hortonworks.com:8020/hive_data/finance/tax_2010","compressed":false,"inputFormat":"org.apache.hadoop.mapred.TextInputFormat","outputFormat":"org.apache.hadoop.hive.ql.io.HiveIgnoreKeyTextOutputFormat","parameters":null,"table":{"guid":"3de3fcf0-63fb-479f-a19d-885e4814453e","typeName":"hive_table"},"serdeInfo":{"typeName":"hive_serde","attributes":{"serializationLib":"org.apache.hadoop.hive.serde2.lazy.LazySimpleSerDe","name":null,"parameters":{"serialization.format":",","field.delim":","}}},"numBuckets":-1},"guid":"f41c56d5-f78e-4611-bec6-5cb58a5b894c","status":"ACTIVE","createdBy":"hive","updatedBy":"admin","createTime":1511513317973,"updateTime":1521855544552,"version":0,"classifications":[]},"53bb1336-d6ce-4141-bce6-65bf3d9eb461":{"typeName":"hive_column","attributes":{"owner":"hive","qualifiedName":"finance.tax_2010.state_tax@hdp","name":"state_tax","description":null,"comment":null,"position":2,"type":"int","table":{"guid":"3de3fcf0-63fb-479f-a19d-885e4814453e","typeName":"hive_table"}},"guid":"53bb1336-d6ce-4141-bce6-65bf3d9eb461","status":"ACTIVE","createdBy":"hive","updatedBy":"admin","createTime":1511513317973,"updateTime":1521855544552,"version":0,"classifications":[]},"3f04156b-9ccb-44dc-a3f2-5fe5ff1459d4":{"typeName":"hive_column","attributes":{"owner":"hive","qualifiedName":"finance.tax_2010.ssn@hdp","name":"ssn","description":null,"comment":null,"position":0,"type":"string","table":{"guid":"3de3fcf0-63fb-479f-a19d-885e4814453e","typeName":"hive_table"}},"guid":"3f04156b-9ccb-44dc-a3f2-5fe5ff1459d4","status":"ACTIVE","createdBy":"hive","updatedBy":"admin","createTime":1511513317973,"updateTime":1521855544552,"version":0,"classifications":[{"typeName":"FINANCE_PII","attributes":{"type":"finance"}}]},"bd351779-f704-4b7c-a817-705d9196baa0":{"typeName":"hive_column","attributes":{"owner":"hive","qualifiedName":"finance.tax_2010.local_tax@hdp","name":"local_tax","description":null,"comment":null,"position":3,"type":"int","table":{"guid":"3de3fcf0-63fb-479f-a19d-885e4814453e","typeName":"hive_table"}},"guid":"bd351779-f704-4b7c-a817-705d9196baa0","status":"ACTIVE","createdBy":"hive","updatedBy":"admin","createTime":1511513317973,"updateTime":1521855544552,"version":0,"classifications":[]},"104b2fd8-89d7-4764-bb3f-0690b8fc767c":{"typeName":"hive_column","attributes":{"owner":"hive","qualifiedName":"finance.tax_2010.fed_tax@hdp","name":"fed_tax","description":null,"comment":null,"position":1,"type":"int","table":{"guid":"3de3fcf0-63fb-479f-a19d-885e4814453e","typeName":"hive_table"}},"guid":"104b2fd8-89d7-4764-bb3f-0690b8fc767c","status":"ACTIVE","createdBy":"hive","updatedBy":"admin","createTime":1511513317973,"updateTime":1521855544552,"version":0,"classifications":[{"typeName":"EXPIRES_ON","attributes":{"expiry_date":"2016-12-31T00:00:00.000Z"}}]}},"entity":{"typeName":"hive_table","attributes":{"owner":"hive","temporary":false,"lastAccessTime":1511511741000,"aliases":null,"qualifiedName":"finance.tax_2010@hdp","columns":[{"guid":"3f04156b-9ccb-44dc-a3f2-5fe5ff1459d4","typeName":"hive_column"},{"guid":"104b2fd8-89d7-4764-bb3f-0690b8fc767c","typeName":"hive_column"},{"guid":"53bb1336-d6ce-4141-bce6-65bf3d9eb461","typeName":"hive_column"},{"guid":"bd351779-f704-4b7c-a817-705d9196baa0","typeName":"hive_column"}],"description":null,"viewExpandedText":null,"sd":{"guid":"f41c56d5-f78e-4611-bec6-5cb58a5b894c","typeName":"hive_storagedesc"},"tableType":"EXTERNAL_TABLE","createTime":1511511741000,"name":"tax_2010","comment":null,"partitionKeys":null,"parameters":{"transient_lastDdlTime":"1511511741","totalSize":"85","EXTERNAL":"TRUE","numFiles":"1"},"db":{"guid":"39bd553e-100c-48fa-94e6-2c975166cda4","typeName":"hive_db"},"retention":0,"viewOriginalText":null},"guid":"3de3fcf0-63fb-479f-a19d-885e4814453e","status":"ACTIVE","createdBy":"hive","updatedBy":"admin","createTime":1511513317973,"updateTime":1521855544552,"version":0,"classifications":[]}}