{"referredEntities":{},"entity":{"typeName":"hive_column_lineage","attributes":{"owner":null,"outputs":[{"guid":"3f64754e-805f-4ca7-bd5e-aeba7ba83894","typeName":"hive_column"}],"expression":null,"qualifiedName":"claim.prov_view@hdp:1523603836000:providerzip","inputs":[{"guid":"cf109da5-7a23-4236-8e8b-5ecf50ae0538","typeName":"hive_column"}],"query":{"guid":"f93437bb-9d89-4a25-861e-7b33729c31d4","typeName":"hive_process"},"name":"create view if not exists claim.prov_view as select * from claim.provider_summary:providerzip","description":null,"depenendencyType":"SIMPLE"},"guid":"3f276e65-67a8-40b7-a3a3-834090fb2b5d","status":"ACTIVE","createdBy":"hive","updatedBy":"hive","createTime":1523603858224,"updateTime":1523603858224,"version":0,"classifications":[]}}