{"referredEntities":{},"entity":{"typeName":"hive_process","attributes":{"owner":null,"outputs":[{"guid":"ba1d0474-b388-448c-8951-aa5c76e694c6","typeName":"hive_table"}],"queryGraph":null,"recentQueries":["create external table if not exists hortoniabank.us_customers(\n                                    number               string\n                                  , gender               string\n                                  , title                string\n                                  , givenname            string\n                                  , middleinitial        string\n                                  , surname              string\n                                  , streetaddress        string\n                                  , city                 string\n                                  , state                string\n                                  , statefull            string\n                                  , zipcode              string\n                                  , country              string\n                                  , countryfull          string\n                                  , emailaddress         string\n                                  , username             string\n                                  , password             string\n                                  , telephonenumber      string\n                                  , telephonecountrycode string\n                                  , mothersmaiden        string\n                                  , birthday             string\n                                  , age                  int\n                                  , tropicalzodiac       string\n                                  , cctype               string\n                                  , ccnumber             string\n                                  , cvv2                 string\n                                  , ccexpires            string\n                                  , nationalid           string\n                                  , mrn                  string\n                                  , insuranceid          string\n                                  , eyecolor             string\n                                  , occupation           string\n                                  , company              string\n                                  , vehicle              string\n                                  , domain               string\n                                  , bloodtype            string\n                                  , weight               double\n                                  , height               int\n                                  , latitude             double\n                                  , longitude            double\n                                 ) row format delimited\n                                   fields terminated by ','\n                                   stored as textfile\n                                   location '/hive_data/hortoniabank/us_customers'\n\t\t\t\t   tblproperties(\"skip.header.line.count\"=\"1\")"],"qualifiedName":"hortoniabank.us_customers@hdp:1523603830000","inputs":[{"guid":"8be769f1-71de-4c19-aeb5-5068da2276d0","typeName":"hdfs_path"}],"description":null,"userName":"hive","queryId":"hive_20180413071710_3df72c68-ecd6-4dd6-995a-34dd028093df","clusterName":"hdp","name":"create external table if not exists hortoniabank.us_customers(\n                                    number               string\n                                  , gender               string\n                                  , title                string\n                                  , givenname            string\n                                  , middleinitial        string\n                                  , surname              string\n                                  , streetaddress        string\n                                  , city                 string\n                                  , state                string\n                                  , statefull            string\n                                  , zipcode              string\n                                  , country              string\n                                  , countryfull          string\n                                  , emailaddress         string\n                                  , username             string\n                                  , password             string\n                                  , telephonenumber      string\n                                  , telephonecountrycode string\n                                  , mothersmaiden        string\n                                  , birthday             string\n                                  , age                  int\n                                  , tropicalzodiac       string\n                                  , cctype               string\n                                  , ccnumber             string\n                                  , cvv2                 string\n                                  , ccexpires            string\n                                  , nationalid           string\n                                  , mrn                  string\n                                  , insuranceid          string\n                                  , eyecolor             string\n                                  , occupation           string\n                                  , company              string\n                                  , vehicle              string\n                                  , domain               string\n                                  , bloodtype            string\n                                  , weight               double\n                                  , height               int\n                                  , latitude             double\n                                  , longitude            double\n                                 ) row format delimited\n                                   fields terminated by ','\n                                   stored as textfile\n                                   location '/hive_data/hortoniabank/us_customers'\n\t\t\t\t   tblproperties(\"skip.header.line.count\"=\"1\")","queryText":"create external table if not exists hortoniabank.us_customers(\n                                    number               string\n                                  , gender               string\n                                  , title                string\n                                  , givenname            string\n                                  , middleinitial        string\n                                  , surname              string\n                                  , streetaddress        string\n                                  , city                 string\n                                  , state                string\n                                  , statefull            string\n                                  , zipcode              string\n                                  , country              string\n                                  , countryfull          string\n                                  , emailaddress         string\n                                  , username             string\n                                  , password             string\n                                  , telephonenumber      string\n                                  , telephonecountrycode string\n                                  , mothersmaiden        string\n                                  , birthday             string\n                                  , age                  int\n                                  , tropicalzodiac       string\n                                  , cctype               string\n                                  , ccnumber             string\n                                  , cvv2                 string\n                                  , ccexpires            string\n                                  , nationalid           string\n                                  , mrn                  string\n                                  , insuranceid          string\n                                  , eyecolor             string\n                                  , occupation           string\n                                  , company              string\n                                  , vehicle              string\n                                  , domain               string\n                                  , bloodtype            string\n                                  , weight               double\n                                  , height               int\n                                  , latitude             double\n                                  , longitude            double\n                                 ) row format delimited\n                                   fields terminated by ','\n                                   stored as textfile\n                                   location '/hive_data/hortoniabank/us_customers'\n\t\t\t\t   tblproperties(\"skip.header.line.count\"=\"1\")","startTime":1523603830001,"operationType":"CREATETABLE","queryPlan":"Not Supported","endTime":1523603831344},"guid":"417816cb-b5fc-4bec-ba6c-727f90a021c3","status":"ACTIVE","createdBy":"hive","updatedBy":"hive","createTime":1523603846033,"updateTime":1523603846033,"version":0,"classifications":[]}}