{"referredEntities":{},"entity":{"typeName":"hive_column_lineage","attributes":{"owner":null,"outputs":[{"guid":"ea3f501f-fbb6-45e2-aa95-253cdc73dd09","typeName":"hive_column"}],"expression":null,"qualifiedName":"QUERY:hortoniabank.us_customers@hdp:1523603830000->:INSERT:hortoniabank.us_customers_trans@hdp:1523603916000:number","inputs":[{"guid":"13476ee6-435a-4d45-a1ab-a2b14ea47a23","typeName":"hive_column"}],"query":{"guid":"a894d186-47c4-4116-8741-4d0124e74a76","typeName":"hive_process"},"name":"insert into hortoniabank.us_customers_trans select * from hortoniabank.us_customers:number","description":null,"depenendencyType":"SIMPLE"},"guid":"44a0db02-1906-4f7f-9c21-f25d3bf24c12","status":"ACTIVE","createdBy":"hive","updatedBy":"hive","createTime":1523603957106,"updateTime":1523603957106,"version":0,"classifications":[]}}