{"referredEntities":{},"entity":{"typeName":"hive_column_lineage","attributes":{"owner":null,"outputs":[{"guid":"03d29c65-798a-48b3-8fd4-f6e1769b394d","typeName":"hive_column"}],"expression":null,"qualifiedName":"claim.claims_view@hdp:1523603836000:eligibilitycode","inputs":[{"guid":"36796e44-328d-4826-b2db-811d07e2190c","typeName":"hive_column"}],"query":{"guid":"aaa47333-9ec3-4880-bcfe-aa84be9d6426","typeName":"hive_process"},"name":"create view if not exists claim.claims_view as select * from cost_savings.claim_savings:eligibilitycode","description":null,"depenendencyType":"SIMPLE"},"guid":"46c018fd-0094-4029-8089-e75c7482d7b4","status":"ACTIVE","createdBy":"hive","updatedBy":"hive","createTime":1523603860915,"updateTime":1523603860915,"version":0,"classifications":[]}}