{"referredEntities":{},"entity":{"typeName":"hive_column_lineage","attributes":{"owner":null,"outputs":[{"guid":"cdf532b6-62dd-4815-a361-11cd0ce6b6b9","typeName":"hive_column"}],"expression":null,"qualifiedName":"QUERY:hortoniabank.us_customers@hdp:1523603830000->:INSERT:hortoniabank.us_customers_trans@hdp:1523603916000:mrn","inputs":[{"guid":"7c8f2097-e32e-417d-9db1-6f0456c88bf0","typeName":"hive_column"}],"query":{"guid":"a894d186-47c4-4116-8741-4d0124e74a76","typeName":"hive_process"},"name":"insert into hortoniabank.us_customers_trans select * from hortoniabank.us_customers:mrn","description":null,"depenendencyType":"SIMPLE"},"guid":"4828dd09-d6f1-4b45-8a2a-1194faf43337","status":"ACTIVE","createdBy":"hive","updatedBy":"hive","createTime":1523603966668,"updateTime":1523603966668,"version":0,"classifications":[]}}