{"referredEntities":{},"entity":{"typeName":"hive_column_lineage","attributes":{"owner":null,"outputs":[{"guid":"4f27c3ed-97b4-4990-895f-be271e44355d","typeName":"hive_column"}],"expression":null,"qualifiedName":"claim.claims_view@hdp:1511511743000:costsavings","inputs":[{"guid":"c3500a82-4177-47f0-9fef-8891d500ea20","typeName":"hive_column"}],"query":{"guid":"4ec0a67e-da9f-4421-9067-dd4dc81596e0","typeName":"hive_process"},"name":"create view if not exists claim.claims_view as select * from cost_savings.claim_savings:costsavings","description":null,"depenendencyType":"SIMPLE"},"guid":"4863b0e4-8fe9-44b0-8b2d-5ff0f879a69c","status":"ACTIVE","createdBy":"hive","updatedBy":"admin","createTime":1511513330908,"updateTime":1523604597968,"version":0,"classifications":[]}}