{"referredEntities":{},"entity":{"typeName":"hive_process","attributes":{"owner":null,"outputs":[{"guid":"931e0915-f329-476c-bd10-b46f54eb8700","typeName":"hive_table"}],"queryGraph":null,"recentQueries":["create view if not exists claim.prov_view as select * from claim.provider_summary"],"qualifiedName":"claim.prov_view@hdp:1511511743000","inputs":[{"guid":"9ca5f18e-93ff-45b4-a90d-8a5833c06f4e","typeName":"hive_table"}],"description":null,"userName":"hive","queryId":"hive_20171124082222_17819bb5-cc64-4e9a-be7b-cde2abadf674","clusterName":"hdp","name":"create view if not exists claim.prov_view as select * from claim.provider_summary","queryText":"create view if not exists claim.prov_view as select * from claim.provider_summary","startTime":1511511742938,"operationType":"CREATEVIEW","queryPlan":"Not Supported","endTime":1511511743416},"guid":"48e5449d-9813-4801-bcb9-e70ada315f3f","status":"ACTIVE","createdBy":"hive","updatedBy":"admin","createTime":1511513322408,"updateTime":1521855544552,"version":0,"classifications":[]}}