{"referredEntities":{},"entity":{"typeName":"hive_column_lineage","attributes":{"owner":null,"outputs":[{"guid":"bd71a179-b693-40bf-83e7-a67b3e306eaf","typeName":"hive_column"}],"expression":null,"qualifiedName":"QUERY:hortoniabank.ww_customers@hdp:1523603829000->:INSERT:hortoniabank.ww_customers_trans@hdp:1523603909000:telephonenumber","inputs":[{"guid":"0224bddc-c82b-4abd-bddb-a70cc1e8037b","typeName":"hive_column"}],"query":{"guid":"92ff2bb9-5bdc-4405-b3d4-39c7c05c7a9d","typeName":"hive_process"},"name":"insert into hortoniabank.ww_customers_trans select * from hortoniabank.ww_customers:telephonenumber","description":null,"depenendencyType":"SIMPLE"},"guid":"4de42c68-e5df-4f90-97b6-b3fdd4515b5a","status":"ACTIVE","createdBy":"hive","updatedBy":"hive","createTime":1523603926311,"updateTime":1523603926311,"version":0,"classifications":[]}}