{"referredEntities":{},"entity":{"typeName":"hive_process","attributes":{"owner":null,"outputs":[{"guid":"7435226d-dfc0-4a10-942b-caf9de2f46be","typeName":"hive_table"}],"queryGraph":null,"recentQueries":["create view if not exists claim.claims_view as select * from cost_savings.claim_savings"],"qualifiedName":"claim.claims_view@hdp:1511511743000","inputs":[{"guid":"054b210b-3c48-4c95-ba4f-51153bbd573e","typeName":"hive_table"}],"description":null,"userName":"hive","queryId":"hive_20171124082223_8bcebea1-0757-4c44-9bb2-130271361028","clusterName":"hdp","name":"create view if not exists claim.claims_view as select * from cost_savings.claim_savings","queryText":"create view if not exists claim.claims_view as select * from cost_savings.claim_savings","startTime":1511511743377,"operationType":"CREATEVIEW","queryPlan":"Not Supported","endTime":1511511743757},"guid":"4ec0a67e-da9f-4421-9067-dd4dc81596e0","status":"ACTIVE","createdBy":"hive","updatedBy":"admin","createTime":1511513328553,"updateTime":1523604597968,"version":0,"classifications":[]}}