{"referredEntities":{"cdf532b6-62dd-4815-a361-11cd0ce6b6b9":{"typeName":"hive_column","attributes":{"owner":"hive","qualifiedName":"hortoniabank.us_customers_trans.mrn@hdp","name":"mrn","description":null,"comment":null,"position":27,"type":"string","table":{"guid":"50966110-008b-404b-932e-621e50b00eb8","typeName":"hive_table"}},"guid":"cdf532b6-62dd-4815-a361-11cd0ce6b6b9","status":"ACTIVE","createdBy":"hive","updatedBy":"hive","createTime":1523603949630,"updateTime":1523603980233,"version":0,"classifications":[]},"7479b8ee-5df9-4ed3-8b92-a4f350690a1d":{"typeName":"hive_column","attributes":{"owner":"hive","qualifiedName":"hortoniabank.us_customers_trans.company@hdp","name":"company","description":null,"comment":null,"position":31,"type":"string","table":{"guid":"50966110-008b-404b-932e-621e50b00eb8","typeName":"hive_table"}},"guid":"7479b8ee-5df9-4ed3-8b92-a4f350690a1d","status":"ACTIVE","createdBy":"hive","updatedBy":"hive","createTime":1523603949630,"updateTime":1523603980233,"version":0,"classifications":[]},"c8a94a08-0a15-48e7-a393-a3e5746a334e":{"typeName":"hive_column","attributes":{"owner":"hive","qualifiedName":"hortoniabank.us_customers_trans.cvv2@hdp","name":"cvv2","description":null,"comment":null,"position":24,"type":"string","table":{"guid":"50966110-008b-404b-932e-621e50b00eb8","typeName":"hive_table"}},"guid":"c8a94a08-0a15-48e7-a393-a3e5746a334e","status":"ACTIVE","createdBy":"hive","updatedBy":"hive","createTime":1523603949630,"updateTime":1523603980233,"version":0,"classifications":[]},"4fa6ee75-2660-4ec2-af69-ecfae4ec76af":{"typeName":"hive_column","attributes":{"owner":"hive","qualifiedName":"hortoniabank.us_customers_trans.country@hdp","name":"country","description":null,"comment":null,"position":11,"type":"string","table":{"guid":"50966110-008b-404b-932e-621e50b00eb8","typeName":"hive_table"}},"guid":"4fa6ee75-2660-4ec2-af69-ecfae4ec76af","status":"ACTIVE","createdBy":"hive","updatedBy":"hive","createTime":1523603949630,"updateTime":1523603980233,"version":0,"classifications":[]},"f962076c-ba01-4225-859f-aa7eaa0ea89d":{"typeName":"hive_column","attributes":{"owner":"hive","qualifiedName":"hortoniabank.us_customers_trans.birthday@hdp","name":"birthday","description":null,"comment":null,"position":19,"type":"string","table":{"guid":"50966110-008b-404b-932e-621e50b00eb8","typeName":"hive_table"}},"guid":"f962076c-ba01-4225-859f-aa7eaa0ea89d","status":"ACTIVE","createdBy":"hive","updatedBy":"hive","createTime":1523603949630,"updateTime":1523603980233,"version":0,"classifications":[]},"b42fd151-e300-4d57-a608-ce63a95c9a10":{"typeName":"hive_column","attributes":{"owner":"hive","qualifiedName":"hortoniabank.us_customers_trans.password@hdp","name":"password","description":null,"comment":null,"position":15,"type":"string","table":{"guid":"50966110-008b-404b-932e-621e50b00eb8","typeName":"hive_table"}},"guid":"b42fd151-e300-4d57-a608-ce63a95c9a10","status":"ACTIVE","createdBy":"hive","updatedBy":"hive","createTime":1523603949630,"updateTime":1523603980233,"version":0,"classifications":[]},"47c7c3e5-73c4-427c-905c-118118d0ad4c":{"typeName":"hive_column","attributes":{"owner":"hive","qualifiedName":"hortoniabank.us_customers_trans.insuranceid@hdp","name":"insuranceid","description":null,"comment":null,"position":28,"type":"string","table":{"guid":"50966110-008b-404b-932e-621e50b00eb8","typeName":"hive_table"}},"guid":"47c7c3e5-73c4-427c-905c-118118d0ad4c","status":"ACTIVE","createdBy":"hive","updatedBy":"hive","createTime":1523603949630,"updateTime":1523603980233,"version":0,"classifications":[]},"9c13d224-6b5a-41df-950c-137ba7112776":{"typeName":"hive_column","attributes":{"owner":"hive","qualifiedName":"hortoniabank.us_customers_trans.latitude@hdp","name":"latitude","description":null,"comment":null,"position":37,"type":"double","table":{"guid":"50966110-008b-404b-932e-621e50b00eb8","typeName":"hive_table"}},"guid":"9c13d224-6b5a-41df-950c-137ba7112776","status":"ACTIVE","createdBy":"hive","updatedBy":"hive","createTime":1523603949630,"updateTime":1523603980233,"version":0,"classifications":[]},"eedc2292-6f0f-472e-837a-b678c7d6a607":{"typeName":"hive_column","attributes":{"owner":"hive","qualifiedName":"hortoniabank.us_customers_trans.tropicalzodiac@hdp","name":"tropicalzodiac","description":null,"comment":null,"position":21,"type":"string","table":{"guid":"50966110-008b-404b-932e-621e50b00eb8","typeName":"hive_table"}},"guid":"eedc2292-6f0f-472e-837a-b678c7d6a607","status":"ACTIVE","createdBy":"hive","updatedBy":"hive","createTime":1523603949630,"updateTime":1523603980233,"version":0,"classifications":[]},"e293741a-9d02-4e9d-aa46-87a3866a8922":{"typeName":"hive_column","attributes":{"owner":"hive","qualifiedName":"hortoniabank.us_customers_trans.height@hdp","name":"height","description":null,"comment":null,"position":36,"type":"int","table":{"guid":"50966110-008b-404b-932e-621e50b00eb8","typeName":"hive_table"}},"guid":"e293741a-9d02-4e9d-aa46-87a3866a8922","status":"ACTIVE","createdBy":"hive","updatedBy":"hive","createTime":1523603949630,"updateTime":1523603980233,"version":0,"classifications":[]},"6783a985-fa3b-401a-bafc-a3e543b34a70":{"typeName":"hive_column","attributes":{"owner":"hive","qualifiedName":"hortoniabank.us_customers_trans.ccnumber@hdp","name":"ccnumber","description":null,"comment":null,"position":23,"type":"string","table":{"guid":"50966110-008b-404b-932e-621e50b00eb8","typeName":"hive_table"}},"guid":"6783a985-fa3b-401a-bafc-a3e543b34a70","status":"ACTIVE","createdBy":"hive","updatedBy":"hive","createTime":1523603949630,"updateTime":1523603980233,"version":0,"classifications":[]},"0634bd58-799e-4fb5-8988-3a5812803980":{"typeName":"hive_column","attributes":{"owner":"hive","qualifiedName":"hortoniabank.us_customers_trans.state@hdp","name":"state","description":null,"comment":null,"position":8,"type":"string","table":{"guid":"50966110-008b-404b-932e-621e50b00eb8","typeName":"hive_table"}},"guid":"0634bd58-799e-4fb5-8988-3a5812803980","status":"ACTIVE","createdBy":"hive","updatedBy":"hive","createTime":1523603949630,"updateTime":1523603980233,"version":0,"classifications":[]},"88732360-7db6-40fb-898c-9b6d67b3c67b":{"typeName":"hive_column","attributes":{"owner":"hive","qualifiedName":"hortoniabank.us_customers_trans.telephonenumber@hdp","name":"telephonenumber","description":null,"comment":null,"position":16,"type":"string","table":{"guid":"50966110-008b-404b-932e-621e50b00eb8","typeName":"hive_table"}},"guid":"88732360-7db6-40fb-898c-9b6d67b3c67b","status":"ACTIVE","createdBy":"hive","updatedBy":"hive","createTime":1523603949630,"updateTime":1523603980233,"version":0,"classifications":[]},"ea3f501f-fbb6-45e2-aa95-253cdc73dd09":{"typeName":"hive_column","attributes":{"owner":"hive","qualifiedName":"hortoniabank.us_customers_trans.number@hdp","name":"number","description":null,"comment":null,"position":0,"type":"string","table":{"guid":"50966110-008b-404b-932e-621e50b00eb8","typeName":"hive_table"}},"guid":"ea3f501f-fbb6-45e2-aa95-253cdc73dd09","status":"ACTIVE","createdBy":"hive","updatedBy":"hive","createTime":1523603949630,"updateTime":1523603980233,"version":0,"classifications":[]},"5bcec3d5-bb6e-4d3e-8e5a-8012495ea76c":{"typeName":"hive_column","attributes":{"owner":"hive","qualifiedName":"hortoniabank.us_customers_trans.weight@hdp","name":"weight","description":null,"comment":null,"position":35,"type":"double","table":{"guid":"50966110-008b-404b-932e-621e50b00eb8","typeName":"hive_table"}},"guid":"5bcec3d5-bb6e-4d3e-8e5a-8012495ea76c","status":"ACTIVE","createdBy":"hive","updatedBy":"hive","createTime":1523603949630,"updateTime":1523603980233,"version":0,"classifications":[]},"938bbd85-40f1-4e0b-935b-ee74ec83e39e":{"typeName":"hive_column","attributes":{"owner":"hive","qualifiedName":"hortoniabank.us_customers_trans.mothersmaiden@hdp","name":"mothersmaiden","description":null,"comment":null,"position":18,"type":"string","table":{"guid":"50966110-008b-404b-932e-621e50b00eb8","typeName":"hive_table"}},"guid":"938bbd85-40f1-4e0b-935b-ee74ec83e39e","status":"ACTIVE","createdBy":"hive","updatedBy":"hive","createTime":1523603949630,"updateTime":1523603980233,"version":0,"classifications":[]},"6fbdfc5b-2bb2-436d-bfaf-9d9c7cef6ca3":{"typeName":"hive_column","attributes":{"owner":"hive","qualifiedName":"hortoniabank.us_customers_trans.countryfull@hdp","name":"countryfull","description":null,"comment":null,"position":12,"type":"string","table":{"guid":"50966110-008b-404b-932e-621e50b00eb8","typeName":"hive_table"}},"guid":"6fbdfc5b-2bb2-436d-bfaf-9d9c7cef6ca3","status":"ACTIVE","createdBy":"hive","updatedBy":"hive","createTime":1523603949630,"updateTime":1523603980233,"version":0,"classifications":[]},"111c8a66-bba5-435d-9230-c9dd3116e8b6":{"typeName":"hive_column","attributes":{"owner":"hive","qualifiedName":"hortoniabank.us_customers_trans.telephonecountrycode@hdp","name":"telephonecountrycode","description":null,"comment":null,"position":17,"type":"string","table":{"guid":"50966110-008b-404b-932e-621e50b00eb8","typeName":"hive_table"}},"guid":"111c8a66-bba5-435d-9230-c9dd3116e8b6","status":"ACTIVE","createdBy":"hive","updatedBy":"hive","createTime":1523603949630,"updateTime":1523603980233,"version":0,"classifications":[]},"5e5fbe8e-e0d5-4008-b257-57b21d4550d6":{"typeName":"hive_column","attributes":{"owner":"hive","qualifiedName":"hortoniabank.us_customers_trans.city@hdp","name":"city","description":null,"comment":null,"position":7,"type":"string","table":{"guid":"50966110-008b-404b-932e-621e50b00eb8","typeName":"hive_table"}},"guid":"5e5fbe8e-e0d5-4008-b257-57b21d4550d6","status":"ACTIVE","createdBy":"hive","updatedBy":"hive","createTime":1523603949630,"updateTime":1523603980233,"version":0,"classifications":[]},"a76a3ea0-e4e6-47e9-a6d9-2a23f9c1642e":{"typeName":"hive_column","attributes":{"owner":"hive","qualifiedName":"hortoniabank.us_customers_trans.emailaddress@hdp","name":"emailaddress","description":null,"comment":null,"position":13,"type":"string","table":{"guid":"50966110-008b-404b-932e-621e50b00eb8","typeName":"hive_table"}},"guid":"a76a3ea0-e4e6-47e9-a6d9-2a23f9c1642e","status":"ACTIVE","createdBy":"hive","updatedBy":"hive","createTime":1523603949630,"updateTime":1523603980233,"version":0,"classifications":[]},"f85d2c96-c669-42d0-a6bc-d1a6a6e1d2e5":{"typeName":"hive_column","attributes":{"owner":"hive","qualifiedName":"hortoniabank.us_customers_trans.username@hdp","name":"username","description":null,"comment":null,"position":14,"type":"string","table":{"guid":"50966110-008b-404b-932e-621e50b00eb8","typeName":"hive_table"}},"guid":"f85d2c96-c669-42d0-a6bc-d1a6a6e1d2e5","status":"ACTIVE","createdBy":"hive","updatedBy":"hive","createTime":1523603949630,"updateTime":1523603980233,"version":0,"classifications":[]},"e055b841-7fad-4616-a328-bc65c83c0471":{"typeName":"hive_column","attributes":{"owner":"hive","qualifiedName":"hortoniabank.us_customers_trans.occupation@hdp","name":"occupation","description":null,"comment":null,"position":30,"type":"string","table":{"guid":"50966110-008b-404b-932e-621e50b00eb8","typeName":"hive_table"}},"guid":"e055b841-7fad-4616-a328-bc65c83c0471","status":"ACTIVE","createdBy":"hive","updatedBy":"hive","createTime":1523603949630,"updateTime":1523603980233,"version":0,"classifications":[]},"78395aec-9a86-4be9-a836-58af50e9a723":{"typeName":"hive_column","attributes":{"owner":"hive","qualifiedName":"hortoniabank.us_customers_trans.surname@hdp","name":"surname","description":null,"comment":null,"position":5,"type":"string","table":{"guid":"50966110-008b-404b-932e-621e50b00eb8","typeName":"hive_table"}},"guid":"78395aec-9a86-4be9-a836-58af50e9a723","status":"ACTIVE","createdBy":"hive","updatedBy":"hive","createTime":1523603949630,"updateTime":1523603980233,"version":0,"classifications":[]},"3507d7ef-ba2e-44b6-bf1e-5ff48389fbaa":{"typeName":"hive_column","attributes":{"owner":"hive","qualifiedName":"hortoniabank.us_customers_trans.title@hdp","name":"title","description":null,"comment":null,"position":2,"type":"string","table":{"guid":"50966110-008b-404b-932e-621e50b00eb8","typeName":"hive_table"}},"guid":"3507d7ef-ba2e-44b6-bf1e-5ff48389fbaa","status":"ACTIVE","createdBy":"hive","updatedBy":"hive","createTime":1523603949630,"updateTime":1523603980233,"version":0,"classifications":[]},"e7780fa3-f555-4e11-9ce0-039c62e69a8f":{"typeName":"hive_column","attributes":{"owner":"hive","qualifiedName":"hortoniabank.us_customers_trans.eyecolor@hdp","name":"eyecolor","description":null,"comment":null,"position":29,"type":"string","table":{"guid":"50966110-008b-404b-932e-621e50b00eb8","typeName":"hive_table"}},"guid":"e7780fa3-f555-4e11-9ce0-039c62e69a8f","status":"ACTIVE","createdBy":"hive","updatedBy":"hive","createTime":1523603949630,"updateTime":1523603980233,"version":0,"classifications":[]},"ea858c51-8e3f-46e6-8ec2-8a4e13c680af":{"typeName":"hive_column","attributes":{"owner":"hive","qualifiedName":"hortoniabank.us_customers_trans.statefull@hdp","name":"statefull","description":null,"comment":null,"position":9,"type":"string","table":{"guid":"50966110-008b-404b-932e-621e50b00eb8","typeName":"hive_table"}},"guid":"ea858c51-8e3f-46e6-8ec2-8a4e13c680af","status":"ACTIVE","createdBy":"hive","updatedBy":"hive","createTime":1523603949630,"updateTime":1523603980233,"version":0,"classifications":[]},"5b4b8945-57b4-4b3b-8383-999e9afc6f1d":{"typeName":"hive_column","attributes":{"owner":"hive","qualifiedName":"hortoniabank.us_customers_trans.cctype@hdp","name":"cctype","description":null,"comment":null,"position":22,"type":"string","table":{"guid":"50966110-008b-404b-932e-621e50b00eb8","typeName":"hive_table"}},"guid":"5b4b8945-57b4-4b3b-8383-999e9afc6f1d","status":"ACTIVE","createdBy":"hive","updatedBy":"hive","createTime":1523603949630,"updateTime":1523603980233,"version":0,"classifications":[]},"9e1c910c-66fd-42eb-92f1-4195469fb3e2":{"typeName":"hive_column","attributes":{"owner":"hive","qualifiedName":"hortoniabank.us_customers_trans.domain@hdp","name":"domain","description":null,"comment":null,"position":33,"type":"string","table":{"guid":"50966110-008b-404b-932e-621e50b00eb8","typeName":"hive_table"}},"guid":"9e1c910c-66fd-42eb-92f1-4195469fb3e2","status":"ACTIVE","createdBy":"hive","updatedBy":"hive","createTime":1523603949630,"updateTime":1523603980233,"version":0,"classifications":[]},"2a2ebb70-db36-48ab-9ad0-63a519568efd":{"typeName":"hive_column","attributes":{"owner":"hive","qualifiedName":"hortoniabank.us_customers_trans.middleinitial@hdp","name":"middleinitial","description":null,"comment":null,"position":4,"type":"string","table":{"guid":"50966110-008b-404b-932e-621e50b00eb8","typeName":"hive_table"}},"guid":"2a2ebb70-db36-48ab-9ad0-63a519568efd","status":"ACTIVE","createdBy":"hive","updatedBy":"hive","createTime":1523603949630,"updateTime":1523603980233,"version":0,"classifications":[]},"ace6e8bd-cb3b-4851-990c-9d3423528c1e":{"typeName":"hive_column","attributes":{"owner":"hive","qualifiedName":"hortoniabank.us_customers_trans.gender@hdp","name":"gender","description":null,"comment":null,"position":1,"type":"string","table":{"guid":"50966110-008b-404b-932e-621e50b00eb8","typeName":"hive_table"}},"guid":"ace6e8bd-cb3b-4851-990c-9d3423528c1e","status":"ACTIVE","createdBy":"hive","updatedBy":"hive","createTime":1523603949630,"updateTime":1523603980233,"version":0,"classifications":[]},"189fedc5-07b8-4dd5-8c54-58629ea61813":{"typeName":"hive_column","attributes":{"owner":"hive","qualifiedName":"hortoniabank.us_customers_trans.streetaddress@hdp","name":"streetaddress","description":null,"comment":null,"position":6,"type":"string","table":{"guid":"50966110-008b-404b-932e-621e50b00eb8","typeName":"hive_table"}},"guid":"189fedc5-07b8-4dd5-8c54-58629ea61813","status":"ACTIVE","createdBy":"hive","updatedBy":"hive","createTime":1523603949630,"updateTime":1523603980233,"version":0,"classifications":[]},"70d5d27e-bd3f-410e-9d00-7ebd6df5d897":{"typeName":"hive_storagedesc","attributes":{"bucketCols":["gender"],"qualifiedName":"hortoniabank.us_customers_trans@hdp_storage","sortCols":null,"storedAsSubDirectories":false,"location":"hdfs://abajwa-dws-hortonia30.field.hortonworks.com:8020/hive_data/hortoniabank/us_customers_trans","compressed":false,"inputFormat":"org.apache.hadoop.hive.ql.io.orc.OrcInputFormat","outputFormat":"org.apache.hadoop.hive.ql.io.orc.OrcOutputFormat","parameters":null,"table":{"guid":"50966110-008b-404b-932e-621e50b00eb8","typeName":"hive_table"},"serdeInfo":{"typeName":"hive_serde","attributes":{"serializationLib":"org.apache.hadoop.hive.ql.io.orc.OrcSerde","name":null,"parameters":{"serialization.format":"1"}}},"numBuckets":2},"guid":"70d5d27e-bd3f-410e-9d00-7ebd6df5d897","status":"ACTIVE","createdBy":"hive","updatedBy":"hive","createTime":1523603949630,"updateTime":1523603980233,"version":0,"classifications":[]},"b05e9190-ceea-4286-92aa-83684088cc32":{"typeName":"hive_column","attributes":{"owner":"hive","qualifiedName":"hortoniabank.us_customers_trans.zipcode@hdp","name":"zipcode","description":null,"comment":null,"position":10,"type":"string","table":{"guid":"50966110-008b-404b-932e-621e50b00eb8","typeName":"hive_table"}},"guid":"b05e9190-ceea-4286-92aa-83684088cc32","status":"ACTIVE","createdBy":"hive","updatedBy":"hive","createTime":1523603949630,"updateTime":1523603980233,"version":0,"classifications":[]},"1f4b1e06-3fa3-4cc2-bc63-cf51dc5d92fe":{"typeName":"hive_column","attributes":{"owner":"hive","qualifiedName":"hortoniabank.us_customers_trans.ccexpires@hdp","name":"ccexpires","description":null,"comment":null,"position":25,"type":"string","table":{"guid":"50966110-008b-404b-932e-621e50b00eb8","typeName":"hive_table"}},"guid":"1f4b1e06-3fa3-4cc2-bc63-cf51dc5d92fe","status":"ACTIVE","createdBy":"hive","updatedBy":"hive","createTime":1523603949630,"updateTime":1523603980233,"version":0,"classifications":[]},"08704ce6-8e8e-4130-b0ca-d83f8c1ab2a6":{"typeName":"hive_column","attributes":{"owner":"hive","qualifiedName":"hortoniabank.us_customers_trans.age@hdp","name":"age","description":null,"comment":null,"position":20,"type":"int","table":{"guid":"50966110-008b-404b-932e-621e50b00eb8","typeName":"hive_table"}},"guid":"08704ce6-8e8e-4130-b0ca-d83f8c1ab2a6","status":"ACTIVE","createdBy":"hive","updatedBy":"hive","createTime":1523603949630,"updateTime":1523603980233,"version":0,"classifications":[]},"93a394e2-ee3a-4e15-b339-b5ba9d3076e8":{"typeName":"hive_column","attributes":{"owner":"hive","qualifiedName":"hortoniabank.us_customers_trans.nationalid@hdp","name":"nationalid","description":null,"comment":null,"position":26,"type":"string","table":{"guid":"50966110-008b-404b-932e-621e50b00eb8","typeName":"hive_table"}},"guid":"93a394e2-ee3a-4e15-b339-b5ba9d3076e8","status":"ACTIVE","createdBy":"hive","updatedBy":"hive","createTime":1523603949630,"updateTime":1523603980233,"version":0,"classifications":[]},"2e672c15-ec27-4281-83e6-c99d04cd2d93":{"typeName":"hive_column","attributes":{"owner":"hive","qualifiedName":"hortoniabank.us_customers_trans.bloodtype@hdp","name":"bloodtype","description":null,"comment":null,"position":34,"type":"string","table":{"guid":"50966110-008b-404b-932e-621e50b00eb8","typeName":"hive_table"}},"guid":"2e672c15-ec27-4281-83e6-c99d04cd2d93","status":"ACTIVE","createdBy":"hive","updatedBy":"hive","createTime":1523603949630,"updateTime":1523603980233,"version":0,"classifications":[]},"3829908a-d3fd-40db-835e-4f412bcca15b":{"typeName":"hive_column","attributes":{"owner":"hive","qualifiedName":"hortoniabank.us_customers_trans.vehicle@hdp","name":"vehicle","description":null,"comment":null,"position":32,"type":"string","table":{"guid":"50966110-008b-404b-932e-621e50b00eb8","typeName":"hive_table"}},"guid":"3829908a-d3fd-40db-835e-4f412bcca15b","status":"ACTIVE","createdBy":"hive","updatedBy":"hive","createTime":1523603949630,"updateTime":1523603980233,"version":0,"classifications":[]},"48d9e055-06eb-4e45-9c68-c109b8ba1b2f":{"typeName":"hive_column","attributes":{"owner":"hive","qualifiedName":"hortoniabank.us_customers_trans.longitude@hdp","name":"longitude","description":null,"comment":null,"position":38,"type":"double","table":{"guid":"50966110-008b-404b-932e-621e50b00eb8","typeName":"hive_table"}},"guid":"48d9e055-06eb-4e45-9c68-c109b8ba1b2f","status":"ACTIVE","createdBy":"hive","updatedBy":"hive","createTime":1523603949630,"updateTime":1523603980233,"version":0,"classifications":[]},"e6cca202-31a9-4860-a4e1-d4cee5eba9b6":{"typeName":"hive_column","attributes":{"owner":"hive","qualifiedName":"hortoniabank.us_customers_trans.givenname@hdp","name":"givenname","description":null,"comment":null,"position":3,"type":"string","table":{"guid":"50966110-008b-404b-932e-621e50b00eb8","typeName":"hive_table"}},"guid":"e6cca202-31a9-4860-a4e1-d4cee5eba9b6","status":"ACTIVE","createdBy":"hive","updatedBy":"hive","createTime":1523603949630,"updateTime":1523603980233,"version":0,"classifications":[]}},"entity":{"typeName":"hive_table","attributes":{"owner":"hive","temporary":false,"lastAccessTime":1523603916000,"aliases":null,"qualifiedName":"hortoniabank.us_customers_trans@hdp","columns":[{"guid":"ea3f501f-fbb6-45e2-aa95-253cdc73dd09","typeName":"hive_column"},{"guid":"ace6e8bd-cb3b-4851-990c-9d3423528c1e","typeName":"hive_column"},{"guid":"3507d7ef-ba2e-44b6-bf1e-5ff48389fbaa","typeName":"hive_column"},{"guid":"e6cca202-31a9-4860-a4e1-d4cee5eba9b6","typeName":"hive_column"},{"guid":"2a2ebb70-db36-48ab-9ad0-63a519568efd","typeName":"hive_column"},{"guid":"78395aec-9a86-4be9-a836-58af50e9a723","typeName":"hive_column"},{"guid":"189fedc5-07b8-4dd5-8c54-58629ea61813","typeName":"hive_column"},{"guid":"5e5fbe8e-e0d5-4008-b257-57b21d4550d6","typeName":"hive_column"},{"guid":"0634bd58-799e-4fb5-8988-3a5812803980","typeName":"hive_column"},{"guid":"ea858c51-8e3f-46e6-8ec2-8a4e13c680af","typeName":"hive_column"},{"guid":"b05e9190-ceea-4286-92aa-83684088cc32","typeName":"hive_column"},{"guid":"4fa6ee75-2660-4ec2-af69-ecfae4ec76af","typeName":"hive_column"},{"guid":"6fbdfc5b-2bb2-436d-bfaf-9d9c7cef6ca3","typeName":"hive_column"},{"guid":"a76a3ea0-e4e6-47e9-a6d9-2a23f9c1642e","typeName":"hive_column"},{"guid":"f85d2c96-c669-42d0-a6bc-d1a6a6e1d2e5","typeName":"hive_column"},{"guid":"b42fd151-e300-4d57-a608-ce63a95c9a10","typeName":"hive_column"},{"guid":"88732360-7db6-40fb-898c-9b6d67b3c67b","typeName":"hive_column"},{"guid":"111c8a66-bba5-435d-9230-c9dd3116e8b6","typeName":"hive_column"},{"guid":"938bbd85-40f1-4e0b-935b-ee74ec83e39e","typeName":"hive_column"},{"guid":"f962076c-ba01-4225-859f-aa7eaa0ea89d","typeName":"hive_column"},{"guid":"08704ce6-8e8e-4130-b0ca-d83f8c1ab2a6","typeName":"hive_column"},{"guid":"eedc2292-6f0f-472e-837a-b678c7d6a607","typeName":"hive_column"},{"guid":"5b4b8945-57b4-4b3b-8383-999e9afc6f1d","typeName":"hive_column"},{"guid":"6783a985-fa3b-401a-bafc-a3e543b34a70","typeName":"hive_column"},{"guid":"c8a94a08-0a15-48e7-a393-a3e5746a334e","typeName":"hive_column"},{"guid":"1f4b1e06-3fa3-4cc2-bc63-cf51dc5d92fe","typeName":"hive_column"},{"guid":"93a394e2-ee3a-4e15-b339-b5ba9d3076e8","typeName":"hive_column"},{"guid":"cdf532b6-62dd-4815-a361-11cd0ce6b6b9","typeName":"hive_column"},{"guid":"47c7c3e5-73c4-427c-905c-118118d0ad4c","typeName":"hive_column"},{"guid":"e7780fa3-f555-4e11-9ce0-039c62e69a8f","typeName":"hive_column"},{"guid":"e055b841-7fad-4616-a328-bc65c83c0471","typeName":"hive_column"},{"guid":"7479b8ee-5df9-4ed3-8b92-a4f350690a1d","typeName":"hive_column"},{"guid":"3829908a-d3fd-40db-835e-4f412bcca15b","typeName":"hive_column"},{"guid":"9e1c910c-66fd-42eb-92f1-4195469fb3e2","typeName":"hive_column"},{"guid":"2e672c15-ec27-4281-83e6-c99d04cd2d93","typeName":"hive_column"},{"guid":"5bcec3d5-bb6e-4d3e-8e5a-8012495ea76c","typeName":"hive_column"},{"guid":"e293741a-9d02-4e9d-aa46-87a3866a8922","typeName":"hive_column"},{"guid":"9c13d224-6b5a-41df-950c-137ba7112776","typeName":"hive_column"},{"guid":"48d9e055-06eb-4e45-9c68-c109b8ba1b2f","typeName":"hive_column"}],"description":null,"viewExpandedText":null,"sd":{"guid":"70d5d27e-bd3f-410e-9d00-7ebd6df5d897","typeName":"hive_storagedesc"},"tableType":"MANAGED_TABLE","createTime":1523603916000,"name":"us_customers_trans","comment":null,"partitionKeys":null,"parameters":{"transient_lastDdlTime":"1523603922","totalSize":"5991259","transactional":"true","numFiles":"2"},"db":{"guid":"e510daa0-85fb-4d76-bc39-0c8da5863d90","typeName":"hive_db"},"retention":0,"viewOriginalText":null},"guid":"50966110-008b-404b-932e-621e50b00eb8","status":"ACTIVE","createdBy":"hive","updatedBy":"hive","createTime":1523603949630,"updateTime":1523603980233,"version":0,"classifications":[]}}