{"referredEntities":{},"entity":{"typeName":"hive_column_lineage","attributes":{"owner":null,"outputs":[{"guid":"1f4b1e06-3fa3-4cc2-bc63-cf51dc5d92fe","typeName":"hive_column"}],"expression":null,"qualifiedName":"QUERY:hortoniabank.us_customers@hdp:1523603830000->:INSERT:hortoniabank.us_customers_trans@hdp:1523603916000:ccexpires","inputs":[{"guid":"e01009eb-77ec-4bea-9ee1-cd99372e6fed","typeName":"hive_column"}],"query":{"guid":"a894d186-47c4-4116-8741-4d0124e74a76","typeName":"hive_process"},"name":"insert into hortoniabank.us_customers_trans select * from hortoniabank.us_customers:ccexpires","description":null,"depenendencyType":"SIMPLE"},"guid":"50d462aa-627d-4d37-aad1-fed3965d4dc0","status":"ACTIVE","createdBy":"hive","updatedBy":"hive","createTime":1523603975049,"updateTime":1523603975049,"version":0,"classifications":[]}}