{"referredEntities":{},"entity":{"typeName":"hive_column_lineage","attributes":{"owner":null,"outputs":[{"guid":"3829908a-d3fd-40db-835e-4f412bcca15b","typeName":"hive_column"}],"expression":null,"qualifiedName":"QUERY:hortoniabank.us_customers@hdp:1523603830000->:INSERT:hortoniabank.us_customers_trans@hdp:1523603916000:vehicle","inputs":[{"guid":"f6862ae8-6cae-49f5-8a71-84fd7567591d","typeName":"hive_column"}],"query":{"guid":"a894d186-47c4-4116-8741-4d0124e74a76","typeName":"hive_process"},"name":"insert into hortoniabank.us_customers_trans select * from hortoniabank.us_customers:vehicle","description":null,"depenendencyType":"SIMPLE"},"guid":"523e50b6-dae0-49c7-8980-81bbb2fdf0e2","status":"ACTIVE","createdBy":"hive","updatedBy":"hive","createTime":1523603961349,"updateTime":1523603961349,"version":0,"classifications":[]}}