{"referredEntities":{},"entity":{"typeName":"hive_column_lineage","attributes":{"owner":null,"outputs":[{"guid":"e7780fa3-f555-4e11-9ce0-039c62e69a8f","typeName":"hive_column"}],"expression":null,"qualifiedName":"QUERY:hortoniabank.us_customers@hdp:1523603830000->:INSERT:hortoniabank.us_customers_trans@hdp:1523603916000:eyecolor","inputs":[{"guid":"727dea45-9464-40f0-8fb7-111f446213f1","typeName":"hive_column"}],"query":{"guid":"a894d186-47c4-4116-8741-4d0124e74a76","typeName":"hive_process"},"name":"insert into hortoniabank.us_customers_trans select * from hortoniabank.us_customers:eyecolor","description":null,"depenendencyType":"SIMPLE"},"guid":"533a5a7d-deaa-484b-913c-1806019f4be5","status":"ACTIVE","createdBy":"hive","updatedBy":"hive","createTime":1523603964300,"updateTime":1523603964300,"version":0,"classifications":[]}}