{"referredEntities":{},"entity":{"typeName":"hive_column_lineage","attributes":{"owner":null,"outputs":[{"guid":"bbb70710-b832-415f-9718-b44b609fe488","typeName":"hive_column"}],"expression":null,"qualifiedName":"QUERY:hortoniabank.ww_customers@hdp:1523603829000->:INSERT:hortoniabank.ww_customers_trans@hdp:1523603909000:mothersmaiden","inputs":[{"guid":"07c4aa30-448d-4b42-8aa9-def034b36c3f","typeName":"hive_column"}],"query":{"guid":"92ff2bb9-5bdc-4405-b3d4-39c7c05c7a9d","typeName":"hive_process"},"name":"insert into hortoniabank.ww_customers_trans select * from hortoniabank.ww_customers:mothersmaiden","description":null,"depenendencyType":"SIMPLE"},"guid":"54f71b44-3b1c-4695-8da6-9c9061405c38","status":"ACTIVE","createdBy":"hive","updatedBy":"hive","createTime":1523603932196,"updateTime":1523603932196,"version":0,"classifications":[]}}