{"referredEntities":{},"entity":{"typeName":"hive_column_lineage","attributes":{"owner":null,"outputs":[{"guid":"780bca0e-4283-4385-8867-a08c8b290216","typeName":"hive_column"}],"expression":null,"qualifiedName":"QUERY:consent_master.consent_data@hdp:1523603838000->:INSERT:consent_master.consent_data_trans@hdp:1523603886000:countryfull","inputs":[{"guid":"7f165586-9b8c-4ed1-a88d-b7c99a345c4c","typeName":"hive_column"}],"query":{"guid":"98fe8b4f-5621-4be1-88fb-405139cd6e32","typeName":"hive_process"},"name":"insert into consent_master.consent_data_trans select * from consent_master.consent_data:countryfull","description":null,"depenendencyType":"SIMPLE"},"guid":"5ae4cab2-c92b-4cac-a3e4-b2818c592a3c","status":"ACTIVE","createdBy":"hive","updatedBy":"hive","createTime":1523603910695,"updateTime":1523603910695,"version":0,"classifications":[]}}