{"referredEntities":{},"entity":{"typeName":"hive_column_lineage","attributes":{"owner":null,"outputs":[{"guid":"343a2ee3-2c40-4822-8dcc-26813851783b","typeName":"hive_column"}],"expression":null,"qualifiedName":"QUERY:hortoniabank.ww_customers@hdp:1523603829000->:INSERT:hortoniabank.ww_customers_trans@hdp:1523603909000:eyecolor","inputs":[{"guid":"af7bfc56-4716-4688-9440-8dc0a06a795b","typeName":"hive_column"}],"query":{"guid":"92ff2bb9-5bdc-4405-b3d4-39c7c05c7a9d","typeName":"hive_process"},"name":"insert into hortoniabank.ww_customers_trans select * from hortoniabank.ww_customers:eyecolor","description":null,"depenendencyType":"SIMPLE"},"guid":"5b1c14c4-01de-49fd-ad6d-0af8d0b7a368","status":"ACTIVE","createdBy":"hive","updatedBy":"hive","createTime":1523603935276,"updateTime":1523603935276,"version":0,"classifications":[]}}