{"referredEntities":{},"entity":{"typeName":"hive_column_lineage","attributes":{"owner":null,"outputs":[{"guid":"3507d7ef-ba2e-44b6-bf1e-5ff48389fbaa","typeName":"hive_column"}],"expression":null,"qualifiedName":"QUERY:hortoniabank.us_customers@hdp:1523603830000->:INSERT:hortoniabank.us_customers_trans@hdp:1523603916000:title","inputs":[{"guid":"d7b5c99f-1690-439a-9cbc-e3159165f06f","typeName":"hive_column"}],"query":{"guid":"a894d186-47c4-4116-8741-4d0124e74a76","typeName":"hive_process"},"name":"insert into hortoniabank.us_customers_trans select * from hortoniabank.us_customers:title","description":null,"depenendencyType":"SIMPLE"},"guid":"5d664bdf-c589-42d4-8121-e0f6a67de5e8","status":"ACTIVE","createdBy":"hive","updatedBy":"hive","createTime":1523603971566,"updateTime":1523603971566,"version":0,"classifications":[]}}