{"referredEntities":{},"entity":{"typeName":"hive_column_lineage","attributes":{"owner":null,"outputs":[{"guid":"f2d8dcfd-ead2-4945-af92-3633562d9338","typeName":"hive_column"}],"expression":null,"qualifiedName":"claim.prov_view@hdp:1523603836000:averagemedicarepayments","inputs":[{"guid":"014db01e-0b57-4818-b79b-8a1dcc5d08a8","typeName":"hive_column"}],"query":{"guid":"f93437bb-9d89-4a25-861e-7b33729c31d4","typeName":"hive_process"},"name":"create view if not exists claim.prov_view as select * from claim.provider_summary:averagemedicarepayments","description":null,"depenendencyType":"SIMPLE"},"guid":"5f0ded7a-6994-41af-82e4-ff0f854a57e2","status":"ACTIVE","createdBy":"hive","updatedBy":"hive","createTime":1523603857517,"updateTime":1523603857517,"version":0,"classifications":[]}}