{"referredEntities":{"93c8fb75-f1ce-48c9-92cb-7d41e58fc81d":{"typeName":"hive_column","attributes":{"owner":"hive","qualifiedName":"erasure_master.data_erasure_trans.erasureoverride@hdp","name":"erasureoverride","description":null,"comment":null,"position":5,"type":"string","table":{"guid":"5f2df048-1a2c-4a26-82ef-a6936fefe46e","typeName":"hive_table"}},"guid":"93c8fb75-f1ce-48c9-92cb-7d41e58fc81d","status":"ACTIVE","createdBy":"hive","updatedBy":"hive","createTime":1523603981032,"updateTime":1523603983599,"version":0,"classifications":[]},"f3d5d99c-cc34-4a00-8ab4-3fcf96ede49b":{"typeName":"hive_column","attributes":{"owner":"hive","qualifiedName":"erasure_master.data_erasure_trans.rtbfrequested@hdp","name":"rtbfrequested","description":null,"comment":null,"position":3,"type":"string","table":{"guid":"5f2df048-1a2c-4a26-82ef-a6936fefe46e","typeName":"hive_table"}},"guid":"f3d5d99c-cc34-4a00-8ab4-3fcf96ede49b","status":"ACTIVE","createdBy":"hive","updatedBy":"hive","createTime":1523603981032,"updateTime":1523603983599,"version":0,"classifications":[]},"92fefed1-5c16-4de4-ac5a-c727e1399acc":{"typeName":"hive_column","attributes":{"owner":"hive","qualifiedName":"erasure_master.data_erasure_trans.countryfull@hdp","name":"countryfull","description":null,"comment":null,"position":1,"type":"string","table":{"guid":"5f2df048-1a2c-4a26-82ef-a6936fefe46e","typeName":"hive_table"}},"guid":"92fefed1-5c16-4de4-ac5a-c727e1399acc","status":"ACTIVE","createdBy":"hive","updatedBy":"hive","createTime":1523603981032,"updateTime":1523603983599,"version":0,"classifications":[]},"f4020579-0e78-42a1-b044-2641f0d1ab78":{"typeName":"hive_storagedesc","attributes":{"bucketCols":["country"],"qualifiedName":"erasure_master.data_erasure_trans@hdp_storage","sortCols":null,"storedAsSubDirectories":false,"location":"hdfs://abajwa-dws-hortonia30.field.hortonworks.com:8020/hive_data/rtbf_trans","compressed":false,"inputFormat":"org.apache.hadoop.hive.ql.io.orc.OrcInputFormat","outputFormat":"org.apache.hadoop.hive.ql.io.orc.OrcOutputFormat","parameters":null,"table":{"guid":"5f2df048-1a2c-4a26-82ef-a6936fefe46e","typeName":"hive_table"},"serdeInfo":{"typeName":"hive_serde","attributes":{"serializationLib":"org.apache.hadoop.hive.ql.io.orc.OrcSerde","name":null,"parameters":{"serialization.format":"1"}}},"numBuckets":2},"guid":"f4020579-0e78-42a1-b044-2641f0d1ab78","status":"ACTIVE","createdBy":"hive","updatedBy":"hive","createTime":1523603981032,"updateTime":1523603983599,"version":0,"classifications":[]},"69dbf03c-ca5f-424f-bfcc-3ae7b924629a":{"typeName":"hive_column","attributes":{"owner":"hive","qualifiedName":"erasure_master.data_erasure_trans.insuranceid@hdp","name":"insuranceid","description":null,"comment":null,"position":2,"type":"int","table":{"guid":"5f2df048-1a2c-4a26-82ef-a6936fefe46e","typeName":"hive_table"}},"guid":"69dbf03c-ca5f-424f-bfcc-3ae7b924629a","status":"ACTIVE","createdBy":"hive","updatedBy":"hive","createTime":1523603981032,"updateTime":1523603983599,"version":0,"classifications":[]},"d58d234f-af64-4326-a242-9fab4bb7263d":{"typeName":"hive_column","attributes":{"owner":"hive","qualifiedName":"erasure_master.data_erasure_trans.requestdate@hdp","name":"requestdate","description":null,"comment":null,"position":4,"type":"date","table":{"guid":"5f2df048-1a2c-4a26-82ef-a6936fefe46e","typeName":"hive_table"}},"guid":"d58d234f-af64-4326-a242-9fab4bb7263d","status":"ACTIVE","createdBy":"hive","updatedBy":"hive","createTime":1523603981032,"updateTime":1523603983599,"version":0,"classifications":[]},"48b9f7d5-bb54-4051-a1db-d851194c203b":{"typeName":"hive_column","attributes":{"owner":"hive","qualifiedName":"erasure_master.data_erasure_trans.country@hdp","name":"country","description":null,"comment":null,"position":0,"type":"string","table":{"guid":"5f2df048-1a2c-4a26-82ef-a6936fefe46e","typeName":"hive_table"}},"guid":"48b9f7d5-bb54-4051-a1db-d851194c203b","status":"ACTIVE","createdBy":"hive","updatedBy":"hive","createTime":1523603981032,"updateTime":1523603983599,"version":0,"classifications":[]}},"entity":{"typeName":"hive_table","attributes":{"owner":"hive","temporary":false,"lastAccessTime":1523603923000,"aliases":null,"qualifiedName":"erasure_master.data_erasure_trans@hdp","columns":[{"guid":"48b9f7d5-bb54-4051-a1db-d851194c203b","typeName":"hive_column"},{"guid":"92fefed1-5c16-4de4-ac5a-c727e1399acc","typeName":"hive_column"},{"guid":"69dbf03c-ca5f-424f-bfcc-3ae7b924629a","typeName":"hive_column"},{"guid":"f3d5d99c-cc34-4a00-8ab4-3fcf96ede49b","typeName":"hive_column"},{"guid":"d58d234f-af64-4326-a242-9fab4bb7263d","typeName":"hive_column"},{"guid":"93c8fb75-f1ce-48c9-92cb-7d41e58fc81d","typeName":"hive_column"}],"description":null,"viewExpandedText":null,"sd":{"guid":"f4020579-0e78-42a1-b044-2641f0d1ab78","typeName":"hive_storagedesc"},"tableType":"MANAGED_TABLE","createTime":1523603923000,"name":"data_erasure_trans","comment":null,"partitionKeys":null,"parameters":{"transient_lastDdlTime":"1523603927","totalSize":"6302","transactional":"true","numFiles":"2"},"db":{"guid":"a72cfc3e-2486-49ec-ad47-0c1c841fd81b","typeName":"hive_db"},"retention":0,"viewOriginalText":null},"guid":"5f2df048-1a2c-4a26-82ef-a6936fefe46e","status":"ACTIVE","createdBy":"hive","updatedBy":"hive","createTime":1523603981032,"updateTime":1523603983599,"version":0,"classifications":[]}}