{"referredEntities":{},"entity":{"typeName":"hive_process","attributes":{"owner":null,"outputs":[{"guid":"83691495-05f4-41ca-a49e-4c8ed4c027a7","typeName":"hive_table"}],"queryGraph":null,"recentQueries":["create external table if not exists consent_master.consent_data(\n                                    country              \t\tstring\n                                  , countryfull          \t\tstring\n                                  , insuranceid          \t\tint\n                                  , marketingconsent     \t\tstring\n                                  , marketingconsentstartdate   date\n                                  , loyaltyconsent     \t\t\tstring\n                                  , loyaltyconsentstartdate   \tdate\n                                  , thirdpartyconsent     \t\tstring\n                                  , thirdpartyconsentstartdate  date\n                                ) row format delimited\n                                  fields terminated by ','\n                                  stored as textfile\n                                  location '/hive_data/consent'\n\t\t\t\t  tblproperties(\"skip.header.line.count\"=\"1\")"],"qualifiedName":"consent_master.consent_data@hdp:1523603838000","inputs":[{"guid":"13e591fe-bf11-4215-bca0-faa1c9752e96","typeName":"hdfs_path"}],"description":null,"userName":"hive","queryId":"hive_20180413071717_5f846ff0-3b29-479b-b1d2-9fc3861f32c4","clusterName":"hdp","name":"create external table if not exists consent_master.consent_data(\n                                    country              \t\tstring\n                                  , countryfull          \t\tstring\n                                  , insuranceid          \t\tint\n                                  , marketingconsent     \t\tstring\n                                  , marketingconsentstartdate   date\n                                  , loyaltyconsent     \t\t\tstring\n                                  , loyaltyconsentstartdate   \tdate\n                                  , thirdpartyconsent     \t\tstring\n                                  , thirdpartyconsentstartdate  date\n                                ) row format delimited\n                                  fields terminated by ','\n                                  stored as textfile\n                                  location '/hive_data/consent'\n\t\t\t\t  tblproperties(\"skip.header.line.count\"=\"1\")","queryText":"create external table if not exists consent_master.consent_data(\n                                    country              \t\tstring\n                                  , countryfull          \t\tstring\n                                  , insuranceid          \t\tint\n                                  , marketingconsent     \t\tstring\n                                  , marketingconsentstartdate   date\n                                  , loyaltyconsent     \t\t\tstring\n                                  , loyaltyconsentstartdate   \tdate\n                                  , thirdpartyconsent     \t\tstring\n                                  , thirdpartyconsentstartdate  date\n                                ) row format delimited\n                                  fields terminated by ','\n                                  stored as textfile\n                                  location '/hive_data/consent'\n\t\t\t\t  tblproperties(\"skip.header.line.count\"=\"1\")","startTime":1523603837429,"operationType":"CREATETABLE","queryPlan":"Not Supported","endTime":1523603838143},"guid":"5f992edd-07cd-48bd-8cb9-8558680926a0","status":"ACTIVE","createdBy":"hive","updatedBy":"hive","createTime":1523603863444,"updateTime":1523603863444,"version":0,"classifications":[]}}