{"referredEntities":{},"entity":{"typeName":"hive_column_lineage","attributes":{"owner":null,"outputs":[{"guid":"8a250a17-a4fe-4a37-86f8-ce6c54d413b1","typeName":"hive_column"}],"expression":null,"qualifiedName":"claim.prov_view@hdp:1511511743000:providercity","inputs":[{"guid":"c319cfed-2446-4967-811b-501c4f19dcdf","typeName":"hive_column"}],"query":{"guid":"48e5449d-9813-4801-bcb9-e70ada315f3f","typeName":"hive_process"},"name":"create view if not exists claim.prov_view as select * from claim.provider_summary:providercity","description":null,"depenendencyType":"SIMPLE"},"guid":"610f6979-280b-47fb-aad6-09bdcd9e417e","status":"ACTIVE","createdBy":"hive","updatedBy":"hive","createTime":1511513326465,"updateTime":1511513326465,"version":0,"classifications":[]}}