{"referredEntities":{},"entity":{"typeName":"hive_column_lineage","attributes":{"owner":null,"outputs":[{"guid":"b42fd151-e300-4d57-a608-ce63a95c9a10","typeName":"hive_column"}],"expression":null,"qualifiedName":"QUERY:hortoniabank.us_customers@hdp:1523603830000->:INSERT:hortoniabank.us_customers_trans@hdp:1523603916000:password","inputs":[{"guid":"3c73f7cb-b71c-42c1-a8f3-a401fa371ba5","typeName":"hive_column"}],"query":{"guid":"a894d186-47c4-4116-8741-4d0124e74a76","typeName":"hive_process"},"name":"insert into hortoniabank.us_customers_trans select * from hortoniabank.us_customers:password","description":null,"depenendencyType":"SIMPLE"},"guid":"63423486-57a5-4b23-995a-03f423126ca7","status":"ACTIVE","createdBy":"hive","updatedBy":"hive","createTime":1523603975799,"updateTime":1523603975799,"version":0,"classifications":[]}}