{"referredEntities":{"014db01e-0b57-4818-b79b-8a1dcc5d08a8":{"typeName":"hive_column","attributes":{"owner":"hive","qualifiedName":"claim.provider_summary.averagemedicarepayments@hdp","name":"averagemedicarepayments","description":null,"comment":null,"position":10,"type":"decimal(10,2)","table":{"guid":"63511ee8-c081-4733-b0c9-fa984a6d27b3","typeName":"hive_table"}},"guid":"014db01e-0b57-4818-b79b-8a1dcc5d08a8","status":"ACTIVE","createdBy":"hive","updatedBy":"hive","createTime":1523603851465,"updateTime":1523603858224,"version":0,"classifications":[]},"40419db5-0a80-4434-b82b-e54835295ba8":{"typeName":"hive_column","attributes":{"owner":"hive","qualifiedName":"claim.provider_summary.providercity@hdp","name":"providercity","description":null,"comment":null,"position":3,"type":"string","table":{"guid":"63511ee8-c081-4733-b0c9-fa984a6d27b3","typeName":"hive_table"}},"guid":"40419db5-0a80-4434-b82b-e54835295ba8","status":"ACTIVE","createdBy":"hive","updatedBy":"hive","createTime":1523603851465,"updateTime":1523603858224,"version":0,"classifications":[]},"cf109da5-7a23-4236-8e8b-5ecf50ae0538":{"typeName":"hive_column","attributes":{"owner":"hive","qualifiedName":"claim.provider_summary.providerzip@hdp","name":"providerzip","description":null,"comment":null,"position":5,"type":"string","table":{"guid":"63511ee8-c081-4733-b0c9-fa984a6d27b3","typeName":"hive_table"}},"guid":"cf109da5-7a23-4236-8e8b-5ecf50ae0538","status":"ACTIVE","createdBy":"hive","updatedBy":"hive","createTime":1523603851465,"updateTime":1523603858224,"version":0,"classifications":[]},"c7741653-26b8-41dc-922b-e91ded72d8de":{"typeName":"hive_column","attributes":{"owner":"hive","qualifiedName":"claim.provider_summary.providerstreetaddress@hdp","name":"providerstreetaddress","description":null,"comment":null,"position":2,"type":"string","table":{"guid":"63511ee8-c081-4733-b0c9-fa984a6d27b3","typeName":"hive_table"}},"guid":"c7741653-26b8-41dc-922b-e91ded72d8de","status":"ACTIVE","createdBy":"hive","updatedBy":"hive","createTime":1523603851465,"updateTime":1523603858224,"version":0,"classifications":[]},"f1a12b20-7eca-4ca0-8dfa-be4f6d6dce92":{"typeName":"hive_column","attributes":{"owner":"hive","qualifiedName":"claim.provider_summary.providerstate@hdp","name":"providerstate","description":null,"comment":null,"position":4,"type":"string","table":{"guid":"63511ee8-c081-4733-b0c9-fa984a6d27b3","typeName":"hive_table"}},"guid":"f1a12b20-7eca-4ca0-8dfa-be4f6d6dce92","status":"ACTIVE","createdBy":"hive","updatedBy":"hive","createTime":1523603851465,"updateTime":1523603858224,"version":0,"classifications":[]},"d25f91ed-f287-4d4d-adf4-5717d101adfe":{"typeName":"hive_column","attributes":{"owner":"hive","qualifiedName":"claim.provider_summary.providerreferralregion@hdp","name":"providerreferralregion","description":null,"comment":null,"position":6,"type":"string","table":{"guid":"63511ee8-c081-4733-b0c9-fa984a6d27b3","typeName":"hive_table"}},"guid":"d25f91ed-f287-4d4d-adf4-5717d101adfe","status":"ACTIVE","createdBy":"hive","updatedBy":"hive","createTime":1523603851465,"updateTime":1523603858224,"version":0,"classifications":[]},"6ecc2de6-64ac-49b7-be9c-e47feaaa9a28":{"typeName":"hive_column","attributes":{"owner":"hive","qualifiedName":"claim.provider_summary.providername@hdp","name":"providername","description":null,"comment":null,"position":1,"type":"string","table":{"guid":"63511ee8-c081-4733-b0c9-fa984a6d27b3","typeName":"hive_table"}},"guid":"6ecc2de6-64ac-49b7-be9c-e47feaaa9a28","status":"ACTIVE","createdBy":"hive","updatedBy":"hive","createTime":1523603851465,"updateTime":1523603858224,"version":0,"classifications":[]},"bd5dd524-bd88-436b-8163-54e097e71da5":{"typeName":"hive_column","attributes":{"owner":"hive","qualifiedName":"claim.provider_summary.totaldischarges@hdp","name":"totaldischarges","description":null,"comment":null,"position":7,"type":"int","table":{"guid":"63511ee8-c081-4733-b0c9-fa984a6d27b3","typeName":"hive_table"}},"guid":"bd5dd524-bd88-436b-8163-54e097e71da5","status":"ACTIVE","createdBy":"hive","updatedBy":"hive","createTime":1523603851465,"updateTime":1523603858224,"version":0,"classifications":[]},"0fbfbed4-cd9c-4467-a06c-e3d6940e9e32":{"typeName":"hive_column","attributes":{"owner":"hive","qualifiedName":"claim.provider_summary.providerid@hdp","name":"providerid","description":null,"comment":null,"position":0,"type":"string","table":{"guid":"63511ee8-c081-4733-b0c9-fa984a6d27b3","typeName":"hive_table"}},"guid":"0fbfbed4-cd9c-4467-a06c-e3d6940e9e32","status":"ACTIVE","createdBy":"hive","updatedBy":"hive","createTime":1523603851465,"updateTime":1523603858224,"version":0,"classifications":[]},"3dbe31e6-5e0f-4cd5-8ac3-3cdb4d176cfb":{"typeName":"hive_column","attributes":{"owner":"hive","qualifiedName":"claim.provider_summary.averagecoveredcharges@hdp","name":"averagecoveredcharges","description":null,"comment":null,"position":8,"type":"decimal(10,2)","table":{"guid":"63511ee8-c081-4733-b0c9-fa984a6d27b3","typeName":"hive_table"}},"guid":"3dbe31e6-5e0f-4cd5-8ac3-3cdb4d176cfb","status":"ACTIVE","createdBy":"hive","updatedBy":"hive","createTime":1523603851465,"updateTime":1523603858224,"version":0,"classifications":[]},"a5c3e408-b709-4420-b6f3-dfaab304c584":{"typeName":"hive_column","attributes":{"owner":"hive","qualifiedName":"claim.provider_summary.averagetotalpayments@hdp","name":"averagetotalpayments","description":null,"comment":null,"position":9,"type":"decimal(10,2)","table":{"guid":"63511ee8-c081-4733-b0c9-fa984a6d27b3","typeName":"hive_table"}},"guid":"a5c3e408-b709-4420-b6f3-dfaab304c584","status":"ACTIVE","createdBy":"hive","updatedBy":"hive","createTime":1523603851465,"updateTime":1523603858224,"version":0,"classifications":[]},"5d148971-c191-4ea2-be21-d8c5ffe43b28":{"typeName":"hive_storagedesc","attributes":{"bucketCols":null,"qualifiedName":"claim.provider_summary@hdp_storage","sortCols":null,"storedAsSubDirectories":false,"location":"hdfs://abajwa-dws-hortonia30.field.hortonworks.com:8020/hive_data/claim","compressed":false,"inputFormat":"org.apache.hadoop.mapred.TextInputFormat","outputFormat":"org.apache.hadoop.hive.ql.io.HiveIgnoreKeyTextOutputFormat","parameters":null,"table":{"guid":"63511ee8-c081-4733-b0c9-fa984a6d27b3","typeName":"hive_table"},"serdeInfo":{"typeName":"hive_serde","attributes":{"serializationLib":"org.apache.hadoop.hive.serde2.lazy.LazySimpleSerDe","name":null,"parameters":{"serialization.format":",","field.delim":","}}},"numBuckets":-1},"guid":"5d148971-c191-4ea2-be21-d8c5ffe43b28","status":"ACTIVE","createdBy":"hive","updatedBy":"hive","createTime":1523603851465,"updateTime":1523603858224,"version":0,"classifications":[]}},"entity":{"typeName":"hive_table","attributes":{"owner":"hive","temporary":false,"lastAccessTime":1523603835000,"aliases":null,"qualifiedName":"claim.provider_summary@hdp","columns":[{"guid":"0fbfbed4-cd9c-4467-a06c-e3d6940e9e32","typeName":"hive_column"},{"guid":"6ecc2de6-64ac-49b7-be9c-e47feaaa9a28","typeName":"hive_column"},{"guid":"c7741653-26b8-41dc-922b-e91ded72d8de","typeName":"hive_column"},{"guid":"40419db5-0a80-4434-b82b-e54835295ba8","typeName":"hive_column"},{"guid":"f1a12b20-7eca-4ca0-8dfa-be4f6d6dce92","typeName":"hive_column"},{"guid":"cf109da5-7a23-4236-8e8b-5ecf50ae0538","typeName":"hive_column"},{"guid":"d25f91ed-f287-4d4d-adf4-5717d101adfe","typeName":"hive_column"},{"guid":"bd5dd524-bd88-436b-8163-54e097e71da5","typeName":"hive_column"},{"guid":"3dbe31e6-5e0f-4cd5-8ac3-3cdb4d176cfb","typeName":"hive_column"},{"guid":"a5c3e408-b709-4420-b6f3-dfaab304c584","typeName":"hive_column"},{"guid":"014db01e-0b57-4818-b79b-8a1dcc5d08a8","typeName":"hive_column"}],"description":null,"viewExpandedText":null,"sd":{"guid":"5d148971-c191-4ea2-be21-d8c5ffe43b28","typeName":"hive_storagedesc"},"tableType":"EXTERNAL_TABLE","createTime":1523603835000,"name":"provider_summary","comment":"Provider Summary","partitionKeys":null,"parameters":{"transient_lastDdlTime":"1523603835","comment":"Provider Summary","totalSize":"11832","EXTERNAL":"TRUE","numFiles":"1"},"db":{"guid":"9c04bd55-0b91-4fdb-80f3-abd706286c69","typeName":"hive_db"},"retention":0,"viewOriginalText":null},"guid":"63511ee8-c081-4733-b0c9-fa984a6d27b3","status":"ACTIVE","createdBy":"hive","updatedBy":"hive","createTime":1523603851465,"updateTime":1523603858224,"version":0,"classifications":[]}}