{"referredEntities":{},"entity":{"typeName":"hive_column_lineage","attributes":{"owner":null,"outputs":[{"guid":"bfc66625-535f-478f-b4de-9a7a824b7a89","typeName":"hive_column"}],"expression":null,"qualifiedName":"QUERY:hortoniabank.ww_customers@hdp:1523603829000->:INSERT:hortoniabank.ww_customers_trans@hdp:1523603909000:title","inputs":[{"guid":"35ffea6a-1a88-48c4-9516-0ace27af4e00","typeName":"hive_column"}],"query":{"guid":"92ff2bb9-5bdc-4405-b3d4-39c7c05c7a9d","typeName":"hive_process"},"name":"insert into hortoniabank.ww_customers_trans select * from hortoniabank.ww_customers:title","description":null,"depenendencyType":"SIMPLE"},"guid":"63e50db1-f58c-49ba-bb98-ff263471a1a2","status":"ACTIVE","createdBy":"hive","updatedBy":"hive","createTime":1523603938371,"updateTime":1523603938371,"version":0,"classifications":[]}}