{"referredEntities":{},"entity":{"typeName":"hdfs_path","attributes":{"owner":null,"modifiedTime":0,"isFile":false,"numberOfReplicas":0,"qualifiedName":"hdfs://abajwa-dws-hortonia30.field.hortonworks.com:8020/hive_data/cost_savings","description":null,"extendedAttributes":null,"path":"hdfs://abajwa-dws-hortonia30.field.hortonworks.com:8020/hive_data/cost_savings","posixPermissions":null,"createTime":0,"fileSize":0,"clusterName":"hdp","name":"/hive_data/cost_savings","isSymlink":false,"group":null},"guid":"651f834f-f1e3-4a09-95e0-bdd4c3a95d88","status":"ACTIVE","createdBy":"hive","updatedBy":"hive","createTime":1523603851021,"updateTime":1523603851021,"version":0,"classifications":[]}}