{"referredEntities":{},"entity":{"typeName":"hive_column_lineage","attributes":{"owner":null,"outputs":[{"guid":"9a781d71-4c30-487c-9136-26320ddd6b30","typeName":"hive_column"}],"expression":null,"qualifiedName":"QUERY:consent_master.consent_data@hdp:1523603838000->:INSERT:consent_master.consent_data_trans@hdp:1523603886000:insuranceid","inputs":[{"guid":"9d2451f7-45ff-4dc9-90ba-4f3b812f6461","typeName":"hive_column"}],"query":{"guid":"98fe8b4f-5621-4be1-88fb-405139cd6e32","typeName":"hive_process"},"name":"insert into consent_master.consent_data_trans select * from consent_master.consent_data:insuranceid","description":null,"depenendencyType":"SIMPLE"},"guid":"6775f89d-8c76-4a23-af7b-bd42d0c34d09","status":"ACTIVE","createdBy":"hive","updatedBy":"hive","createTime":1523603913169,"updateTime":1523603913169,"version":0,"classifications":[]}}