{"referredEntities":{},"entity":{"typeName":"hive_column_lineage","attributes":{"owner":null,"outputs":[{"guid":"d58d234f-af64-4326-a242-9fab4bb7263d","typeName":"hive_column"}],"expression":null,"qualifiedName":"QUERY:consent_master.consent_data@hdp:1523603838000->:INSERT:erasure_master.data_erasure_trans@hdp:1523603923000:requestdate","inputs":[{"guid":"3e4c9c99-9d3c-4bbd-930d-b4afed6fc248","typeName":"hive_column"}],"query":{"guid":"1e07aa94-7449-42fe-a111-899d6ec6de95","typeName":"hive_process"},"name":"insert into erasure_master.data_erasure_trans select country, countryfull, insuranceid, marketingconsent, marketingconsentstartdate, loyaltyconsent from consent_master.consent_data limit 500:requestdate","description":null,"depenendencyType":"SIMPLE"},"guid":"6aab4ac0-aca8-4fb9-9f85-1d08e99e9126","status":"ACTIVE","createdBy":"hive","updatedBy":"hive","createTime":1523603983314,"updateTime":1523603983314,"version":0,"classifications":[]}}