{"referredEntities":{},"entity":{"typeName":"hive_process","attributes":{"owner":null,"outputs":[{"guid":"dc810985-eea5-4edc-a630-c0019f0088c4","typeName":"hive_table"}],"queryGraph":null,"recentQueries":["create external table if not exists hortoniabank.eu_countries (\n                                    countryname string\n                                  , countrycode string\n                                  , region string\n                                 ) row format delimited\n                                   fields terminated by ','\n                                   stored as textfile\n                                   location '/hive_data/hortoniabank/eu_countries'"],"qualifiedName":"hortoniabank.eu_countries@hdp:1523603831000","inputs":[{"guid":"3848fd89-a206-4600-87cd-f78111312a17","typeName":"hdfs_path"}],"description":null,"userName":"hive","queryId":"hive_20180413071710_69aafd0c-fab0-4674-a0f7-8be5b84c9022","clusterName":"hdp","name":"create external table if not exists hortoniabank.eu_countries (\n                                    countryname string\n                                  , countrycode string\n                                  , region string\n                                 ) row format delimited\n                                   fields terminated by ','\n                                   stored as textfile\n                                   location '/hive_data/hortoniabank/eu_countries'","queryText":"create external table if not exists hortoniabank.eu_countries (\n                                    countryname string\n                                  , countrycode string\n                                  , region string\n                                 ) row format delimited\n                                   fields terminated by ','\n                                   stored as textfile\n                                   location '/hive_data/hortoniabank/eu_countries'","startTime":1523603830746,"operationType":"CREATETABLE","queryPlan":"Not Supported","endTime":1523603832086},"guid":"6b61e47d-c523-405a-86ea-185e698539d7","status":"ACTIVE","createdBy":"hive","updatedBy":"hive","createTime":1523603847266,"updateTime":1523603847266,"version":0,"classifications":[]}}