{"referredEntities":{},"entity":{"typeName":"hive_column_lineage","attributes":{"owner":null,"outputs":[{"guid":"52639391-58ea-41ce-85f1-16b4dd83dbd4","typeName":"hive_column"}],"expression":null,"qualifiedName":"QUERY:hortoniabank.ww_customers@hdp:1523603829000->:INSERT:hortoniabank.ww_customers_trans@hdp:1523603909000:nameset","inputs":[{"guid":"b7067a5b-3263-4050-b807-9ee7dd0b739f","typeName":"hive_column"}],"query":{"guid":"92ff2bb9-5bdc-4405-b3d4-39c7c05c7a9d","typeName":"hive_process"},"name":"insert into hortoniabank.ww_customers_trans select * from hortoniabank.ww_customers:nameset","description":null,"depenendencyType":"SIMPLE"},"guid":"6be5579d-7629-4d5c-badd-4738507275d7","status":"ACTIVE","createdBy":"hive","updatedBy":"hive","createTime":1523603933136,"updateTime":1523603933136,"version":0,"classifications":[]}}