{"referredEntities":{},"entity":{"typeName":"hive_process","attributes":{"owner":null,"outputs":[{"guid":"79b09378-7cdb-49b1-a708-2c474664f7a8","typeName":"hive_table"}],"queryGraph":null,"recentQueries":["create external table if not exists cost_savings.claim_savings(\n                                     reportdate date\n                                   , name string\n                                   , sequenceid int\n                                   , claimid int\n                                   , costsavings int\n                                   , eligibilitycode int\n                                   , latitude decimal\n                                   , longitude decimal\n                                  ) comment 'claims savings'\n                                    row format delimited\n                                    fields terminated by ','\n                                    stored as textfile\n                                    location '/hive_data/cost_savings'"],"qualifiedName":"cost_savings.claim_savings@hdp:1523603834000","inputs":[{"guid":"651f834f-f1e3-4a09-95e0-bdd4c3a95d88","typeName":"hdfs_path"}],"description":null,"userName":"hive","queryId":"hive_20180413071714_1157418e-2366-469f-b0f7-d4e4d35f541d","clusterName":"hdp","name":"create external table if not exists cost_savings.claim_savings(\n                                     reportdate date\n                                   , name string\n                                   , sequenceid int\n                                   , claimid int\n                                   , costsavings int\n                                   , eligibilitycode int\n                                   , latitude decimal\n                                   , longitude decimal\n                                  ) comment 'claims savings'\n                                    row format delimited\n                                    fields terminated by ','\n                                    stored as textfile\n                                    location '/hive_data/cost_savings'","queryText":"create external table if not exists cost_savings.claim_savings(\n                                     reportdate date\n                                   , name string\n                                   , sequenceid int\n                                   , claimid int\n                                   , costsavings int\n                                   , eligibilitycode int\n                                   , latitude decimal\n                                   , longitude decimal\n                                  ) comment 'claims savings'\n                                    row format delimited\n                                    fields terminated by ','\n                                    stored as textfile\n                                    location '/hive_data/cost_savings'","startTime":1523603834420,"operationType":"CREATETABLE","queryPlan":"Not Supported","endTime":1523603835142},"guid":"6eb9f456-d77c-4ecd-a803-310721c06435","status":"ACTIVE","createdBy":"hive","updatedBy":"hive","createTime":1523603851021,"updateTime":1523603851021,"version":0,"classifications":[]}}