{"referredEntities":{},"entity":{"typeName":"hive_process","attributes":{"owner":null,"outputs":[{"guid":"e3bb9a69-1e4e-4e50-b8af-9a81d757b0e1","typeName":"hive_table"}],"queryGraph":null,"recentQueries":["create external table if not exists hortoniabank.us_customers(\n                                    number               string\n                                  , gender               string\n                                  , title                string\n                                  , givenname            string\n                                  , middleinitial        string\n                                  , surname              string\n                                  , streetaddress        string\n                                  , city                 string\n                                  , state                string\n                                  , statefull            string\n                                  , zipcode              string\n                                  , country              string\n                                  , countryfull          string\n                                  , emailaddress         string\n                                  , username             string\n                                  , password             string\n                                  , telephonenumber      string\n                                  , telephonecountrycode string\n                                  , mothersmaiden        string\n                                  , birthday             string\n                                  , age                  int\n                                  , tropicalzodiac       string\n                                  , cctype               string\n                                  , ccnumber             string\n                                  , cvv2                 string\n                                  , ccexpires            string\n                                  , nationalid           string\n                                  , mrn                  string\n                                  , insuranceid          string\n                                  , eyecolor             string\n                                  , occupation           string\n                                  , company              string\n                                  , vehicle              string\n                                  , domain               string\n                                  , bloodtype            string\n                                  , weight               double\n                                  , height               int\n                                  , latitude             double\n                                  , longitude            double\n                                 ) row format delimited\n                                   fields terminated by ','\n                                   stored as textfile\n                                   location '/hive_data/hortoniabank/us_customers'"],"qualifiedName":"hortoniabank.us_customers@hdp:1511511739000","inputs":[{"guid":"c3da4920-2287-43a8-81d2-0c145fbc2aa2","typeName":"hdfs_path"}],"description":null,"userName":"hive","queryId":"hive_20171124082218_f9ffd71d-f172-4652-8b7b-7cab720fbd9b","clusterName":"hdp","name":"create external table if not exists hortoniabank.us_customers(\n                                    number               string\n                                  , gender               string\n                                  , title                string\n                                  , givenname            string\n                                  , middleinitial        string\n                                  , surname              string\n                                  , streetaddress        string\n                                  , city                 string\n                                  , state                string\n                                  , statefull            string\n                                  , zipcode              string\n                                  , country              string\n                                  , countryfull          string\n                                  , emailaddress         string\n                                  , username             string\n                                  , password             string\n                                  , telephonenumber      string\n                                  , telephonecountrycode string\n                                  , mothersmaiden        string\n                                  , birthday             string\n                                  , age                  int\n                                  , tropicalzodiac       string\n                                  , cctype               string\n                                  , ccnumber             string\n                                  , cvv2                 string\n                                  , ccexpires            string\n                                  , nationalid           string\n                                  , mrn                  string\n                                  , insuranceid          string\n                                  , eyecolor             string\n                                  , occupation           string\n                                  , company              string\n                                  , vehicle              string\n                                  , domain               string\n                                  , bloodtype            string\n                                  , weight               double\n                                  , height               int\n                                  , latitude             double\n                                  , longitude            double\n                                 ) row format delimited\n                                   fields terminated by ','\n                                   stored as textfile\n                                   location '/hive_data/hortoniabank/us_customers'","queryText":"create external table if not exists hortoniabank.us_customers(\n                                    number               string\n                                  , gender               string\n                                  , title                string\n                                  , givenname            string\n                                  , middleinitial        string\n                                  , surname              string\n                                  , streetaddress        string\n                                  , city                 string\n                                  , state                string\n                                  , statefull            string\n                                  , zipcode              string\n                                  , country              string\n                                  , countryfull          string\n                                  , emailaddress         string\n                                  , username             string\n                                  , password             string\n                                  , telephonenumber      string\n                                  , telephonecountrycode string\n                                  , mothersmaiden        string\n                                  , birthday             string\n                                  , age                  int\n                                  , tropicalzodiac       string\n                                  , cctype               string\n                                  , ccnumber             string\n                                  , cvv2                 string\n                                  , ccexpires            string\n                                  , nationalid           string\n                                  , mrn                  string\n                                  , insuranceid          string\n                                  , eyecolor             string\n                                  , occupation           string\n                                  , company              string\n                                  , vehicle              string\n                                  , domain               string\n                                  , bloodtype            string\n                                  , weight               double\n                                  , height               int\n                                  , latitude             double\n                                  , longitude            double\n                                 ) row format delimited\n                                   fields terminated by ','\n                                   stored as textfile\n                                   location '/hive_data/hortoniabank/us_customers'","startTime":1511511738703,"operationType":"CREATETABLE","queryPlan":"Not Supported","endTime":1511511739708},"guid":"75cd492b-9f06-4fbe-9755-f841b2b61d26","status":"ACTIVE","createdBy":"hive","updatedBy":"hive","createTime":1511513315011,"updateTime":1511513315011,"version":0,"classifications":[]}}