{"referredEntities":{},"entity":{"typeName":"hive_column_lineage","attributes":{"owner":null,"outputs":[{"guid":"ed29726f-93ea-48e5-a25a-cc030d61357d","typeName":"hive_column"}],"expression":null,"qualifiedName":"QUERY:consent_master.consent_data@hdp:1523603838000->:INSERT:consent_master.consent_data_trans@hdp:1523603886000:loyaltyconsent","inputs":[{"guid":"5ab6bda5-42e0-4693-bddb-e3351ae80b15","typeName":"hive_column"}],"query":{"guid":"98fe8b4f-5621-4be1-88fb-405139cd6e32","typeName":"hive_process"},"name":"insert into consent_master.consent_data_trans select * from consent_master.consent_data:loyaltyconsent","description":null,"depenendencyType":"SIMPLE"},"guid":"771ed878-d608-4a55-8feb-1de85ad083a2","status":"ACTIVE","createdBy":"hive","updatedBy":"hive","createTime":1523603913525,"updateTime":1523603913525,"version":0,"classifications":[]}}