{"referredEntities":{"3a1b2990-2489-42ff-9f07-bdc94f14e239":{"typeName":"hive_column","attributes":{"owner":"hive","qualifiedName":"cost_savings.claim_savings.name@hdp","name":"name","description":null,"comment":null,"position":1,"type":"string","table":{"guid":"79b09378-7cdb-49b1-a708-2c474664f7a8","typeName":"hive_table"}},"guid":"3a1b2990-2489-42ff-9f07-bdc94f14e239","status":"ACTIVE","createdBy":"hive","updatedBy":"hive","createTime":1523603850415,"updateTime":1523603862396,"version":0,"classifications":[]},"5e056071-a28d-4f53-8218-3d7b239cecf1":{"typeName":"hive_column","attributes":{"owner":"hive","qualifiedName":"cost_savings.claim_savings.reportdate@hdp","name":"reportdate","description":null,"comment":null,"position":0,"type":"date","table":{"guid":"79b09378-7cdb-49b1-a708-2c474664f7a8","typeName":"hive_table"}},"guid":"5e056071-a28d-4f53-8218-3d7b239cecf1","status":"ACTIVE","createdBy":"hive","updatedBy":"hive","createTime":1523603850415,"updateTime":1523603862396,"version":0,"classifications":[]},"284b795f-de47-4f27-9efc-72272eff20bc":{"typeName":"hive_column","attributes":{"owner":"hive","qualifiedName":"cost_savings.claim_savings.latitude@hdp","name":"latitude","description":null,"comment":null,"position":6,"type":"decimal(10,0)","table":{"guid":"79b09378-7cdb-49b1-a708-2c474664f7a8","typeName":"hive_table"}},"guid":"284b795f-de47-4f27-9efc-72272eff20bc","status":"ACTIVE","createdBy":"hive","updatedBy":"hive","createTime":1523603850415,"updateTime":1523603862396,"version":0,"classifications":[]},"892aecd5-7c4b-49f2-b879-d248575f357a":{"typeName":"hive_column","attributes":{"owner":"hive","qualifiedName":"cost_savings.claim_savings.sequenceid@hdp","name":"sequenceid","description":null,"comment":null,"position":2,"type":"int","table":{"guid":"79b09378-7cdb-49b1-a708-2c474664f7a8","typeName":"hive_table"}},"guid":"892aecd5-7c4b-49f2-b879-d248575f357a","status":"ACTIVE","createdBy":"hive","updatedBy":"hive","createTime":1523603850415,"updateTime":1523603862396,"version":0,"classifications":[]},"8b03a0fa-0783-4689-a017-aa9b20a0c43f":{"typeName":"hive_column","attributes":{"owner":"hive","qualifiedName":"cost_savings.claim_savings.claimid@hdp","name":"claimid","description":null,"comment":null,"position":3,"type":"int","table":{"guid":"79b09378-7cdb-49b1-a708-2c474664f7a8","typeName":"hive_table"}},"guid":"8b03a0fa-0783-4689-a017-aa9b20a0c43f","status":"ACTIVE","createdBy":"hive","updatedBy":"hive","createTime":1523603850415,"updateTime":1523603862396,"version":0,"classifications":[]},"063712d5-8aea-4e92-a826-e9342769b671":{"typeName":"hive_storagedesc","attributes":{"bucketCols":null,"qualifiedName":"cost_savings.claim_savings@hdp_storage","sortCols":null,"storedAsSubDirectories":false,"location":"hdfs://abajwa-dws-hortonia30.field.hortonworks.com:8020/hive_data/cost_savings","compressed":false,"inputFormat":"org.apache.hadoop.mapred.TextInputFormat","outputFormat":"org.apache.hadoop.hive.ql.io.HiveIgnoreKeyTextOutputFormat","parameters":null,"table":{"guid":"79b09378-7cdb-49b1-a708-2c474664f7a8","typeName":"hive_table"},"serdeInfo":{"typeName":"hive_serde","attributes":{"serializationLib":"org.apache.hadoop.hive.serde2.lazy.LazySimpleSerDe","name":null,"parameters":{"serialization.format":",","field.delim":","}}},"numBuckets":-1},"guid":"063712d5-8aea-4e92-a826-e9342769b671","status":"ACTIVE","createdBy":"hive","updatedBy":"hive","createTime":1523603850415,"updateTime":1523603862396,"version":0,"classifications":[]},"66fbf519-2912-47bf-bc3e-40db6ac9a795":{"typeName":"hive_column","attributes":{"owner":"hive","qualifiedName":"cost_savings.claim_savings.longitude@hdp","name":"longitude","description":null,"comment":null,"position":7,"type":"decimal(10,0)","table":{"guid":"79b09378-7cdb-49b1-a708-2c474664f7a8","typeName":"hive_table"}},"guid":"66fbf519-2912-47bf-bc3e-40db6ac9a795","status":"ACTIVE","createdBy":"hive","updatedBy":"hive","createTime":1523603850415,"updateTime":1523603862396,"version":0,"classifications":[]},"36796e44-328d-4826-b2db-811d07e2190c":{"typeName":"hive_column","attributes":{"owner":"hive","qualifiedName":"cost_savings.claim_savings.eligibilitycode@hdp","name":"eligibilitycode","description":null,"comment":null,"position":5,"type":"int","table":{"guid":"79b09378-7cdb-49b1-a708-2c474664f7a8","typeName":"hive_table"}},"guid":"36796e44-328d-4826-b2db-811d07e2190c","status":"ACTIVE","createdBy":"hive","updatedBy":"hive","createTime":1523603850415,"updateTime":1523603862396,"version":0,"classifications":[]},"d9f4e7f0-b4b3-487b-8656-566f69eb5424":{"typeName":"hive_column","attributes":{"owner":"hive","qualifiedName":"cost_savings.claim_savings.costsavings@hdp","name":"costsavings","description":null,"comment":null,"position":4,"type":"int","table":{"guid":"79b09378-7cdb-49b1-a708-2c474664f7a8","typeName":"hive_table"}},"guid":"d9f4e7f0-b4b3-487b-8656-566f69eb5424","status":"ACTIVE","createdBy":"hive","updatedBy":"hive","createTime":1523603850415,"updateTime":1523603862396,"version":0,"classifications":[]}},"entity":{"typeName":"hive_table","attributes":{"owner":"hive","temporary":false,"lastAccessTime":1523603834000,"aliases":null,"qualifiedName":"cost_savings.claim_savings@hdp","columns":[{"guid":"5e056071-a28d-4f53-8218-3d7b239cecf1","typeName":"hive_column"},{"guid":"3a1b2990-2489-42ff-9f07-bdc94f14e239","typeName":"hive_column"},{"guid":"892aecd5-7c4b-49f2-b879-d248575f357a","typeName":"hive_column"},{"guid":"8b03a0fa-0783-4689-a017-aa9b20a0c43f","typeName":"hive_column"},{"guid":"d9f4e7f0-b4b3-487b-8656-566f69eb5424","typeName":"hive_column"},{"guid":"36796e44-328d-4826-b2db-811d07e2190c","typeName":"hive_column"},{"guid":"284b795f-de47-4f27-9efc-72272eff20bc","typeName":"hive_column"},{"guid":"66fbf519-2912-47bf-bc3e-40db6ac9a795","typeName":"hive_column"}],"description":null,"viewExpandedText":null,"sd":{"guid":"063712d5-8aea-4e92-a826-e9342769b671","typeName":"hive_storagedesc"},"tableType":"EXTERNAL_TABLE","createTime":1523603834000,"name":"claim_savings","comment":"Claims Savings","partitionKeys":null,"parameters":{"transient_lastDdlTime":"1523603834","comment":"Claims Savings","totalSize":"6830","EXTERNAL":"TRUE","numFiles":"1"},"db":{"guid":"cfe855f5-1a3b-4019-8d38-6a2ab2bcb401","typeName":"hive_db"},"retention":0,"viewOriginalText":null},"guid":"79b09378-7cdb-49b1-a708-2c474664f7a8","status":"ACTIVE","createdBy":"hive","updatedBy":"hive","createTime":1523603850415,"updateTime":1523603862396,"version":0,"classifications":[]}}