{"referredEntities":{},"entity":{"typeName":"hive_column_lineage","attributes":{"owner":null,"outputs":[{"guid":"9c13d224-6b5a-41df-950c-137ba7112776","typeName":"hive_column"}],"expression":null,"qualifiedName":"QUERY:hortoniabank.us_customers@hdp:1523603830000->:INSERT:hortoniabank.us_customers_trans@hdp:1523603916000:latitude","inputs":[{"guid":"c619fa3a-1694-47a3-a408-abeb412db937","typeName":"hive_column"}],"query":{"guid":"a894d186-47c4-4116-8741-4d0124e74a76","typeName":"hive_process"},"name":"insert into hortoniabank.us_customers_trans select * from hortoniabank.us_customers:latitude","description":null,"depenendencyType":"SIMPLE"},"guid":"7a54d67e-1c0a-4fc3-ac6a-98bb4a8328d2","status":"ACTIVE","createdBy":"hive","updatedBy":"hive","createTime":1523603970175,"updateTime":1523603970175,"version":0,"classifications":[]}}