{"referredEntities":{},"entity":{"typeName":"hive_column_lineage","attributes":{"owner":null,"outputs":[{"guid":"5bcec3d5-bb6e-4d3e-8e5a-8012495ea76c","typeName":"hive_column"}],"expression":null,"qualifiedName":"QUERY:hortoniabank.us_customers@hdp:1523603830000->:INSERT:hortoniabank.us_customers_trans@hdp:1523603916000:weight","inputs":[{"guid":"1bdf6562-ad34-4c46-9c95-31c472534bf3","typeName":"hive_column"}],"query":{"guid":"a894d186-47c4-4116-8741-4d0124e74a76","typeName":"hive_process"},"name":"insert into hortoniabank.us_customers_trans select * from hortoniabank.us_customers:weight","description":null,"depenendencyType":"SIMPLE"},"guid":"7c13df10-0b42-4fb2-8ec6-24338321f083","status":"ACTIVE","createdBy":"hive","updatedBy":"hive","createTime":1523603955727,"updateTime":1523603955727,"version":0,"classifications":[]}}