{"referredEntities":{},"entity":{"typeName":"hive_column_lineage","attributes":{"owner":null,"outputs":[{"guid":"e5b4fbce-77d9-4516-8880-539b432af466","typeName":"hive_column"}],"expression":null,"qualifiedName":"claim.claims_view@hdp:1511511743000:name","inputs":[{"guid":"1c1c16a8-5066-457d-94a2-9064367a990f","typeName":"hive_column"}],"query":{"guid":"4ec0a67e-da9f-4421-9067-dd4dc81596e0","typeName":"hive_process"},"name":"create view if not exists claim.claims_view as select * from cost_savings.claim_savings:name","description":null,"depenendencyType":"SIMPLE"},"guid":"7ca09135-af45-4394-913d-bbbdc4fb234f","status":"ACTIVE","createdBy":"hive","updatedBy":"hive","createTime":1511513328794,"updateTime":1511513328794,"version":0,"classifications":[]}}