{"referredEntities":{},"entity":{"typeName":"hdfs_path","attributes":{"owner":null,"modifiedTime":0,"isFile":false,"numberOfReplicas":0,"qualifiedName":"hdfs://demo.hortonworks.com:8020/hive_data/finance/tax_2015","description":null,"extendedAttributes":null,"path":"hdfs://demo.hortonworks.com:8020/hive_data/finance/tax_2015","posixPermissions":null,"createTime":0,"fileSize":0,"clusterName":"hdp","name":"/hive_data/finance/tax_2015","isSymlink":false,"group":null},"guid":"7eb7bb35-6aa7-41e5-bcb9-86d69c71a7d1","status":"ACTIVE","createdBy":"hive","updatedBy":"admin","createTime":1511513319316,"updateTime":1523604597968,"version":0,"classifications":[]}}