{"referredEntities":{},"entity":{"typeName":"hive_column_lineage","attributes":{"owner":null,"outputs":[{"guid":"7e136812-c5b5-4583-89fb-e4252c86651f","typeName":"hive_column"}],"expression":null,"qualifiedName":"QUERY:consent_master.consent_data@hdp:1523603838000->:INSERT:consent_master.consent_data_trans@hdp:1523603886000:thirdpartyconsent","inputs":[{"guid":"bae659d8-3336-4ec0-9cb9-b662c44de38a","typeName":"hive_column"}],"query":{"guid":"98fe8b4f-5621-4be1-88fb-405139cd6e32","typeName":"hive_process"},"name":"insert into consent_master.consent_data_trans select * from consent_master.consent_data:thirdpartyconsent","description":null,"depenendencyType":"SIMPLE"},"guid":"7fcf2fee-7ed5-48ed-a043-fdf135322aa0","status":"ACTIVE","createdBy":"hive","updatedBy":"hive","createTime":1523603912168,"updateTime":1523603912168,"version":0,"classifications":[]}}