{"referredEntities":{},"entity":{"typeName":"hive_column_lineage","attributes":{"owner":null,"outputs":[{"guid":"48d9e055-06eb-4e45-9c68-c109b8ba1b2f","typeName":"hive_column"}],"expression":null,"qualifiedName":"QUERY:hortoniabank.us_customers@hdp:1523603830000->:INSERT:hortoniabank.us_customers_trans@hdp:1523603916000:longitude","inputs":[{"guid":"d1d64f83-0e8c-48ca-bdbb-7c30f8d51414","typeName":"hive_column"}],"query":{"guid":"a894d186-47c4-4116-8741-4d0124e74a76","typeName":"hive_process"},"name":"insert into hortoniabank.us_customers_trans select * from hortoniabank.us_customers:longitude","description":null,"depenendencyType":"SIMPLE"},"guid":"80201ac5-98b9-4e15-a8a9-40f56cd41904","status":"ACTIVE","createdBy":"hive","updatedBy":"hive","createTime":1523603968665,"updateTime":1523603968665,"version":0,"classifications":[]}}