{"referredEntities":{"bae659d8-3336-4ec0-9cb9-b662c44de38a":{"typeName":"hive_column","attributes":{"owner":"hive","qualifiedName":"consent_master.consent_data.thirdpartyconsent@hdp","name":"thirdpartyconsent","description":null,"comment":null,"position":7,"type":"string","table":{"guid":"83691495-05f4-41ca-a49e-4c8ed4c027a7","typeName":"hive_table"}},"guid":"bae659d8-3336-4ec0-9cb9-b662c44de38a","status":"ACTIVE","createdBy":"hive","updatedBy":"hive","createTime":1523603862894,"updateTime":1523603983599,"version":0,"classifications":[]},"0610ece6-8087-4664-8cab-75001b3045f7":{"typeName":"hive_column","attributes":{"owner":"hive","qualifiedName":"consent_master.consent_data.thirdpartyconsentstartdate@hdp","name":"thirdpartyconsentstartdate","description":null,"comment":null,"position":8,"type":"date","table":{"guid":"83691495-05f4-41ca-a49e-4c8ed4c027a7","typeName":"hive_table"}},"guid":"0610ece6-8087-4664-8cab-75001b3045f7","status":"ACTIVE","createdBy":"hive","updatedBy":"hive","createTime":1523603862894,"updateTime":1523603983599,"version":0,"classifications":[]},"9d2451f7-45ff-4dc9-90ba-4f3b812f6461":{"typeName":"hive_column","attributes":{"owner":"hive","qualifiedName":"consent_master.consent_data.insuranceid@hdp","name":"insuranceid","description":null,"comment":null,"position":2,"type":"int","table":{"guid":"83691495-05f4-41ca-a49e-4c8ed4c027a7","typeName":"hive_table"}},"guid":"9d2451f7-45ff-4dc9-90ba-4f3b812f6461","status":"ACTIVE","createdBy":"hive","updatedBy":"hive","createTime":1523603862894,"updateTime":1523603983599,"version":0,"classifications":[]},"a12022d1-c892-48f7-82fe-56d621cae324":{"typeName":"hive_column","attributes":{"owner":"hive","qualifiedName":"consent_master.consent_data.loyaltyconsentstartdate@hdp","name":"loyaltyconsentstartdate","description":null,"comment":null,"position":6,"type":"date","table":{"guid":"83691495-05f4-41ca-a49e-4c8ed4c027a7","typeName":"hive_table"}},"guid":"a12022d1-c892-48f7-82fe-56d621cae324","status":"ACTIVE","createdBy":"hive","updatedBy":"hive","createTime":1523603862894,"updateTime":1523603983599,"version":0,"classifications":[]},"f871232a-c18f-44ff-8182-658b57457861":{"typeName":"hive_storagedesc","attributes":{"bucketCols":null,"qualifiedName":"consent_master.consent_data@hdp_storage","sortCols":null,"storedAsSubDirectories":false,"location":"hdfs://abajwa-dws-hortonia30.field.hortonworks.com:8020/hive_data/consent","compressed":false,"inputFormat":"org.apache.hadoop.mapred.TextInputFormat","outputFormat":"org.apache.hadoop.hive.ql.io.HiveIgnoreKeyTextOutputFormat","parameters":null,"table":{"guid":"83691495-05f4-41ca-a49e-4c8ed4c027a7","typeName":"hive_table"},"serdeInfo":{"typeName":"hive_serde","attributes":{"serializationLib":"org.apache.hadoop.hive.serde2.lazy.LazySimpleSerDe","name":null,"parameters":{"serialization.format":",","field.delim":","}}},"numBuckets":-1},"guid":"f871232a-c18f-44ff-8182-658b57457861","status":"ACTIVE","createdBy":"hive","updatedBy":"hive","createTime":1523603862894,"updateTime":1523603983599,"version":0,"classifications":[]},"5ab6bda5-42e0-4693-bddb-e3351ae80b15":{"typeName":"hive_column","attributes":{"owner":"hive","qualifiedName":"consent_master.consent_data.loyaltyconsent@hdp","name":"loyaltyconsent","description":null,"comment":null,"position":5,"type":"string","table":{"guid":"83691495-05f4-41ca-a49e-4c8ed4c027a7","typeName":"hive_table"}},"guid":"5ab6bda5-42e0-4693-bddb-e3351ae80b15","status":"ACTIVE","createdBy":"hive","updatedBy":"hive","createTime":1523603862894,"updateTime":1523603983599,"version":0,"classifications":[]},"256e62d6-1a52-4618-8cfa-39b43763dd74":{"typeName":"hive_column","attributes":{"owner":"hive","qualifiedName":"consent_master.consent_data.country@hdp","name":"country","description":null,"comment":null,"position":0,"type":"string","table":{"guid":"83691495-05f4-41ca-a49e-4c8ed4c027a7","typeName":"hive_table"}},"guid":"256e62d6-1a52-4618-8cfa-39b43763dd74","status":"ACTIVE","createdBy":"hive","updatedBy":"hive","createTime":1523603862894,"updateTime":1523603983599,"version":0,"classifications":[]},"3e4c9c99-9d3c-4bbd-930d-b4afed6fc248":{"typeName":"hive_column","attributes":{"owner":"hive","qualifiedName":"consent_master.consent_data.marketingconsentstartdate@hdp","name":"marketingconsentstartdate","description":null,"comment":null,"position":4,"type":"date","table":{"guid":"83691495-05f4-41ca-a49e-4c8ed4c027a7","typeName":"hive_table"}},"guid":"3e4c9c99-9d3c-4bbd-930d-b4afed6fc248","status":"ACTIVE","createdBy":"hive","updatedBy":"hive","createTime":1523603862894,"updateTime":1523603983599,"version":0,"classifications":[]},"e747ac3d-d9b2-4a77-b102-c0650f545f09":{"typeName":"hive_column","attributes":{"owner":"hive","qualifiedName":"consent_master.consent_data.marketingconsent@hdp","name":"marketingconsent","description":null,"comment":null,"position":3,"type":"string","table":{"guid":"83691495-05f4-41ca-a49e-4c8ed4c027a7","typeName":"hive_table"}},"guid":"e747ac3d-d9b2-4a77-b102-c0650f545f09","status":"ACTIVE","createdBy":"hive","updatedBy":"hive","createTime":1523603862894,"updateTime":1523603983599,"version":0,"classifications":[]},"7f165586-9b8c-4ed1-a88d-b7c99a345c4c":{"typeName":"hive_column","attributes":{"owner":"hive","qualifiedName":"consent_master.consent_data.countryfull@hdp","name":"countryfull","description":null,"comment":null,"position":1,"type":"string","table":{"guid":"83691495-05f4-41ca-a49e-4c8ed4c027a7","typeName":"hive_table"}},"guid":"7f165586-9b8c-4ed1-a88d-b7c99a345c4c","status":"ACTIVE","createdBy":"hive","updatedBy":"hive","createTime":1523603862894,"updateTime":1523603983599,"version":0,"classifications":[]}},"entity":{"typeName":"hive_table","attributes":{"owner":"hive","temporary":false,"lastAccessTime":1523603838000,"aliases":null,"qualifiedName":"consent_master.consent_data@hdp","columns":[{"guid":"256e62d6-1a52-4618-8cfa-39b43763dd74","typeName":"hive_column"},{"guid":"7f165586-9b8c-4ed1-a88d-b7c99a345c4c","typeName":"hive_column"},{"guid":"9d2451f7-45ff-4dc9-90ba-4f3b812f6461","typeName":"hive_column"},{"guid":"e747ac3d-d9b2-4a77-b102-c0650f545f09","typeName":"hive_column"},{"guid":"3e4c9c99-9d3c-4bbd-930d-b4afed6fc248","typeName":"hive_column"},{"guid":"5ab6bda5-42e0-4693-bddb-e3351ae80b15","typeName":"hive_column"},{"guid":"a12022d1-c892-48f7-82fe-56d621cae324","typeName":"hive_column"},{"guid":"bae659d8-3336-4ec0-9cb9-b662c44de38a","typeName":"hive_column"},{"guid":"0610ece6-8087-4664-8cab-75001b3045f7","typeName":"hive_column"}],"description":null,"viewExpandedText":null,"sd":{"guid":"f871232a-c18f-44ff-8182-658b57457861","typeName":"hive_storagedesc"},"tableType":"EXTERNAL_TABLE","createTime":1523603838000,"name":"consent_data","comment":null,"partitionKeys":null,"parameters":{"skip.header.line.count":"1","transient_lastDdlTime":"1523603838","totalSize":"3303010","EXTERNAL":"TRUE","COLUMN_STATS_ACCURATE":"{\"COLUMN_STATS\":{\"country\":\"true\",\"countryfull\":\"true\",\"insuranceid\":\"true\",\"marketingconsent\":\"true\",\"marketingconsentstartdate\":\"true\",\"loyaltyconsent\":\"true\",\"loyaltyconsentstartdate\":\"true\",\"thirdpartyconsent\":\"true\",\"thirdpartyconsentstartdate\":\"true\"}}","numFiles":"1"},"db":{"guid":"7eb9fdd5-5b16-4c81-9d63-c79a1676571a","typeName":"hive_db"},"retention":0,"viewOriginalText":null},"guid":"83691495-05f4-41ca-a49e-4c8ed4c027a7","status":"ACTIVE","createdBy":"hive","updatedBy":"hive","createTime":1523603862894,"updateTime":1523603983599,"version":0,"classifications":[]}}