{"referredEntities":{},"entity":{"typeName":"hive_column_lineage","attributes":{"owner":null,"outputs":[{"guid":"9cd27113-d3f3-4766-9d50-05916f626f27","typeName":"hive_column"}],"expression":null,"qualifiedName":"QUERY:hortoniabank.ww_customers@hdp:1523603829000->:INSERT:hortoniabank.ww_customers_trans@hdp:1523603909000:zipcode","inputs":[{"guid":"cbe70875-efd4-48b4-9f9d-fa32393bf347","typeName":"hive_column"}],"query":{"guid":"92ff2bb9-5bdc-4405-b3d4-39c7c05c7a9d","typeName":"hive_process"},"name":"insert into hortoniabank.ww_customers_trans select * from hortoniabank.ww_customers:zipcode","description":null,"depenendencyType":"SIMPLE"},"guid":"85bdd500-1523-4176-bd87-108ed5095180","status":"ACTIVE","createdBy":"hive","updatedBy":"hive","createTime":1523603934005,"updateTime":1523603934005,"version":0,"classifications":[]}}