{"referredEntities":{},"entity":{"typeName":"hive_column_lineage","attributes":{"owner":null,"outputs":[{"guid":"48b9f7d5-bb54-4051-a1db-d851194c203b","typeName":"hive_column"}],"expression":null,"qualifiedName":"QUERY:consent_master.consent_data@hdp:1523603838000->:INSERT:erasure_master.data_erasure_trans@hdp:1523603923000:country","inputs":[{"guid":"256e62d6-1a52-4618-8cfa-39b43763dd74","typeName":"hive_column"}],"query":{"guid":"1e07aa94-7449-42fe-a111-899d6ec6de95","typeName":"hive_process"},"name":"insert into erasure_master.data_erasure_trans select country, countryfull, insuranceid, marketingconsent, marketingconsentstartdate, loyaltyconsent from consent_master.consent_data limit 500:country","description":null,"depenendencyType":"SIMPLE"},"guid":"861b37db-59a8-464f-b798-41da9185479d","status":"ACTIVE","createdBy":"hive","updatedBy":"hive","createTime":1523603982726,"updateTime":1523603982726,"version":0,"classifications":[]}}