{"referredEntities":{},"entity":{"typeName":"hive_column_lineage","attributes":{"owner":null,"outputs":[{"guid":"eedc2292-6f0f-472e-837a-b678c7d6a607","typeName":"hive_column"}],"expression":null,"qualifiedName":"QUERY:hortoniabank.us_customers@hdp:1523603830000->:INSERT:hortoniabank.us_customers_trans@hdp:1523603916000:tropicalzodiac","inputs":[{"guid":"2d8e30f6-146e-4cb6-b061-06e011057930","typeName":"hive_column"}],"query":{"guid":"a894d186-47c4-4116-8741-4d0124e74a76","typeName":"hive_process"},"name":"insert into hortoniabank.us_customers_trans select * from hortoniabank.us_customers:tropicalzodiac","description":null,"depenendencyType":"SIMPLE"},"guid":"862a90ee-b766-4f68-b259-0520743f8fe2","status":"ACTIVE","createdBy":"hive","updatedBy":"hive","createTime":1523603978972,"updateTime":1523603978972,"version":0,"classifications":[]}}