{"referredEntities":{},"entity":{"typeName":"hive_column_lineage","attributes":{"owner":null,"outputs":[{"guid":"db39454a-5ae9-4b39-b2ff-3f5cf634e0b6","typeName":"hive_column"}],"expression":null,"qualifiedName":"QUERY:consent_master.consent_data@hdp:1523603838000->:INSERT:consent_master.consent_data_trans@hdp:1523603886000:marketingconsentstartdate","inputs":[{"guid":"3e4c9c99-9d3c-4bbd-930d-b4afed6fc248","typeName":"hive_column"}],"query":{"guid":"98fe8b4f-5621-4be1-88fb-405139cd6e32","typeName":"hive_process"},"name":"insert into consent_master.consent_data_trans select * from consent_master.consent_data:marketingconsentstartdate","description":null,"depenendencyType":"SIMPLE"},"guid":"8640a7de-0f72-40ab-b94e-c3b727a9a4ed","status":"ACTIVE","createdBy":"hive","updatedBy":"hive","createTime":1523603911820,"updateTime":1523603911820,"version":0,"classifications":[]}}