{"referredEntities":{},"entity":{"typeName":"hive_column_lineage","attributes":{"owner":null,"outputs":[{"guid":"06a0c507-74ca-474b-8ca1-792e3ac6ff19","typeName":"hive_column"}],"expression":null,"qualifiedName":"claim.prov_view@hdp:1511511743000:providername","inputs":[{"guid":"1a3bb50f-b4b3-4b48-b9e5-286ac43af9c7","typeName":"hive_column"}],"query":{"guid":"48e5449d-9813-4801-bcb9-e70ada315f3f","typeName":"hive_process"},"name":"create view if not exists claim.prov_view as select * from claim.provider_summary:providername","description":null,"depenendencyType":"SIMPLE"},"guid":"8787f4e6-6c44-4e37-a79b-082a7f7e86be","status":"ACTIVE","createdBy":"hive","updatedBy":"admin","createTime":1511513322711,"updateTime":1521855544552,"version":0,"classifications":[]}}