{"referredEntities":{},"entity":{"typeName":"hive_column_lineage","attributes":{"owner":null,"outputs":[{"guid":"9f73fc8c-b3d3-4427-bd90-1b9490053934","typeName":"hive_column"}],"expression":null,"qualifiedName":"claim.claims_view@hdp:1511511743000:longitude","inputs":[{"guid":"e7c4f9fc-7c25-4df6-a2d6-00bfa5b3a720","typeName":"hive_column"}],"query":{"guid":"4ec0a67e-da9f-4421-9067-dd4dc81596e0","typeName":"hive_process"},"name":"create view if not exists claim.claims_view as select * from cost_savings.claim_savings:longitude","description":null,"depenendencyType":"SIMPLE"},"guid":"88a993f9-6ae0-4532-a692-338ecf2f4d62","status":"ACTIVE","createdBy":"hive","updatedBy":"hive","createTime":1511513329469,"updateTime":1511513329469,"version":0,"classifications":[]}}