{"referredEntities":{},"entity":{"typeName":"hive_column_lineage","attributes":{"owner":null,"outputs":[{"guid":"35a10512-295d-4dc3-b811-5182ae47d747","typeName":"hive_column"}],"expression":null,"qualifiedName":"claim.prov_view@hdp:1523603836000:providerstreetaddress","inputs":[{"guid":"c7741653-26b8-41dc-922b-e91ded72d8de","typeName":"hive_column"}],"query":{"guid":"f93437bb-9d89-4a25-861e-7b33729c31d4","typeName":"hive_process"},"name":"create view if not exists claim.prov_view as select * from claim.provider_summary:providerstreetaddress","description":null,"depenendencyType":"SIMPLE"},"guid":"8916bef6-0d4a-4314-96ca-8f4ad238c8e2","status":"ACTIVE","createdBy":"hive","updatedBy":"hive","createTime":1523603857195,"updateTime":1523603857195,"version":0,"classifications":[]}}