{"referredEntities":{},"entity":{"typeName":"hdfs_path","attributes":{"owner":null,"modifiedTime":0,"isFile":false,"numberOfReplicas":0,"qualifiedName":"hdfs://abajwa-dws-hortonia30.field.hortonworks.com:8020/hive_data/finance/tax_2009","description":null,"extendedAttributes":null,"path":"hdfs://abajwa-dws-hortonia30.field.hortonworks.com:8020/hive_data/finance/tax_2009","posixPermissions":null,"createTime":0,"fileSize":0,"clusterName":"hdp","name":"/hive_data/finance/tax_2009","isSymlink":false,"group":null},"guid":"894c312b-dfb1-48a3-baf8-6682171f0ef3","status":"ACTIVE","createdBy":"hive","updatedBy":"hive","createTime":1523603848280,"updateTime":1523603848280,"version":0,"classifications":[]}}