{"referredEntities":{},"entity":{"typeName":"hive_process","attributes":{"owner":null,"outputs":[{"guid":"63511ee8-c081-4733-b0c9-fa984a6d27b3","typeName":"hive_table"}],"queryGraph":null,"recentQueries":["create external table if not exists claim.provider_summary(\n                                      providerid string\n                                    , providername string\n                                    , providerstreetaddress string\n                                    , providercity string\n                                    , providerstate string\n                                    , providerzip string\n                                    , providerreferralregion string\n                                    , totaldischarges int\n                                    , averagecoveredcharges decimal(10,2)\n                                    , averagetotalpayments decimal(10,2)\n                                    , averagemedicarepayments decimal(10,2)\n                                   ) comment 'provider summary'\n                                     row format delimited\n                                     fields terminated by ','\n                                     stored as textfile\n                                     location '/hive_data/claim'"],"qualifiedName":"claim.provider_summary@hdp:1523603835000","inputs":[{"guid":"bfbf2ae7-cdea-41cd-9316-835573b838c8","typeName":"hdfs_path"}],"description":null,"userName":"hive","queryId":"hive_20180413071715_c59ccc51-213c-4738-b89f-34c46fea6926","clusterName":"hdp","name":"create external table if not exists claim.provider_summary(\n                                      providerid string\n                                    , providername string\n                                    , providerstreetaddress string\n                                    , providercity string\n                                    , providerstate string\n                                    , providerzip string\n                                    , providerreferralregion string\n                                    , totaldischarges int\n                                    , averagecoveredcharges decimal(10,2)\n                                    , averagetotalpayments decimal(10,2)\n                                    , averagemedicarepayments decimal(10,2)\n                                   ) comment 'provider summary'\n                                     row format delimited\n                                     fields terminated by ','\n                                     stored as textfile\n                                     location '/hive_data/claim'","queryText":"create external table if not exists claim.provider_summary(\n                                      providerid string\n                                    , providername string\n                                    , providerstreetaddress string\n                                    , providercity string\n                                    , providerstate string\n                                    , providerzip string\n                                    , providerreferralregion string\n                                    , totaldischarges int\n                                    , averagecoveredcharges decimal(10,2)\n                                    , averagetotalpayments decimal(10,2)\n                                    , averagemedicarepayments decimal(10,2)\n                                   ) comment 'provider summary'\n                                     row format delimited\n                                     fields terminated by ','\n                                     stored as textfile\n                                     location '/hive_data/claim'","startTime":1523603835397,"operationType":"CREATETABLE","queryPlan":"Not Supported","endTime":1523603835926},"guid":"8a130a15-e38e-443a-bb23-8d994097a171","status":"ACTIVE","createdBy":"hive","updatedBy":"hive","createTime":1523603852031,"updateTime":1523603852031,"version":0,"classifications":[]}}