{"referredEntities":{},"entity":{"typeName":"hive_column_lineage","attributes":{"owner":null,"outputs":[{"guid":"8f0d1737-e8aa-49ae-86e3-9bb9fd0eb922","typeName":"hive_column"}],"expression":null,"qualifiedName":"QUERY:hortoniabank.ww_customers@hdp:1523603829000->:INSERT:hortoniabank.ww_customers_trans@hdp:1523603909000:surname","inputs":[{"guid":"d8c865fb-30db-429d-b421-a2adfa218493","typeName":"hive_column"}],"query":{"guid":"92ff2bb9-5bdc-4405-b3d4-39c7c05c7a9d","typeName":"hive_process"},"name":"insert into hortoniabank.ww_customers_trans select * from hortoniabank.ww_customers:surname","description":null,"depenendencyType":"SIMPLE"},"guid":"8a65e115-0ddf-40d4-938d-a35980216bf9","status":"ACTIVE","createdBy":"hive","updatedBy":"hive","createTime":1523603920015,"updateTime":1523603920015,"version":0,"classifications":[]}}