{"referredEntities":{},"entity":{"typeName":"hive_process","attributes":{"owner":null,"outputs":[{"guid":"fff4930d-99cb-46f1-9534-04b46af9d645","typeName":"hive_table"}],"queryGraph":null,"recentQueries":["create external table if not exists finance.tax_2015 (\n                                   ssn string\n                                 , fed_tax int\n                                 , state_tax int\n                                 , local_tax int\n                                ) row format delimited\n                                  fields terminated by ','\n                                  stored as textfile\n                                  location '/hive_data/finance/tax_2015'"],"qualifiedName":"finance.tax_2015@hdp:1523603833000","inputs":[{"guid":"30b41ae5-cda0-4016-a023-28dfac2e1c78","typeName":"hdfs_path"}],"description":null,"userName":"hive","queryId":"hive_20180413071713_1f16aa29-dd64-4bf9-bee6-638ba1c32d81","clusterName":"hdp","name":"create external table if not exists finance.tax_2015 (\n                                   ssn string\n                                 , fed_tax int\n                                 , state_tax int\n                                 , local_tax int\n                                ) row format delimited\n                                  fields terminated by ','\n                                  stored as textfile\n                                  location '/hive_data/finance/tax_2015'","queryText":"create external table if not exists finance.tax_2015 (\n                                   ssn string\n                                 , fed_tax int\n                                 , state_tax int\n                                 , local_tax int\n                                ) row format delimited\n                                  fields terminated by ','\n                                  stored as textfile\n                                  location '/hive_data/finance/tax_2015'","startTime":1523603833394,"operationType":"CREATETABLE","queryPlan":"Not Supported","endTime":1523603833937},"guid":"8bd30680-09c1-4cc5-9d0d-81091ca2ae99","status":"ACTIVE","createdBy":"hive","updatedBy":"hive","createTime":1523603850014,"updateTime":1523603850014,"version":0,"classifications":[]}}