{"referredEntities":{},"entity":{"typeName":"hdfs_path","attributes":{"owner":null,"modifiedTime":0,"isFile":false,"numberOfReplicas":0,"qualifiedName":"hdfs://abajwa-dws-hortonia30.field.hortonworks.com:8020/hive_data/hortoniabank/us_customers","description":null,"extendedAttributes":null,"path":"hdfs://abajwa-dws-hortonia30.field.hortonworks.com:8020/hive_data/hortoniabank/us_customers","posixPermissions":null,"createTime":0,"fileSize":0,"clusterName":"hdp","name":"/hive_data/hortoniabank/us_customers","isSymlink":false,"group":null},"guid":"8be769f1-71de-4c19-aeb5-5068da2276d0","status":"ACTIVE","createdBy":"hive","updatedBy":"hive","createTime":1523603846033,"updateTime":1523603846033,"version":0,"classifications":[]}}