{"referredEntities":{},"entity":{"typeName":"hive_column_lineage","attributes":{"owner":null,"outputs":[{"guid":"f8ec6b49-8054-4f01-ad8b-5cc8b5572437","typeName":"hive_column"}],"expression":null,"qualifiedName":"QUERY:hortoniabank.ww_customers@hdp:1523603829000->:INSERT:hortoniabank.ww_customers_trans@hdp:1523603909000:username","inputs":[{"guid":"d7dec43f-bbd2-46d2-aea7-1da684679815","typeName":"hive_column"}],"query":{"guid":"92ff2bb9-5bdc-4405-b3d4-39c7c05c7a9d","typeName":"hive_process"},"name":"insert into hortoniabank.ww_customers_trans select * from hortoniabank.ww_customers:username","description":null,"depenendencyType":"SIMPLE"},"guid":"8bffa9b8-8bb4-465a-ad1d-8e504c8d5a4a","status":"ACTIVE","createdBy":"hive","updatedBy":"hive","createTime":1523603923008,"updateTime":1523603923008,"version":0,"classifications":[]}}