{"referredEntities":{},"entity":{"typeName":"hive_column_lineage","attributes":{"owner":null,"outputs":[{"guid":"43d14705-1a39-4c10-98b6-c6924ea99969","typeName":"hive_column"}],"expression":null,"qualifiedName":"QUERY:hortoniabank.ww_customers@hdp:1523603829000->:INSERT:hortoniabank.ww_customers_trans@hdp:1523603909000:emailaddress","inputs":[{"guid":"fb641927-f36e-4b93-af9f-b0f948771606","typeName":"hive_column"}],"query":{"guid":"92ff2bb9-5bdc-4405-b3d4-39c7c05c7a9d","typeName":"hive_process"},"name":"insert into hortoniabank.ww_customers_trans select * from hortoniabank.ww_customers:emailaddress","description":null,"depenendencyType":"SIMPLE"},"guid":"8f4e2c08-6a5e-41ad-b001-aa81f8313770","status":"ACTIVE","createdBy":"hive","updatedBy":"hive","createTime":1523603929121,"updateTime":1523603929121,"version":0,"classifications":[]}}