{"referredEntities":{},"entity":{"typeName":"hive_column_lineage","attributes":{"owner":null,"outputs":[{"guid":"15442485-5181-4d32-9a62-844271f08ca6","typeName":"hive_column"}],"expression":null,"qualifiedName":"QUERY:hortoniabank.ww_customers@hdp:1523603829000->:INSERT:hortoniabank.ww_customers_trans@hdp:1523603909000:cvv2","inputs":[{"guid":"13f40cf6-b765-4c70-8e16-5a4d6a041eb1","typeName":"hive_column"}],"query":{"guid":"92ff2bb9-5bdc-4405-b3d4-39c7c05c7a9d","typeName":"hive_process"},"name":"insert into hortoniabank.ww_customers_trans select * from hortoniabank.ww_customers:cvv2","description":null,"depenendencyType":"SIMPLE"},"guid":"9138333b-0b13-4007-9dc5-c76eee2d1584","status":"ACTIVE","createdBy":"hive","updatedBy":"hive","createTime":1523603941930,"updateTime":1523603941930,"version":0,"classifications":[]}}