{"referredEntities":{},"entity":{"typeName":"hive_column_lineage","attributes":{"owner":null,"outputs":[{"guid":"1a05580d-0ced-45d9-9bcc-bd62da0a5c27","typeName":"hive_column"}],"expression":null,"qualifiedName":"QUERY:hortoniabank.ww_customers@hdp:1523603829000->:INSERT:hortoniabank.ww_customers_trans@hdp:1523603909000:password","inputs":[{"guid":"8abd5368-67db-4515-b196-3649f47ad160","typeName":"hive_column"}],"query":{"guid":"92ff2bb9-5bdc-4405-b3d4-39c7c05c7a9d","typeName":"hive_process"},"name":"insert into hortoniabank.ww_customers_trans select * from hortoniabank.ww_customers:password","description":null,"depenendencyType":"SIMPLE"},"guid":"9241b754-9711-40dd-91e6-3e7ebbb54290","status":"ACTIVE","createdBy":"hive","updatedBy":"hive","createTime":1523603944076,"updateTime":1523603944076,"version":0,"classifications":[]}}