{"referredEntities":{},"entity":{"typeName":"hive_process","attributes":{"owner":null,"outputs":[{"guid":"1065495e-1c58-461b-a5d9-6149b3db8975","typeName":"hive_table"}],"queryGraph":null,"recentQueries":["insert into hortoniabank.ww_customers_trans select * from hortoniabank.ww_customers"],"qualifiedName":"QUERY:hortoniabank.ww_customers@hdp:1523603829000->:INSERT:hortoniabank.ww_customers_trans@hdp:1523603909000","inputs":[{"guid":"f7e28ff2-f892-49c1-a0cf-7ce99061b0ed","typeName":"hive_table"}],"description":null,"userName":"hive","queryId":"hive_20180413071829_54f8ede3-803e-4021-9aac-87223a2b73b7","clusterName":"hdp","name":"insert into hortoniabank.ww_customers_trans select * from hortoniabank.ww_customers","queryText":"insert into hortoniabank.ww_customers_trans select * from hortoniabank.ww_customers","startTime":1523603909536,"operationType":"QUERY","queryPlan":"Not Supported","endTime":1523603916432},"guid":"92ff2bb9-5bdc-4405-b3d4-39c7c05c7a9d","status":"ACTIVE","createdBy":"hive","updatedBy":"hive","createTime":1523603918481,"updateTime":1523603948827,"version":0,"classifications":[]}}