{"referredEntities":{"06e69196-3083-41fd-a63c-340e2779950d":{"typeName":"hive_column","attributes":{"owner":"hive","qualifiedName":"claim.prov_view.providerstreetaddress@hdp","name":"providerstreetaddress","description":null,"comment":null,"position":2,"type":"string","table":{"guid":"931e0915-f329-476c-bd10-b46f54eb8700","typeName":"hive_table"}},"guid":"06e69196-3083-41fd-a63c-340e2779950d","status":"ACTIVE","createdBy":"hive","updatedBy":"hive","createTime":1511513321737,"updateTime":1511513326904,"version":0,"classifications":[]},"6fe4f292-0336-4730-baa5-b9dd4c6d84dc":{"typeName":"hive_column","attributes":{"owner":"hive","qualifiedName":"claim.prov_view.providerzip@hdp","name":"providerzip","description":null,"comment":null,"position":5,"type":"string","table":{"guid":"931e0915-f329-476c-bd10-b46f54eb8700","typeName":"hive_table"}},"guid":"6fe4f292-0336-4730-baa5-b9dd4c6d84dc","status":"ACTIVE","createdBy":"hive","updatedBy":"hive","createTime":1511513321737,"updateTime":1511513326904,"version":0,"classifications":[]},"da5e80bd-59e1-44cb-b3b9-da0afe8304ba":{"typeName":"hive_column","attributes":{"owner":"hive","qualifiedName":"claim.prov_view.averagetotalpayments@hdp","name":"averagetotalpayments","description":null,"comment":null,"position":9,"type":"decimal(10,2)","table":{"guid":"931e0915-f329-476c-bd10-b46f54eb8700","typeName":"hive_table"}},"guid":"da5e80bd-59e1-44cb-b3b9-da0afe8304ba","status":"ACTIVE","createdBy":"hive","updatedBy":"hive","createTime":1511513321737,"updateTime":1511513326904,"version":0,"classifications":[]},"a1d51628-61aa-4bdf-b1b9-9a8e15eaf188":{"typeName":"hive_storagedesc","attributes":{"bucketCols":null,"qualifiedName":"claim.prov_view@hdp_storage","sortCols":null,"storedAsSubDirectories":false,"location":null,"compressed":false,"inputFormat":"org.apache.hadoop.mapred.SequenceFileInputFormat","outputFormat":"org.apache.hadoop.hive.ql.io.HiveSequenceFileOutputFormat","parameters":null,"table":{"guid":"931e0915-f329-476c-bd10-b46f54eb8700","typeName":"hive_table"},"serdeInfo":{"typeName":"hive_serde","attributes":{"serializationLib":null,"name":null,"parameters":null}},"numBuckets":-1},"guid":"a1d51628-61aa-4bdf-b1b9-9a8e15eaf188","status":"ACTIVE","createdBy":"hive","updatedBy":"hive","createTime":1511513321737,"updateTime":1511513326904,"version":0,"classifications":[]},"ede1f7cd-862d-4329-88c2-b18cb32ab40d":{"typeName":"hive_column","attributes":{"owner":"hive","qualifiedName":"claim.prov_view.averagemedicarepayments@hdp","name":"averagemedicarepayments","description":null,"comment":null,"position":10,"type":"decimal(10,2)","table":{"guid":"931e0915-f329-476c-bd10-b46f54eb8700","typeName":"hive_table"}},"guid":"ede1f7cd-862d-4329-88c2-b18cb32ab40d","status":"ACTIVE","createdBy":"hive","updatedBy":"hive","createTime":1511513321737,"updateTime":1511513326904,"version":0,"classifications":[]},"8189c0fa-9525-4f3c-b083-b784779c268b":{"typeName":"hive_column","attributes":{"owner":"hive","qualifiedName":"claim.prov_view.totaldischarges@hdp","name":"totaldischarges","description":null,"comment":null,"position":7,"type":"int","table":{"guid":"931e0915-f329-476c-bd10-b46f54eb8700","typeName":"hive_table"}},"guid":"8189c0fa-9525-4f3c-b083-b784779c268b","status":"ACTIVE","createdBy":"hive","updatedBy":"hive","createTime":1511513321737,"updateTime":1511513326904,"version":0,"classifications":[]},"fa24e2b4-de4c-4500-85eb-045744c7c9e8":{"typeName":"hive_column","attributes":{"owner":"hive","qualifiedName":"claim.prov_view.providerstate@hdp","name":"providerstate","description":null,"comment":null,"position":4,"type":"string","table":{"guid":"931e0915-f329-476c-bd10-b46f54eb8700","typeName":"hive_table"}},"guid":"fa24e2b4-de4c-4500-85eb-045744c7c9e8","status":"ACTIVE","createdBy":"hive","updatedBy":"hive","createTime":1511513321737,"updateTime":1511513326904,"version":0,"classifications":[]},"8ce8525e-61ba-4ee6-9f85-5160dee709fc":{"typeName":"hive_column","attributes":{"owner":"hive","qualifiedName":"claim.prov_view.providerid@hdp","name":"providerid","description":null,"comment":null,"position":0,"type":"string","table":{"guid":"931e0915-f329-476c-bd10-b46f54eb8700","typeName":"hive_table"}},"guid":"8ce8525e-61ba-4ee6-9f85-5160dee709fc","status":"ACTIVE","createdBy":"hive","updatedBy":"hive","createTime":1511513321737,"updateTime":1511513326904,"version":0,"classifications":[]},"06a0c507-74ca-474b-8ca1-792e3ac6ff19":{"typeName":"hive_column","attributes":{"owner":"hive","qualifiedName":"claim.prov_view.providername@hdp","name":"providername","description":null,"comment":null,"position":1,"type":"string","table":{"guid":"931e0915-f329-476c-bd10-b46f54eb8700","typeName":"hive_table"}},"guid":"06a0c507-74ca-474b-8ca1-792e3ac6ff19","status":"ACTIVE","createdBy":"hive","updatedBy":"hive","createTime":1511513321737,"updateTime":1511513326904,"version":0,"classifications":[]},"8a250a17-a4fe-4a37-86f8-ce6c54d413b1":{"typeName":"hive_column","attributes":{"owner":"hive","qualifiedName":"claim.prov_view.providercity@hdp","name":"providercity","description":null,"comment":null,"position":3,"type":"string","table":{"guid":"931e0915-f329-476c-bd10-b46f54eb8700","typeName":"hive_table"}},"guid":"8a250a17-a4fe-4a37-86f8-ce6c54d413b1","status":"ACTIVE","createdBy":"hive","updatedBy":"hive","createTime":1511513321737,"updateTime":1511513326904,"version":0,"classifications":[]},"88b3fcea-212c-496e-890a-d8a877f342d1":{"typeName":"hive_column","attributes":{"owner":"hive","qualifiedName":"claim.prov_view.providerreferralregion@hdp","name":"providerreferralregion","description":null,"comment":null,"position":6,"type":"string","table":{"guid":"931e0915-f329-476c-bd10-b46f54eb8700","typeName":"hive_table"}},"guid":"88b3fcea-212c-496e-890a-d8a877f342d1","status":"ACTIVE","createdBy":"hive","updatedBy":"hive","createTime":1511513321737,"updateTime":1511513326904,"version":0,"classifications":[]},"b45a5e9b-d43e-4011-94e6-48c59f72edb5":{"typeName":"hive_column","attributes":{"owner":"hive","qualifiedName":"claim.prov_view.averagecoveredcharges@hdp","name":"averagecoveredcharges","description":null,"comment":null,"position":8,"type":"decimal(10,2)","table":{"guid":"931e0915-f329-476c-bd10-b46f54eb8700","typeName":"hive_table"}},"guid":"b45a5e9b-d43e-4011-94e6-48c59f72edb5","status":"ACTIVE","createdBy":"hive","updatedBy":"hive","createTime":1511513321737,"updateTime":1511513326904,"version":0,"classifications":[]}},"entity":{"typeName":"hive_table","attributes":{"owner":"hive","temporary":false,"lastAccessTime":1511511743000,"aliases":null,"qualifiedName":"claim.prov_view@hdp","columns":[{"guid":"8ce8525e-61ba-4ee6-9f85-5160dee709fc","typeName":"hive_column"},{"guid":"06a0c507-74ca-474b-8ca1-792e3ac6ff19","typeName":"hive_column"},{"guid":"06e69196-3083-41fd-a63c-340e2779950d","typeName":"hive_column"},{"guid":"8a250a17-a4fe-4a37-86f8-ce6c54d413b1","typeName":"hive_column"},{"guid":"fa24e2b4-de4c-4500-85eb-045744c7c9e8","typeName":"hive_column"},{"guid":"6fe4f292-0336-4730-baa5-b9dd4c6d84dc","typeName":"hive_column"},{"guid":"88b3fcea-212c-496e-890a-d8a877f342d1","typeName":"hive_column"},{"guid":"8189c0fa-9525-4f3c-b083-b784779c268b","typeName":"hive_column"},{"guid":"b45a5e9b-d43e-4011-94e6-48c59f72edb5","typeName":"hive_column"},{"guid":"da5e80bd-59e1-44cb-b3b9-da0afe8304ba","typeName":"hive_column"},{"guid":"ede1f7cd-862d-4329-88c2-b18cb32ab40d","typeName":"hive_column"}],"description":null,"viewExpandedText":"SELECT `provider_summary`.`providerid`, `provider_summary`.`providername`, `provider_summary`.`providerstreetaddress`, `provider_summary`.`providercity`, `provider_summary`.`providerstate`, `provider_summary`.`providerzip`, `provider_summary`.`providerreferralregion`, `provider_summary`.`totaldischarges`, `provider_summary`.`averagecoveredcharges`, `provider_summary`.`averagetotalpayments`, `provider_summary`.`averagemedicarepayments` FROM `claim`.`provider_summary`","sd":{"guid":"a1d51628-61aa-4bdf-b1b9-9a8e15eaf188","typeName":"hive_storagedesc"},"tableType":"VIRTUAL_VIEW","createTime":1511511743000,"name":"prov_view","comment":null,"partitionKeys":null,"parameters":{"transient_lastDdlTime":"1511511743"},"db":{"guid":"875933ed-60e3-432b-af0b-6ed0d9825d4b","typeName":"hive_db"},"retention":0,"viewOriginalText":"SELECT * FROM claim.provider_summary"},"guid":"931e0915-f329-476c-bd10-b46f54eb8700","status":"ACTIVE","createdBy":"hive","updatedBy":"hive","createTime":1511513321737,"updateTime":1511513326904,"version":0,"classifications":[]}}