{"referredEntities":{},"entity":{"typeName":"hdfs_path","attributes":{"owner":null,"modifiedTime":0,"isFile":false,"numberOfReplicas":0,"qualifiedName":"hdfs://abajwa-dws-hortonia30.field.hortonworks.com:8020/hive_data/eu_countries","description":null,"extendedAttributes":null,"path":"hdfs://abajwa-dws-hortonia30.field.hortonworks.com:8020/hive_data/eu_countries","posixPermissions":null,"createTime":0,"fileSize":0,"clusterName":"hdp","name":"/hive_data/eu_countries","isSymlink":false,"group":null},"guid":"93ac0aeb-4c82-40bf-8218-3b8924279052","status":"ACTIVE","createdBy":"hive","updatedBy":"hive","createTime":1523603864100,"updateTime":1523603864100,"version":0,"classifications":[]}}