{"referredEntities":{},"entity":{"typeName":"hive_column_lineage","attributes":{"owner":null,"outputs":[{"guid":"d653b3fd-446f-4794-86a3-cb834d112dda","typeName":"hive_column"}],"expression":null,"qualifiedName":"claim.claims_view@hdp:1523603836000:longitude","inputs":[{"guid":"66fbf519-2912-47bf-bc3e-40db6ac9a795","typeName":"hive_column"}],"query":{"guid":"aaa47333-9ec3-4880-bcfe-aa84be9d6426","typeName":"hive_process"},"name":"create view if not exists claim.claims_view as select * from cost_savings.claim_savings:longitude","description":null,"depenendencyType":"SIMPLE"},"guid":"95357563-1ca6-4966-b796-9e3229e100a0","status":"ACTIVE","createdBy":"hive","updatedBy":"hive","createTime":1523603860486,"updateTime":1523603860486,"version":0,"classifications":[]}}