{"referredEntities":{},"entity":{"typeName":"hive_column_lineage","attributes":{"owner":null,"outputs":[{"guid":"4fa6ee75-2660-4ec2-af69-ecfae4ec76af","typeName":"hive_column"}],"expression":null,"qualifiedName":"QUERY:hortoniabank.us_customers@hdp:1523603830000->:INSERT:hortoniabank.us_customers_trans@hdp:1523603916000:country","inputs":[{"guid":"ec0c46e5-2d6b-4724-aa99-744b6b9dd843","typeName":"hive_column"}],"query":{"guid":"a894d186-47c4-4116-8741-4d0124e74a76","typeName":"hive_process"},"name":"insert into hortoniabank.us_customers_trans select * from hortoniabank.us_customers:country","description":null,"depenendencyType":"SIMPLE"},"guid":"962cbdce-d272-43ac-ac32-e44e2943391e","status":"ACTIVE","createdBy":"hive","updatedBy":"hive","createTime":1523603978258,"updateTime":1523603978258,"version":0,"classifications":[]}}