{"referredEntities":{},"entity":{"typeName":"hive_column_lineage","attributes":{"owner":null,"outputs":[{"guid":"685b47b3-17c7-48d0-bac3-ef01d5c97ef5","typeName":"hive_column"}],"expression":null,"qualifiedName":"QUERY:hortoniabank.ww_customers@hdp:1523603829000->:INSERT:hortoniabank.ww_customers_trans@hdp:1523603909000:age","inputs":[{"guid":"4ceed31d-43c1-4546-8d18-fd7b5607d1a2","typeName":"hive_column"}],"query":{"guid":"92ff2bb9-5bdc-4405-b3d4-39c7c05c7a9d","typeName":"hive_process"},"name":"insert into hortoniabank.ww_customers_trans select * from hortoniabank.ww_customers:age","description":null,"depenendencyType":"SIMPLE"},"guid":"9755b607-cabd-42fa-90e4-bedb25ff7ebf","status":"ACTIVE","createdBy":"hive","updatedBy":"hive","createTime":1523603946603,"updateTime":1523603946603,"version":0,"classifications":[]}}