{"referredEntities":{},"entity":{"typeName":"hive_process","attributes":{"owner":null,"outputs":[{"guid":"c6cde3c3-08be-4cee-a82e-1422192638b0","typeName":"hive_table"}],"queryGraph":null,"recentQueries":["insert into consent_master.consent_data_trans select * from consent_master.consent_data"],"qualifiedName":"QUERY:consent_master.consent_data@hdp:1523603838000->:INSERT:consent_master.consent_data_trans@hdp:1523603886000","inputs":[{"guid":"83691495-05f4-41ca-a49e-4c8ed4c027a7","typeName":"hive_table"}],"description":null,"userName":"hive","queryId":"hive_20180413071806_f2fbd54d-910b-42fb-9a2d-bc702b6cdab9","clusterName":"hdp","name":"insert into consent_master.consent_data_trans select * from consent_master.consent_data","queryText":"insert into consent_master.consent_data_trans select * from consent_master.consent_data","startTime":1523603886986,"operationType":"QUERY","queryPlan":"Not Supported","endTime":1523603909215},"guid":"98fe8b4f-5621-4be1-88fb-405139cd6e32","status":"ACTIVE","createdBy":"hive","updatedBy":"hive","createTime":1523603910365,"updateTime":1523603913525,"version":0,"classifications":[]}}