{"referredEntities":{},"entity":{"typeName":"hive_column_lineage","attributes":{"owner":null,"outputs":[{"guid":"5b4b8945-57b4-4b3b-8383-999e9afc6f1d","typeName":"hive_column"}],"expression":null,"qualifiedName":"QUERY:hortoniabank.us_customers@hdp:1523603830000->:INSERT:hortoniabank.us_customers_trans@hdp:1523603916000:cctype","inputs":[{"guid":"e3de50a7-2a23-4427-a5fe-68e05817c81c","typeName":"hive_column"}],"query":{"guid":"a894d186-47c4-4116-8741-4d0124e74a76","typeName":"hive_process"},"name":"insert into hortoniabank.us_customers_trans select * from hortoniabank.us_customers:cctype","description":null,"depenendencyType":"SIMPLE"},"guid":"9a5d7b3e-1095-4089-9616-ca5f95980223","status":"ACTIVE","createdBy":"hive","updatedBy":"hive","createTime":1523603964936,"updateTime":1523603964936,"version":0,"classifications":[]}}