{"referredEntities":{},"entity":{"typeName":"hive_column_lineage","attributes":{"owner":null,"outputs":[{"guid":"e055b841-7fad-4616-a328-bc65c83c0471","typeName":"hive_column"}],"expression":null,"qualifiedName":"QUERY:hortoniabank.us_customers@hdp:1523603830000->:INSERT:hortoniabank.us_customers_trans@hdp:1523603916000:occupation","inputs":[{"guid":"9ba14bd7-0840-4c47-aa44-a2a3ae9dc74a","typeName":"hive_column"}],"query":{"guid":"a894d186-47c4-4116-8741-4d0124e74a76","typeName":"hive_process"},"name":"insert into hortoniabank.us_customers_trans select * from hortoniabank.us_customers:occupation","description":null,"depenendencyType":"SIMPLE"},"guid":"9acea389-8253-433a-a790-12cdc497856b","status":"ACTIVE","createdBy":"hive","updatedBy":"hive","createTime":1523603953120,"updateTime":1523603953120,"version":0,"classifications":[]}}