{"referredEntities":{},"entity":{"typeName":"hdfs_path","attributes":{"owner":null,"modifiedTime":0,"isFile":false,"numberOfReplicas":0,"qualifiedName":"hdfs://demo.hortonworks.com:8020/hive_data/hortoniabank/eu_countries","description":null,"extendedAttributes":null,"path":"hdfs://demo.hortonworks.com:8020/hive_data/hortoniabank/eu_countries","posixPermissions":null,"createTime":0,"fileSize":0,"clusterName":"hdp","name":"/hive_data/hortoniabank/eu_countries","isSymlink":false,"group":null},"guid":"9b166a90-ba29-405d-94f1-270e110b71b5","status":"ACTIVE","createdBy":"hive","updatedBy":"admin","createTime":1511513316515,"updateTime":1523604597968,"version":0,"classifications":[]}}