{"referredEntities":{},"entity":{"typeName":"hive_column_lineage","attributes":{"owner":null,"outputs":[{"guid":"f85d2c96-c669-42d0-a6bc-d1a6a6e1d2e5","typeName":"hive_column"}],"expression":null,"qualifiedName":"QUERY:hortoniabank.us_customers@hdp:1523603830000->:INSERT:hortoniabank.us_customers_trans@hdp:1523603916000:username","inputs":[{"guid":"b926e9de-d745-4c33-baea-b7bb4cf4c053","typeName":"hive_column"}],"query":{"guid":"a894d186-47c4-4116-8741-4d0124e74a76","typeName":"hive_process"},"name":"insert into hortoniabank.us_customers_trans select * from hortoniabank.us_customers:username","description":null,"depenendencyType":"SIMPLE"},"guid":"9b2f5456-b75e-4623-9f14-b6cc4974d2c2","status":"ACTIVE","createdBy":"hive","updatedBy":"hive","createTime":1523603962095,"updateTime":1523603962095,"version":0,"classifications":[]}}