{"referredEntities":{},"entity":{"typeName":"hive_column_lineage","attributes":{"owner":null,"outputs":[{"guid":"7371fe8f-1fcf-4b54-9925-23df57d5737f","typeName":"hive_column"}],"expression":null,"qualifiedName":"QUERY:hortoniabank.ww_customers@hdp:1523603829000->:INSERT:hortoniabank.ww_customers_trans@hdp:1523603909000:cctype","inputs":[{"guid":"e31890e5-46b4-44d2-af83-718f766bfc46","typeName":"hive_column"}],"query":{"guid":"92ff2bb9-5bdc-4405-b3d4-39c7c05c7a9d","typeName":"hive_process"},"name":"insert into hortoniabank.ww_customers_trans select * from hortoniabank.ww_customers:cctype","description":null,"depenendencyType":"SIMPLE"},"guid":"9c6c47e1-90d1-49a1-9643-ae62ac9db9ce","status":"ACTIVE","createdBy":"hive","updatedBy":"hive","createTime":1523603947363,"updateTime":1523603947363,"version":0,"classifications":[]}}