{"referredEntities":{"5a2ddd0a-0389-4619-9dc1-af792e87bc9f":{"typeName":"hive_column","attributes":{"owner":"hive","qualifiedName":"claim.provider_summary.providerreferralregion@hdp","name":"providerreferralregion","description":null,"comment":null,"position":6,"type":"string","table":{"guid":"9ca5f18e-93ff-45b4-a90d-8a5833c06f4e","typeName":"hive_table"}},"guid":"5a2ddd0a-0389-4619-9dc1-af792e87bc9f","status":"ACTIVE","createdBy":"hive","updatedBy":"admin","createTime":1511513320610,"updateTime":1521855544552,"version":0,"classifications":[]},"551bbda8-ce2e-4ec6-b8f5-1e657f44bed8":{"typeName":"hive_column","attributes":{"owner":"hive","qualifiedName":"claim.provider_summary.averagemedicarepayments@hdp","name":"averagemedicarepayments","description":null,"comment":null,"position":10,"type":"decimal(10,2)","table":{"guid":"9ca5f18e-93ff-45b4-a90d-8a5833c06f4e","typeName":"hive_table"}},"guid":"551bbda8-ce2e-4ec6-b8f5-1e657f44bed8","status":"ACTIVE","createdBy":"hive","updatedBy":"admin","createTime":1511513320610,"updateTime":1521855544552,"version":0,"classifications":[]},"1a3bb50f-b4b3-4b48-b9e5-286ac43af9c7":{"typeName":"hive_column","attributes":{"owner":"hive","qualifiedName":"claim.provider_summary.providername@hdp","name":"providername","description":null,"comment":null,"position":1,"type":"string","table":{"guid":"9ca5f18e-93ff-45b4-a90d-8a5833c06f4e","typeName":"hive_table"}},"guid":"1a3bb50f-b4b3-4b48-b9e5-286ac43af9c7","status":"ACTIVE","createdBy":"hive","updatedBy":"admin","createTime":1511513320610,"updateTime":1521855544552,"version":0,"classifications":[{"typeName":"VENDOR_PII","attributes":{"type":"vendor"}}]},"3577cddc-763d-4408-aa11-2fabf3ab13b4":{"typeName":"hive_column","attributes":{"owner":"hive","qualifiedName":"claim.provider_summary.averagetotalpayments@hdp","name":"averagetotalpayments","description":null,"comment":null,"position":9,"type":"decimal(10,2)","table":{"guid":"9ca5f18e-93ff-45b4-a90d-8a5833c06f4e","typeName":"hive_table"}},"guid":"3577cddc-763d-4408-aa11-2fabf3ab13b4","status":"ACTIVE","createdBy":"hive","updatedBy":"admin","createTime":1511513320610,"updateTime":1521855544552,"version":0,"classifications":[]},"da732b76-0f2f-4669-a226-e43269a5bea1":{"typeName":"hive_column","attributes":{"owner":"hive","qualifiedName":"claim.provider_summary.averagecoveredcharges@hdp","name":"averagecoveredcharges","description":null,"comment":null,"position":8,"type":"decimal(10,2)","table":{"guid":"9ca5f18e-93ff-45b4-a90d-8a5833c06f4e","typeName":"hive_table"}},"guid":"da732b76-0f2f-4669-a226-e43269a5bea1","status":"ACTIVE","createdBy":"hive","updatedBy":"admin","createTime":1511513320610,"updateTime":1521855544552,"version":0,"classifications":[]},"08cb50ec-3c1b-4bbd-85ed-847459482adb":{"typeName":"hive_column","attributes":{"owner":"hive","qualifiedName":"claim.provider_summary.totaldischarges@hdp","name":"totaldischarges","description":null,"comment":null,"position":7,"type":"int","table":{"guid":"9ca5f18e-93ff-45b4-a90d-8a5833c06f4e","typeName":"hive_table"}},"guid":"08cb50ec-3c1b-4bbd-85ed-847459482adb","status":"ACTIVE","createdBy":"hive","updatedBy":"admin","createTime":1511513320610,"updateTime":1521855544552,"version":0,"classifications":[]},"2734c09e-79b3-4dd3-ba92-45f8b47d0f02":{"typeName":"hive_column","attributes":{"owner":"hive","qualifiedName":"claim.provider_summary.providerstate@hdp","name":"providerstate","description":null,"comment":null,"position":4,"type":"string","table":{"guid":"9ca5f18e-93ff-45b4-a90d-8a5833c06f4e","typeName":"hive_table"}},"guid":"2734c09e-79b3-4dd3-ba92-45f8b47d0f02","status":"ACTIVE","createdBy":"hive","updatedBy":"admin","createTime":1511513320610,"updateTime":1521855544552,"version":0,"classifications":[]},"70e19e81-1703-45a5-8bf9-6ef2ec481bbe":{"typeName":"hive_column","attributes":{"owner":"hive","qualifiedName":"claim.provider_summary.providerstreetaddress@hdp","name":"providerstreetaddress","description":null,"comment":null,"position":2,"type":"string","table":{"guid":"9ca5f18e-93ff-45b4-a90d-8a5833c06f4e","typeName":"hive_table"}},"guid":"70e19e81-1703-45a5-8bf9-6ef2ec481bbe","status":"ACTIVE","createdBy":"hive","updatedBy":"admin","createTime":1511513320610,"updateTime":1521855544552,"version":0,"classifications":[]},"b5de444b-2f93-4e45-b26c-9afdc6db1d87":{"typeName":"hive_column","attributes":{"owner":"hive","qualifiedName":"claim.provider_summary.providerid@hdp","name":"providerid","description":null,"comment":null,"position":0,"type":"string","table":{"guid":"9ca5f18e-93ff-45b4-a90d-8a5833c06f4e","typeName":"hive_table"}},"guid":"b5de444b-2f93-4e45-b26c-9afdc6db1d87","status":"ACTIVE","createdBy":"hive","updatedBy":"admin","createTime":1511513320610,"updateTime":1521855544552,"version":0,"classifications":[]},"929a0d9e-bc9a-482f-ae17-f726436f78ac":{"typeName":"hive_column","attributes":{"owner":"hive","qualifiedName":"claim.provider_summary.providerzip@hdp","name":"providerzip","description":null,"comment":null,"position":5,"type":"string","table":{"guid":"9ca5f18e-93ff-45b4-a90d-8a5833c06f4e","typeName":"hive_table"}},"guid":"929a0d9e-bc9a-482f-ae17-f726436f78ac","status":"ACTIVE","createdBy":"hive","updatedBy":"admin","createTime":1511513320610,"updateTime":1521855544552,"version":0,"classifications":[]},"c319cfed-2446-4967-811b-501c4f19dcdf":{"typeName":"hive_column","attributes":{"owner":"hive","qualifiedName":"claim.provider_summary.providercity@hdp","name":"providercity","description":null,"comment":null,"position":3,"type":"string","table":{"guid":"9ca5f18e-93ff-45b4-a90d-8a5833c06f4e","typeName":"hive_table"}},"guid":"c319cfed-2446-4967-811b-501c4f19dcdf","status":"ACTIVE","createdBy":"hive","updatedBy":"admin","createTime":1511513320610,"updateTime":1521855544552,"version":0,"classifications":[]},"8ea012dc-067b-4bf3-bd62-c462036b9044":{"typeName":"hive_storagedesc","attributes":{"bucketCols":null,"qualifiedName":"claim.provider_summary@hdp_storage","sortCols":null,"storedAsSubDirectories":false,"location":"hdfs://demo.hortonworks.com:8020/hive_data/claim","compressed":false,"inputFormat":"org.apache.hadoop.mapred.TextInputFormat","outputFormat":"org.apache.hadoop.hive.ql.io.HiveIgnoreKeyTextOutputFormat","parameters":null,"table":{"guid":"9ca5f18e-93ff-45b4-a90d-8a5833c06f4e","typeName":"hive_table"},"serdeInfo":{"typeName":"hive_serde","attributes":{"serializationLib":"org.apache.hadoop.hive.serde2.lazy.LazySimpleSerDe","name":null,"parameters":{"serialization.format":",","field.delim":","}}},"numBuckets":-1},"guid":"8ea012dc-067b-4bf3-bd62-c462036b9044","status":"ACTIVE","createdBy":"hive","updatedBy":"admin","createTime":1511513320610,"updateTime":1521855544552,"version":0,"classifications":[]}},"entity":{"typeName":"hive_table","attributes":{"owner":"hive","temporary":false,"lastAccessTime":1511511742000,"aliases":null,"qualifiedName":"claim.provider_summary@hdp","columns":[{"guid":"b5de444b-2f93-4e45-b26c-9afdc6db1d87","typeName":"hive_column"},{"guid":"1a3bb50f-b4b3-4b48-b9e5-286ac43af9c7","typeName":"hive_column"},{"guid":"70e19e81-1703-45a5-8bf9-6ef2ec481bbe","typeName":"hive_column"},{"guid":"c319cfed-2446-4967-811b-501c4f19dcdf","typeName":"hive_column"},{"guid":"2734c09e-79b3-4dd3-ba92-45f8b47d0f02","typeName":"hive_column"},{"guid":"929a0d9e-bc9a-482f-ae17-f726436f78ac","typeName":"hive_column"},{"guid":"5a2ddd0a-0389-4619-9dc1-af792e87bc9f","typeName":"hive_column"},{"guid":"08cb50ec-3c1b-4bbd-85ed-847459482adb","typeName":"hive_column"},{"guid":"da732b76-0f2f-4669-a226-e43269a5bea1","typeName":"hive_column"},{"guid":"3577cddc-763d-4408-aa11-2fabf3ab13b4","typeName":"hive_column"},{"guid":"551bbda8-ce2e-4ec6-b8f5-1e657f44bed8","typeName":"hive_column"}],"description":null,"viewExpandedText":null,"sd":{"guid":"8ea012dc-067b-4bf3-bd62-c462036b9044","typeName":"hive_storagedesc"},"tableType":"EXTERNAL_TABLE","createTime":1511511742000,"name":"provider_summary","comment":"Provider Summary","partitionKeys":null,"parameters":{"transient_lastDdlTime":"1511511742","comment":"Provider Summary","totalSize":"11832","EXTERNAL":"TRUE","numFiles":"1"},"db":{"guid":"875933ed-60e3-432b-af0b-6ed0d9825d4b","typeName":"hive_db"},"retention":0,"viewOriginalText":null},"guid":"9ca5f18e-93ff-45b4-a90d-8a5833c06f4e","status":"ACTIVE","createdBy":"hive","updatedBy":"admin","createTime":1511513320610,"updateTime":1521855544552,"version":0,"classifications":[]}}