{"referredEntities":{},"entity":{"typeName":"hive_column_lineage","attributes":{"owner":null,"outputs":[{"guid":"f3d5d99c-cc34-4a00-8ab4-3fcf96ede49b","typeName":"hive_column"}],"expression":null,"qualifiedName":"QUERY:consent_master.consent_data@hdp:1523603838000->:INSERT:erasure_master.data_erasure_trans@hdp:1523603923000:rtbfrequested","inputs":[{"guid":"e747ac3d-d9b2-4a77-b102-c0650f545f09","typeName":"hive_column"}],"query":{"guid":"1e07aa94-7449-42fe-a111-899d6ec6de95","typeName":"hive_process"},"name":"insert into erasure_master.data_erasure_trans select country, countryfull, insuranceid, marketingconsent, marketingconsentstartdate, loyaltyconsent from consent_master.consent_data limit 500:rtbfrequested","description":null,"depenendencyType":"SIMPLE"},"guid":"a11b734f-35bb-40a8-a6f0-ae7d4477c0ec","status":"ACTIVE","createdBy":"hive","updatedBy":"hive","createTime":1523603983599,"updateTime":1523603983599,"version":0,"classifications":[]}}