{"referredEntities":{},"entity":{"typeName":"hive_column_lineage","attributes":{"owner":null,"outputs":[{"guid":"e293741a-9d02-4e9d-aa46-87a3866a8922","typeName":"hive_column"}],"expression":null,"qualifiedName":"QUERY:hortoniabank.us_customers@hdp:1523603830000->:INSERT:hortoniabank.us_customers_trans@hdp:1523603916000:height","inputs":[{"guid":"35951bc4-f2f5-41cd-b684-7ca42c474857","typeName":"hive_column"}],"query":{"guid":"a894d186-47c4-4116-8741-4d0124e74a76","typeName":"hive_process"},"name":"insert into hortoniabank.us_customers_trans select * from hortoniabank.us_customers:height","description":null,"depenendencyType":"SIMPLE"},"guid":"a311fd60-c215-49d2-ae93-22af7de62bfd","status":"ACTIVE","createdBy":"hive","updatedBy":"hive","createTime":1523603953889,"updateTime":1523603953889,"version":0,"classifications":[]}}