{"referredEntities":{},"entity":{"typeName":"hive_process","attributes":{"owner":null,"outputs":[{"guid":"9ca5f18e-93ff-45b4-a90d-8a5833c06f4e","typeName":"hive_table"}],"queryGraph":null,"recentQueries":["create external table if not exists claim.provider_summary(\n                                      providerid string\n                                    , providername string\n                                    , providerstreetaddress string\n                                    , providercity string\n                                    , providerstate string\n                                    , providerzip string\n                                    , providerreferralregion string\n                                    , totaldischarges int\n                                    , averagecoveredcharges decimal(10,2)\n                                    , averagetotalpayments decimal(10,2)\n                                    , averagemedicarepayments decimal(10,2)\n                                   ) comment 'provider summary'\n                                     row format delimited\n                                     fields terminated by ','\n                                     stored as textfile\n                                     location '/hive_data/claim'"],"qualifiedName":"claim.provider_summary@hdp:1511511742000","inputs":[{"guid":"cb05e5b6-8dce-4a10-9479-7b0a7cbb5909","typeName":"hdfs_path"}],"description":null,"userName":"hive","queryId":"hive_20171124082222_f66d289f-6d8a-49a2-8e7b-67a3d5cd7e8b","clusterName":"hdp","name":"create external table if not exists claim.provider_summary(\n                                      providerid string\n                                    , providername string\n                                    , providerstreetaddress string\n                                    , providercity string\n                                    , providerstate string\n                                    , providerzip string\n                                    , providerreferralregion string\n                                    , totaldischarges int\n                                    , averagecoveredcharges decimal(10,2)\n                                    , averagetotalpayments decimal(10,2)\n                                    , averagemedicarepayments decimal(10,2)\n                                   ) comment 'provider summary'\n                                     row format delimited\n                                     fields terminated by ','\n                                     stored as textfile\n                                     location '/hive_data/claim'","queryText":"create external table if not exists claim.provider_summary(\n                                      providerid string\n                                    , providername string\n                                    , providerstreetaddress string\n                                    , providercity string\n                                    , providerstate string\n                                    , providerzip string\n                                    , providerreferralregion string\n                                    , totaldischarges int\n                                    , averagecoveredcharges decimal(10,2)\n                                    , averagetotalpayments decimal(10,2)\n                                    , averagemedicarepayments decimal(10,2)\n                                   ) comment 'provider summary'\n                                     row format delimited\n                                     fields terminated by ','\n                                     stored as textfile\n                                     location '/hive_data/claim'","startTime":1511511742612,"operationType":"CREATETABLE","queryPlan":"Not Supported","endTime":1511511742970},"guid":"a76d974c-9add-4ff8-99b3-a8c2cae7ac96","status":"ACTIVE","createdBy":"hive","updatedBy":"hive","createTime":1511513321135,"updateTime":1511513321135,"version":0,"classifications":[]}}