{"referredEntities":{},"entity":{"typeName":"hive_column_lineage","attributes":{"owner":null,"outputs":[{"guid":"a76a3ea0-e4e6-47e9-a6d9-2a23f9c1642e","typeName":"hive_column"}],"expression":null,"qualifiedName":"QUERY:hortoniabank.us_customers@hdp:1523603830000->:INSERT:hortoniabank.us_customers_trans@hdp:1523603916000:emailaddress","inputs":[{"guid":"1814afa3-d0f4-448e-9ef3-c8114f91303a","typeName":"hive_column"}],"query":{"guid":"a894d186-47c4-4116-8741-4d0124e74a76","typeName":"hive_process"},"name":"insert into hortoniabank.us_customers_trans select * from hortoniabank.us_customers:emailaddress","description":null,"depenendencyType":"SIMPLE"},"guid":"a76e41c3-2be5-419f-bb40-be1769ddc672","status":"ACTIVE","createdBy":"hive","updatedBy":"hive","createTime":1523603960539,"updateTime":1523603960539,"version":0,"classifications":[]}}