{"referredEntities":{},"entity":{"typeName":"hdfs_path","attributes":{"owner":null,"modifiedTime":0,"isFile":false,"numberOfReplicas":0,"qualifiedName":"hdfs://abajwa-dws-hortonia30.field.hortonworks.com:8020/hive_data/finance/tax_2010","description":null,"extendedAttributes":null,"path":"hdfs://abajwa-dws-hortonia30.field.hortonworks.com:8020/hive_data/finance/tax_2010","posixPermissions":null,"createTime":0,"fileSize":0,"clusterName":"hdp","name":"/hive_data/finance/tax_2010","isSymlink":false,"group":null},"guid":"a7ca7cb4-11d2-49b0-b420-a3de850d3a00","status":"ACTIVE","createdBy":"hive","updatedBy":"hive","createTime":1523603849035,"updateTime":1523603849035,"version":0,"classifications":[]}}