{"referredEntities":{},"entity":{"typeName":"hive_process","attributes":{"owner":null,"outputs":[{"guid":"50966110-008b-404b-932e-621e50b00eb8","typeName":"hive_table"}],"queryGraph":null,"recentQueries":["insert into hortoniabank.us_customers_trans select * from hortoniabank.us_customers"],"qualifiedName":"QUERY:hortoniabank.us_customers@hdp:1523603830000->:INSERT:hortoniabank.us_customers_trans@hdp:1523603916000","inputs":[{"guid":"ba1d0474-b388-448c-8951-aa5c76e694c6","typeName":"hive_table"}],"description":null,"userName":"hive","queryId":"hive_20180413071836_5e33d59c-fc6f-4485-9c1c-42c3d820379f","clusterName":"hdp","name":"insert into hortoniabank.us_customers_trans select * from hortoniabank.us_customers","queryText":"insert into hortoniabank.us_customers_trans select * from hortoniabank.us_customers","startTime":1523603916717,"operationType":"QUERY","queryPlan":"Not Supported","endTime":1523603922123},"guid":"a894d186-47c4-4116-8741-4d0124e74a76","status":"ACTIVE","createdBy":"hive","updatedBy":"hive","createTime":1523603951615,"updateTime":1523603980233,"version":0,"classifications":[]}}