{"referredEntities":{},"entity":{"typeName":"hive_column_lineage","attributes":{"owner":null,"outputs":[{"guid":"fb9ba0cb-72c9-40d5-8c1b-4db5006be02d","typeName":"hive_column"}],"expression":null,"qualifiedName":"QUERY:hortoniabank.ww_customers@hdp:1523603829000->:INSERT:hortoniabank.ww_customers_trans@hdp:1523603909000:number","inputs":[{"guid":"d8898358-8a03-4ace-bbe7-8773a318402b","typeName":"hive_column"}],"query":{"guid":"92ff2bb9-5bdc-4405-b3d4-39c7c05c7a9d","typeName":"hive_process"},"name":"insert into hortoniabank.ww_customers_trans select * from hortoniabank.ww_customers:number","description":null,"depenendencyType":"SIMPLE"},"guid":"a928d5ee-77dc-4b64-b2d9-119a56b31b69","status":"ACTIVE","createdBy":"hive","updatedBy":"hive","createTime":1523603942591,"updateTime":1523603942591,"version":0,"classifications":[]}}