{"referredEntities":{"f1e35813-8a6b-41dd-97af-f2929cde0971":{"typeName":"hive_column","attributes":{"owner":"hive","qualifiedName":"consent_master.eu_countries.countrycode@hdp","name":"countrycode","description":null,"comment":null,"position":0,"type":"string","table":{"guid":"a98dd8ab-00c2-40f7-afb8-3fe0323cc9c6","typeName":"hive_table"}},"guid":"f1e35813-8a6b-41dd-97af-f2929cde0971","status":"ACTIVE","createdBy":"hive","updatedBy":"hive","createTime":1523603863712,"updateTime":1523603864100,"version":0,"classifications":[]},"2f7194cd-f210-485a-be9d-ac42db5ee62f":{"typeName":"hive_storagedesc","attributes":{"bucketCols":null,"qualifiedName":"consent_master.eu_countries@hdp_storage","sortCols":null,"storedAsSubDirectories":false,"location":"hdfs://abajwa-dws-hortonia30.field.hortonworks.com:8020/hive_data/eu_countries","compressed":false,"inputFormat":"org.apache.hadoop.mapred.TextInputFormat","outputFormat":"org.apache.hadoop.hive.ql.io.HiveIgnoreKeyTextOutputFormat","parameters":null,"table":{"guid":"a98dd8ab-00c2-40f7-afb8-3fe0323cc9c6","typeName":"hive_table"},"serdeInfo":{"typeName":"hive_serde","attributes":{"serializationLib":"org.apache.hadoop.hive.serde2.lazy.LazySimpleSerDe","name":null,"parameters":{"serialization.format":",","field.delim":","}}},"numBuckets":-1},"guid":"2f7194cd-f210-485a-be9d-ac42db5ee62f","status":"ACTIVE","createdBy":"hive","updatedBy":"hive","createTime":1523603863712,"updateTime":1523603864100,"version":0,"classifications":[]},"9b3aeba3-72fd-49a7-b464-00cbfccaf501":{"typeName":"hive_column","attributes":{"owner":"hive","qualifiedName":"consent_master.eu_countries.countryfull@hdp","name":"countryfull","description":null,"comment":null,"position":1,"type":"string","table":{"guid":"a98dd8ab-00c2-40f7-afb8-3fe0323cc9c6","typeName":"hive_table"}},"guid":"9b3aeba3-72fd-49a7-b464-00cbfccaf501","status":"ACTIVE","createdBy":"hive","updatedBy":"hive","createTime":1523603863712,"updateTime":1523603864100,"version":0,"classifications":[]}},"entity":{"typeName":"hive_table","attributes":{"owner":"hive","temporary":false,"lastAccessTime":1523603838000,"aliases":null,"qualifiedName":"consent_master.eu_countries@hdp","columns":[{"guid":"f1e35813-8a6b-41dd-97af-f2929cde0971","typeName":"hive_column"},{"guid":"9b3aeba3-72fd-49a7-b464-00cbfccaf501","typeName":"hive_column"}],"description":null,"viewExpandedText":null,"sd":{"guid":"2f7194cd-f210-485a-be9d-ac42db5ee62f","typeName":"hive_storagedesc"},"tableType":"EXTERNAL_TABLE","createTime":1523603838000,"name":"eu_countries","comment":null,"partitionKeys":null,"parameters":{"transient_lastDdlTime":"1523603838","totalSize":"407","EXTERNAL":"TRUE","numFiles":"1"},"db":{"guid":"7eb9fdd5-5b16-4c81-9d63-c79a1676571a","typeName":"hive_db"},"retention":0,"viewOriginalText":null},"guid":"a98dd8ab-00c2-40f7-afb8-3fe0323cc9c6","status":"ACTIVE","createdBy":"hive","updatedBy":"hive","createTime":1523603863712,"updateTime":1523603864100,"version":0,"classifications":[]}}