{"referredEntities":{"03d29c65-798a-48b3-8fd4-f6e1769b394d":{"typeName":"hive_column","attributes":{"owner":"hive","qualifiedName":"claim.claims_view.eligibilitycode@hdp","name":"eligibilitycode","description":null,"comment":null,"position":5,"type":"int","table":{"guid":"a9be0a8d-9e58-4426-919e-82a1ce8575e9","typeName":"hive_table"}},"guid":"03d29c65-798a-48b3-8fd4-f6e1769b394d","status":"ACTIVE","createdBy":"hive","updatedBy":"hive","createTime":1523603858815,"updateTime":1523603862396,"version":0,"classifications":[]},"287bd34a-2b5c-47a7-a30f-d50058c1d31e":{"typeName":"hive_column","attributes":{"owner":"hive","qualifiedName":"claim.claims_view.reportdate@hdp","name":"reportdate","description":null,"comment":null,"position":0,"type":"date","table":{"guid":"a9be0a8d-9e58-4426-919e-82a1ce8575e9","typeName":"hive_table"}},"guid":"287bd34a-2b5c-47a7-a30f-d50058c1d31e","status":"ACTIVE","createdBy":"hive","updatedBy":"hive","createTime":1523603858815,"updateTime":1523603862396,"version":0,"classifications":[]},"2b357914-90ce-4e50-8276-05056c74efcc":{"typeName":"hive_column","attributes":{"owner":"hive","qualifiedName":"claim.claims_view.name@hdp","name":"name","description":null,"comment":null,"position":1,"type":"string","table":{"guid":"a9be0a8d-9e58-4426-919e-82a1ce8575e9","typeName":"hive_table"}},"guid":"2b357914-90ce-4e50-8276-05056c74efcc","status":"ACTIVE","createdBy":"hive","updatedBy":"hive","createTime":1523603858815,"updateTime":1523603862396,"version":0,"classifications":[]},"d2c63c83-67e7-4e7c-a77c-ab4edbd0139f":{"typeName":"hive_column","attributes":{"owner":"hive","qualifiedName":"claim.claims_view.claimid@hdp","name":"claimid","description":null,"comment":null,"position":3,"type":"int","table":{"guid":"a9be0a8d-9e58-4426-919e-82a1ce8575e9","typeName":"hive_table"}},"guid":"d2c63c83-67e7-4e7c-a77c-ab4edbd0139f","status":"ACTIVE","createdBy":"hive","updatedBy":"hive","createTime":1523603858815,"updateTime":1523603862396,"version":0,"classifications":[]},"d653b3fd-446f-4794-86a3-cb834d112dda":{"typeName":"hive_column","attributes":{"owner":"hive","qualifiedName":"claim.claims_view.longitude@hdp","name":"longitude","description":null,"comment":null,"position":7,"type":"decimal(10,0)","table":{"guid":"a9be0a8d-9e58-4426-919e-82a1ce8575e9","typeName":"hive_table"}},"guid":"d653b3fd-446f-4794-86a3-cb834d112dda","status":"ACTIVE","createdBy":"hive","updatedBy":"hive","createTime":1523603858815,"updateTime":1523603862396,"version":0,"classifications":[]},"c8bec279-811b-414a-99fb-c239c457d4c7":{"typeName":"hive_column","attributes":{"owner":"hive","qualifiedName":"claim.claims_view.latitude@hdp","name":"latitude","description":null,"comment":null,"position":6,"type":"decimal(10,0)","table":{"guid":"a9be0a8d-9e58-4426-919e-82a1ce8575e9","typeName":"hive_table"}},"guid":"c8bec279-811b-414a-99fb-c239c457d4c7","status":"ACTIVE","createdBy":"hive","updatedBy":"hive","createTime":1523603858815,"updateTime":1523603862396,"version":0,"classifications":[]},"aa0074d7-b151-4b8e-9407-1a10b4c9cb5a":{"typeName":"hive_storagedesc","attributes":{"bucketCols":null,"qualifiedName":"claim.claims_view@hdp_storage","sortCols":null,"storedAsSubDirectories":false,"location":null,"compressed":false,"inputFormat":"org.apache.hadoop.mapred.SequenceFileInputFormat","outputFormat":"org.apache.hadoop.hive.ql.io.HiveSequenceFileOutputFormat","parameters":null,"table":{"guid":"a9be0a8d-9e58-4426-919e-82a1ce8575e9","typeName":"hive_table"},"serdeInfo":{"typeName":"hive_serde","attributes":{"serializationLib":null,"name":null,"parameters":null}},"numBuckets":-1},"guid":"aa0074d7-b151-4b8e-9407-1a10b4c9cb5a","status":"ACTIVE","createdBy":"hive","updatedBy":"hive","createTime":1523603858815,"updateTime":1523603862396,"version":0,"classifications":[]},"e05e1af0-6509-4234-ae8f-a12abc532352":{"typeName":"hive_column","attributes":{"owner":"hive","qualifiedName":"claim.claims_view.sequenceid@hdp","name":"sequenceid","description":null,"comment":null,"position":2,"type":"int","table":{"guid":"a9be0a8d-9e58-4426-919e-82a1ce8575e9","typeName":"hive_table"}},"guid":"e05e1af0-6509-4234-ae8f-a12abc532352","status":"ACTIVE","createdBy":"hive","updatedBy":"hive","createTime":1523603858815,"updateTime":1523603862396,"version":0,"classifications":[]},"bd9fdbe6-b1f1-4eda-87af-d69619506e9b":{"typeName":"hive_column","attributes":{"owner":"hive","qualifiedName":"claim.claims_view.costsavings@hdp","name":"costsavings","description":null,"comment":null,"position":4,"type":"int","table":{"guid":"a9be0a8d-9e58-4426-919e-82a1ce8575e9","typeName":"hive_table"}},"guid":"bd9fdbe6-b1f1-4eda-87af-d69619506e9b","status":"ACTIVE","createdBy":"hive","updatedBy":"hive","createTime":1523603858815,"updateTime":1523603862396,"version":0,"classifications":[]}},"entity":{"typeName":"hive_table","attributes":{"owner":"hive","temporary":false,"lastAccessTime":1523603836000,"aliases":null,"qualifiedName":"claim.claims_view@hdp","columns":[{"guid":"287bd34a-2b5c-47a7-a30f-d50058c1d31e","typeName":"hive_column"},{"guid":"2b357914-90ce-4e50-8276-05056c74efcc","typeName":"hive_column"},{"guid":"e05e1af0-6509-4234-ae8f-a12abc532352","typeName":"hive_column"},{"guid":"d2c63c83-67e7-4e7c-a77c-ab4edbd0139f","typeName":"hive_column"},{"guid":"bd9fdbe6-b1f1-4eda-87af-d69619506e9b","typeName":"hive_column"},{"guid":"03d29c65-798a-48b3-8fd4-f6e1769b394d","typeName":"hive_column"},{"guid":"c8bec279-811b-414a-99fb-c239c457d4c7","typeName":"hive_column"},{"guid":"d653b3fd-446f-4794-86a3-cb834d112dda","typeName":"hive_column"}],"description":null,"viewExpandedText":"SELECT `claim_savings`.`reportdate`, `claim_savings`.`name`, `claim_savings`.`sequenceid`, `claim_savings`.`claimid`, `claim_savings`.`costsavings`, `claim_savings`.`eligibilitycode`, `claim_savings`.`latitude`, `claim_savings`.`longitude` FROM `cost_savings`.`claim_savings`","sd":{"guid":"aa0074d7-b151-4b8e-9407-1a10b4c9cb5a","typeName":"hive_storagedesc"},"tableType":"VIRTUAL_VIEW","createTime":1523603836000,"name":"claims_view","comment":null,"partitionKeys":null,"parameters":{"transient_lastDdlTime":"1523603836"},"db":{"guid":"9c04bd55-0b91-4fdb-80f3-abd706286c69","typeName":"hive_db"},"retention":0,"viewOriginalText":"SELECT * FROM cost_savings.claim_savings"},"guid":"a9be0a8d-9e58-4426-919e-82a1ce8575e9","status":"ACTIVE","createdBy":"hive","updatedBy":"hive","createTime":1523603858815,"updateTime":1523603862396,"version":0,"classifications":[]}}