{"referredEntities":{},"entity":{"typeName":"hive_process","attributes":{"owner":null,"outputs":[{"guid":"a9be0a8d-9e58-4426-919e-82a1ce8575e9","typeName":"hive_table"}],"queryGraph":null,"recentQueries":["create view if not exists claim.claims_view as select * from cost_savings.claim_savings"],"qualifiedName":"claim.claims_view@hdp:1523603836000","inputs":[{"guid":"79b09378-7cdb-49b1-a708-2c474664f7a8","typeName":"hive_table"}],"description":null,"userName":"hive","queryId":"hive_20180413071716_998d1663-dbbf-4c3d-9f7a-0934e55c9ed0","clusterName":"hdp","name":"create view if not exists claim.claims_view as select * from cost_savings.claim_savings","queryText":"create view if not exists claim.claims_view as select * from cost_savings.claim_savings","startTime":1523603836517,"operationType":"CREATEVIEW","queryPlan":"Not Supported","endTime":1523603837046},"guid":"aaa47333-9ec3-4880-bcfe-aa84be9d6426","status":"ACTIVE","createdBy":"hive","updatedBy":"hive","createTime":1523603859451,"updateTime":1523603862396,"version":0,"classifications":[]}}