{"referredEntities":{},"entity":{"typeName":"hive_column_lineage","attributes":{"owner":null,"outputs":[{"guid":"80dc2c7d-c341-43af-bdfd-112777216c5e","typeName":"hive_column"}],"expression":null,"qualifiedName":"claim.prov_view@hdp:1523603836000:providerstate","inputs":[{"guid":"f1a12b20-7eca-4ca0-8dfa-be4f6d6dce92","typeName":"hive_column"}],"query":{"guid":"f93437bb-9d89-4a25-861e-7b33729c31d4","typeName":"hive_process"},"name":"create view if not exists claim.prov_view as select * from claim.provider_summary:providerstate","description":null,"depenendencyType":"SIMPLE"},"guid":"ad477fc9-bb82-47e9-8d27-530ae1c62f24","status":"ACTIVE","createdBy":"hive","updatedBy":"hive","createTime":1523603856142,"updateTime":1523603856142,"version":0,"classifications":[]}}