{"referredEntities":{},"entity":{"typeName":"hive_column_lineage","attributes":{"owner":null,"outputs":[{"guid":"111c8a66-bba5-435d-9230-c9dd3116e8b6","typeName":"hive_column"}],"expression":null,"qualifiedName":"QUERY:hortoniabank.us_customers@hdp:1523603830000->:INSERT:hortoniabank.us_customers_trans@hdp:1523603916000:telephonecountrycode","inputs":[{"guid":"a417cf51-7e28-4655-839a-053e8b7ba259","typeName":"hive_column"}],"query":{"guid":"a894d186-47c4-4116-8741-4d0124e74a76","typeName":"hive_process"},"name":"insert into hortoniabank.us_customers_trans select * from hortoniabank.us_customers:telephonecountrycode","description":null,"depenendencyType":"SIMPLE"},"guid":"ad7dd0ff-b49f-46ba-a17f-3ea865c98fc2","status":"ACTIVE","createdBy":"hive","updatedBy":"hive","createTime":1523603976362,"updateTime":1523603976362,"version":0,"classifications":[]}}