{"referredEntities":{},"entity":{"typeName":"hive_process","attributes":{"owner":null,"outputs":[{"guid":"1a31b8b3-f65e-4a6e-b02b-d4f8016b5a2c","typeName":"hive_table"}],"queryGraph":null,"recentQueries":["create external table if not exists finance.tax_2015 (\n                                   ssn string\n                                 , fed_tax int\n                                 , state_tax int\n                                 , local_tax int\n                                ) row format delimited\n                                  fields terminated by ','\n                                  stored as textfile\n                                  location '/hive_data/finance/tax_2015'"],"qualifiedName":"finance.tax_2015@hdp:1511511741000","inputs":[{"guid":"7eb7bb35-6aa7-41e5-bcb9-86d69c71a7d1","typeName":"hdfs_path"}],"description":null,"userName":"hive","queryId":"hive_20171124082221_9b2ee739-bfd9-409b-a564-f50e3a3a3e46","clusterName":"hdp","name":"create external table if not exists finance.tax_2015 (\n                                   ssn string\n                                 , fed_tax int\n                                 , state_tax int\n                                 , local_tax int\n                                ) row format delimited\n                                  fields terminated by ','\n                                  stored as textfile\n                                  location '/hive_data/finance/tax_2015'","queryText":"create external table if not exists finance.tax_2015 (\n                                   ssn string\n                                 , fed_tax int\n                                 , state_tax int\n                                 , local_tax int\n                                ) row format delimited\n                                  fields terminated by ','\n                                  stored as textfile\n                                  location '/hive_data/finance/tax_2015'","startTime":1511511741229,"operationType":"CREATETABLE","queryPlan":"Not Supported","endTime":1511511741689},"guid":"ad9fc2e7-3912-4925-b618-8b515af7df9c","status":"ACTIVE","createdBy":"hive","updatedBy":"hive","createTime":1511513319316,"updateTime":1511513319316,"version":0,"classifications":[]}}