{"request":{"itemsToExport":[{"typeName":"kafka_topic","uniqueAttributes":{"name":"FOREX"}},{"typeName":"kafka_topic","uniqueAttributes":{"name":"PRIVATE"}},{"typeName":"hbase_table","uniqueAttributes":{"name":"T_FOREX"}},{"typeName":"hbase_table","uniqueAttributes":{"name":"T_PRIVATE"}},{"typeName":"hive_db","uniqueAttributes":{"name":"finance"}},{"typeName":"hive_db","uniqueAttributes":{"name":"hortoniabank"}},{"typeName":"hive_db","uniqueAttributes":{"name":"cost_savings"}},{"typeName":"hive_db","uniqueAttributes":{"name":"claim"}}]},"userName":"admin","clientIpAddress":"127.0.0.1","hostName":"127.0.0.1","timeStamp":1522047930098,"metrics":{"duration":2397,"entity:withExtInfo":55,"entity:hdfs_path":8,"entity:kafka_topic":2,"entity:hive_process":10,"entity:hive_db":4,"entity:hive_table":10,"entity:hive_column":132,"entity:hive_column_lineage":19,"entity:hbase_table":2,"entity:hive_storagedesc":10},"operationStatus":"SUCCESS"}