{"request":{"itemsToExport":[{"typeName":"kafka_topic","uniqueAttributes":{"name":"FOREX"}},{"typeName":"kafka_topic","uniqueAttributes":{"name":"PRIVATE"}},{"typeName":"hbase_table","uniqueAttributes":{"name":"T_FOREX"}},{"typeName":"hbase_table","uniqueAttributes":{"name":"T_PRIVATE"}},{"typeName":"hive_db","uniqueAttributes":{"name":"finance"}},{"typeName":"hive_db","uniqueAttributes":{"name":"hortoniabank"}},{"typeName":"hive_db","uniqueAttributes":{"name":"cost_savings"}},{"typeName":"hive_db","uniqueAttributes":{"name":"consent_master"}},{"typeName":"hive_db","uniqueAttributes":{"name":"erasure_master"}},{"typeName":"hive_db","uniqueAttributes":{"name":"claim"}}]},"userName":"admin","clientIpAddress":"127.0.0.1","hostName":"127.0.0.1","timeStamp":1523606720189,"metrics":{"duration":3567,"entity:withExtInfo":216,"entity:hdfs_path":18,"entity:kafka_topic":2,"entity:hive_process":26,"entity:hive_db":10,"entity:hive_table":26,"entity:hive_column":369,"entity:hive_column_lineage":132,"entity:hbase_table":2,"entity:hive_storagedesc":26},"operationStatus":"SUCCESS"}