{"enumDefs":[{"category":"ENUM","guid":"67c05d02-339c-40c4-b87f-30d9b3dc147f","createdBy":"atlas","updatedBy":"atlas","createTime":1523602608644,"updateTime":1523602608644,"version":1,"name":"hive_principal_type","description":"hive_principal_type","typeVersion":"1.0","elementDefs":[{"value":"USER","ordinal":1},{"value":"ROLE","ordinal":2},{"value":"GROUP","ordinal":3}]},{"category":"ENUM","guid":"d1edd08a-de6a-4256-b348-305a63f108cf","createdBy":"atlas","updatedBy":"atlas","createTime":1523602607149,"updateTime":1523602607149,"version":1,"name":"file_action","description":"file_action","typeVersion":"1.0","elementDefs":[{"value":"NONE","ordinal":0},{"value":"EXECUTE","ordinal":1},{"value":"WRITE","ordinal":2},{"value":"WRITE_EXECUTE","ordinal":3},{"value":"READ","ordinal":4},{"value":"READ_EXECUTE","ordinal":5},{"value":"READ_WRITE","ordinal":6},{"value":"ALL","ordinal":7}]}],"structDefs":[{"category":"STRUCT","guid":"2af66b65-7e06-4268-8e88-3d6b44f6011b","createdBy":"atlas","updatedBy":"atlas","createTime":1523602609683,"updateTime":1523602609683,"version":1,"name":"hive_serde","description":"hive_serde","typeVersion":"1.0","attributeDefs":[{"name":"name","typeName":"string","isOptional":true,"cardinality":"SINGLE","valuesMinCount":0,"valuesMaxCount":1,"isUnique":false,"isIndexable":false},{"name":"serializationLib","typeName":"string","isOptional":true,"cardinality":"SINGLE","valuesMinCount":0,"valuesMaxCount":1,"isUnique":false,"isIndexable":false},{"name":"parameters","typeName":"map<string,string>","isOptional":true,"cardinality":"SINGLE","valuesMinCount":0,"valuesMaxCount":1,"isUnique":false,"isIndexable":false}]},{"category":"STRUCT","guid":"ee1b4313-2307-4c58-b6a6-fed03b847e71","createdBy":"atlas","updatedBy":"atlas","createTime":1523602608662,"updateTime":1523602608662,"version":1,"name":"hive_order","description":"hive_order","typeVersion":"1.0","attributeDefs":[{"name":"order","typeName":"int","isOptional":false,"cardinality":"SINGLE","valuesMinCount":1,"valuesMaxCount":1,"isUnique":false,"isIndexable":false},{"name":"col","typeName":"string","isOptional":false,"cardinality":"SINGLE","valuesMinCount":1,"valuesMaxCount":1,"isUnique":false,"isIndexable":false}]},{"category":"STRUCT","guid":"a3d90569-eae1-4cfc-8264-3d6195c7b433","createdBy":"atlas","updatedBy":"atlas","createTime":1523602607913,"updateTime":1523602607913,"version":1,"name":"fs_permissions","description":"fs_permissions","typeVersion":"1.0","attributeDefs":[{"name":"group","typeName":"file_action","isOptional":false,"cardinality":"SINGLE","valuesMinCount":1,"valuesMaxCount":1,"isUnique":false,"isIndexable":true},{"name":"user","typeName":"file_action","isOptional":false,"cardinality":"SINGLE","valuesMinCount":1,"valuesMaxCount":1,"isUnique":false,"isIndexable":true},{"name":"sticky","typeName":"boolean","isOptional":false,"cardinality":"SINGLE","valuesMinCount":1,"valuesMaxCount":1,"isUnique":false,"isIndexable":true},{"name":"others","typeName":"file_action","isOptional":false,"cardinality":"SINGLE","valuesMinCount":1,"valuesMaxCount":1,"isUnique":false,"isIndexable":true}]}],"classificationDefs":[{"category":"CLASSIFICATION","guid":"6580e11e-1dd7-49f0-95f8-5df519afbe58","createdBy":"admin","updatedBy":"admin","createTime":1490920322332,"updateTime":1490920322332,"version":1,"name":"PII","description":"PII","typeVersion":"1.0","attributeDefs":[{"name":"type","typeName":"string","isOptional":true,"cardinality":"SINGLE","valuesMinCount":0,"valuesMaxCount":1,"isUnique":false,"isIndexable":false}],"superTypes":[]},{"category":"CLASSIFICATION","guid":"cdff685d-e319-413f-83a7-afba4154e7e1","createdBy":"admin","updatedBy":"admin","createTime":1522045409865,"updateTime":1522045409865,"version":1,"name":"SENSITIVE","description":"SENSITIVE","typeVersion":"1.0","attributeDefs":[],"superTypes":[]},{"category":"CLASSIFICATION","guid":"b9716c12-45f1-425d-9fbf-1f446a77c187","createdBy":"admin","updatedBy":"admin","createTime":1490764363302,"updateTime":1490764363302,"version":1,"name":"FINANCE_PII","description":"FINANCE_PII","typeVersion":"1.0","attributeDefs":[],"superTypes":["PII"]},{"category":"CLASSIFICATION","guid":"4cf9da58-bb06-41f1-bf88-609eecc7a20f","createdBy":"admin","updatedBy":"admin","createTime":1490764375142,"updateTime":1490764375142,"version":1,"name":"VENDOR_PII","description":"VENDOR_PII","typeVersion":"1.0","attributeDefs":[],"superTypes":["PII"]},{"category":"CLASSIFICATION","guid":"557ee7ee-cccd-483e-908d-6204651f7503","createdBy":"admin","updatedBy":"admin","createTime":1490762525929,"updateTime":1490762525929,"version":1,"name":"DATA_QUALITY","description":"DATA_QUALITY","typeVersion":"1.0","attributeDefs":[{"name":"score","typeName":"float","isOptional":true,"cardinality":"SINGLE","valuesMinCount":0,"valuesMaxCount":1,"isUnique":false,"isIndexable":false}],"superTypes":[]},{"category":"CLASSIFICATION","guid":"6f3d1277-15ad-49b9-bcee-fdddbd4a10e6","createdBy":"admin","updatedBy":"admin","createTime":1490765103995,"updateTime":1490765103995,"version":1,"name":"EXPIRES_ON","description":"EXPIRES_ON","typeVersion":"1.0","attributeDefs":[{"name":"expiry_date","typeName":"string","isOptional":true,"cardinality":"SINGLE","valuesMinCount":0,"valuesMaxCount":1,"isUnique":false,"isIndexable":false}],"superTypes":[]},{"category":"CLASSIFICATION","guid":"68333b92-c305-41df-b325-1fd63cf2007a","createdBy":"admin","updatedBy":"admin","createTime":1490762500705,"updateTime":1490762500705,"version":1,"name":"REFERENCE_DATA","description":"REFERENCE_DATA","typeVersion":"1.0","attributeDefs":[],"superTypes":[]}],"entityDefs":[{"category":"ENTITY","guid":"2df5b12c-6c5b-4765-91fe-2cb626299894","createdBy":"atlas","updatedBy":"atlas","createTime":1523602605186,"updateTime":1523602605186,"version":1,"name":"DataSet","description":"DataSet","typeVersion":"1.0","attributeDefs":[],"superTypes":["Referenceable","Asset"]},{"category":"ENTITY","guid":"fd2d2803-27c5-4349-9ced-b0cf2c918a52","createdBy":"atlas","updatedBy":"atlas","createTime":1523602614121,"updateTime":1523602614121,"version":1,"name":"kafka_topic","description":"kafka_topic","typeVersion":"1.0","attributeDefs":[{"name":"topic","typeName":"string","isOptional":false,"cardinality":"SINGLE","valuesMinCount":1,"valuesMaxCount":1,"isUnique":true,"isIndexable":true},{"name":"uri","typeName":"string","isOptional":false,"cardinality":"SINGLE","valuesMinCount":1,"valuesMaxCount":1,"isUnique":false,"isIndexable":false}],"superTypes":["DataSet"]},{"category":"ENTITY","guid":"6cbd64e8-dc3d-46e8-bd40-5918514b77a4","createdBy":"atlas","updatedBy":"atlas","createTime":1523602605220,"updateTime":1523602605220,"version":1,"name":"Process","description":"Process","typeVersion":"1.0","attributeDefs":[{"name":"inputs","typeName":"array<DataSet>","isOptional":true,"cardinality":"SINGLE","valuesMinCount":0,"valuesMaxCount":1,"isUnique":false,"isIndexable":false},{"name":"outputs","typeName":"array<DataSet>","isOptional":true,"cardinality":"SINGLE","valuesMinCount":0,"valuesMaxCount":1,"isUnique":false,"isIndexable":false}],"superTypes":["Referenceable","Asset"]},{"category":"ENTITY","guid":"c5dda5e3-b65a-4f5a-8370-56bfc3670f10","createdBy":"atlas","updatedBy":"atlas","createTime":1523602610433,"updateTime":1523602615292,"version":2,"name":"hive_table","description":"hive_table","typeVersion":"1.1","options":{"schemaElementsAttribute":"columns"},"attributeDefs":[{"name":"db","typeName":"hive_db","isOptional":false,"cardinality":"SINGLE","valuesMinCount":1,"valuesMaxCount":1,"isUnique":false,"isIndexable":false},{"name":"createTime","typeName":"date","isOptional":true,"cardinality":"SINGLE","valuesMinCount":0,"valuesMaxCount":1,"isUnique":false,"isIndexable":false},{"name":"lastAccessTime","typeName":"date","isOptional":true,"cardinality":"SINGLE","valuesMinCount":0,"valuesMaxCount":1,"isUnique":false,"isIndexable":false},{"name":"comment","typeName":"string","isOptional":true,"cardinality":"SINGLE","valuesMinCount":0,"valuesMaxCount":1,"isUnique":false,"isIndexable":false},{"name":"retention","typeName":"int","isOptional":true,"cardinality":"SINGLE","valuesMinCount":0,"valuesMaxCount":1,"isUnique":false,"isIndexable":false},{"name":"sd","typeName":"hive_storagedesc","isOptional":true,"cardinality":"SINGLE","valuesMinCount":0,"valuesMaxCount":1,"isUnique":false,"isIndexable":false,"constraints":[{"type":"ownedRef"}]},{"name":"partitionKeys","typeName":"array<hive_column>","isOptional":true,"cardinality":"SINGLE","valuesMinCount":0,"valuesMaxCount":1,"isUnique":false,"isIndexable":false,"constraints":[{"type":"ownedRef"}]},{"name":"aliases","typeName":"array<string>","isOptional":true,"cardinality":"SINGLE","valuesMinCount":0,"valuesMaxCount":1,"isUnique":false,"isIndexable":false},{"name":"columns","typeName":"array<hive_column>","isOptional":true,"cardinality":"SINGLE","valuesMinCount":0,"valuesMaxCount":1,"isUnique":false,"isIndexable":false,"constraints":[{"type":"ownedRef"}]},{"name":"parameters","typeName":"map<string,string>","isOptional":true,"cardinality":"SINGLE","valuesMinCount":0,"valuesMaxCount":1,"isUnique":false,"isIndexable":false},{"name":"viewOriginalText","typeName":"string","isOptional":true,"cardinality":"SINGLE","valuesMinCount":0,"valuesMaxCount":1,"isUnique":false,"isIndexable":false},{"name":"viewExpandedText","typeName":"string","isOptional":true,"cardinality":"SINGLE","valuesMinCount":0,"valuesMaxCount":1,"isUnique":false,"isIndexable":false},{"name":"tableType","typeName":"string","isOptional":true,"cardinality":"SINGLE","valuesMinCount":0,"valuesMaxCount":1,"isUnique":false,"isIndexable":false},{"name":"temporary","typeName":"boolean","isOptional":true,"cardinality":"SINGLE","valuesMinCount":0,"valuesMaxCount":1,"isUnique":false,"isIndexable":true}],"superTypes":["DataSet"]},{"category":"ENTITY","guid":"6c6d5f87-cb80-43ce-b1f7-6eb5aa3b1768","createdBy":"atlas","updatedBy":"atlas","createTime":1523602610543,"updateTime":1523602610543,"version":1,"name":"hive_db","description":"hive_db","typeVersion":"1.0","attributeDefs":[{"name":"clusterName","typeName":"string","isOptional":false,"cardinality":"SINGLE","valuesMinCount":1,"valuesMaxCount":1,"isUnique":false,"isIndexable":true},{"name":"location","typeName":"string","isOptional":true,"cardinality":"SINGLE","valuesMinCount":0,"valuesMaxCount":1,"isUnique":false,"isIndexable":false},{"name":"parameters","typeName":"map<string,string>","isOptional":true,"cardinality":"SINGLE","valuesMinCount":0,"valuesMaxCount":1,"isUnique":false,"isIndexable":false},{"name":"ownerType","typeName":"hive_principal_type","isOptional":true,"cardinality":"SINGLE","valuesMinCount":0,"valuesMaxCount":1,"isUnique":false,"isIndexable":false}],"superTypes":["Referenceable","Asset"]},{"category":"ENTITY","guid":"f04ae6ec-30c6-4e8a-bd09-c69e2586d6a9","createdBy":"atlas","updatedBy":"atlas","createTime":1523602610375,"updateTime":1523602610375,"version":1,"name":"hive_process","description":"hive_process","typeVersion":"1.0","attributeDefs":[{"name":"startTime","typeName":"date","isOptional":false,"cardinality":"SINGLE","valuesMinCount":1,"valuesMaxCount":1,"isUnique":false,"isIndexable":false},{"name":"endTime","typeName":"date","isOptional":false,"cardinality":"SINGLE","valuesMinCount":1,"valuesMaxCount":1,"isUnique":false,"isIndexable":false},{"name":"userName","typeName":"string","isOptional":false,"cardinality":"SINGLE","valuesMinCount":1,"valuesMaxCount":1,"isUnique":false,"isIndexable":true},{"name":"operationType","typeName":"string","isOptional":false,"cardinality":"SINGLE","valuesMinCount":1,"valuesMaxCount":1,"isUnique":false,"isIndexable":true},{"name":"queryText","typeName":"string","isOptional":false,"cardinality":"SINGLE","valuesMinCount":1,"valuesMaxCount":1,"isUnique":false,"isIndexable":false},{"name":"queryPlan","typeName":"string","isOptional":false,"cardinality":"SINGLE","valuesMinCount":1,"valuesMaxCount":1,"isUnique":false,"isIndexable":false},{"name":"queryId","typeName":"string","isOptional":false,"cardinality":"SINGLE","valuesMinCount":1,"valuesMaxCount":1,"isUnique":false,"isIndexable":false},{"name":"recentQueries","typeName":"array<string>","isOptional":true,"cardinality":"SINGLE","valuesMinCount":0,"valuesMaxCount":1,"isUnique":false,"isIndexable":false},{"name":"clusterName","typeName":"string","isOptional":true,"cardinality":"SINGLE","valuesMinCount":0,"valuesMaxCount":1,"isUnique":false,"isIndexable":false},{"name":"queryGraph","typeName":"string","isOptional":true,"cardinality":"SINGLE","valuesMinCount":0,"valuesMaxCount":1,"isUnique":false,"isIndexable":false}],"superTypes":["Process"]},{"category":"ENTITY","guid":"e34fff26-7374-40be-8f62-06f1b656d70a","createdBy":"atlas","updatedBy":"atlas","createTime":1523602610500,"updateTime":1523602610500,"version":1,"name":"hive_storagedesc","description":"hive_storagedesc","typeVersion":"1.0","attributeDefs":[{"name":"table","typeName":"hive_table","isOptional":true,"cardinality":"SINGLE","valuesMinCount":0,"valuesMaxCount":1,"isUnique":false,"isIndexable":false,"constraints":[{"type":"inverseRef","params":{"attribute":"sd"}}]},{"name":"location","typeName":"string","isOptional":true,"cardinality":"SINGLE","valuesMinCount":0,"valuesMaxCount":1,"isUnique":false,"isIndexable":false},{"name":"inputFormat","typeName":"string","isOptional":true,"cardinality":"SINGLE","valuesMinCount":0,"valuesMaxCount":1,"isUnique":false,"isIndexable":false},{"name":"outputFormat","typeName":"string","isOptional":true,"cardinality":"SINGLE","valuesMinCount":0,"valuesMaxCount":1,"isUnique":false,"isIndexable":false},{"name":"compressed","typeName":"boolean","isOptional":false,"cardinality":"SINGLE","valuesMinCount":1,"valuesMaxCount":1,"isUnique":false,"isIndexable":false},{"name":"numBuckets","typeName":"int","isOptional":true,"cardinality":"SINGLE","valuesMinCount":0,"valuesMaxCount":1,"isUnique":false,"isIndexable":false},{"name":"serdeInfo","typeName":"hive_serde","isOptional":true,"cardinality":"SINGLE","valuesMinCount":0,"valuesMaxCount":1,"isUnique":false,"isIndexable":false},{"name":"bucketCols","typeName":"array<string>","isOptional":true,"cardinality":"SINGLE","valuesMinCount":0,"valuesMaxCount":1,"isUnique":false,"isIndexable":false},{"name":"sortCols","typeName":"array<hive_order>","isOptional":true,"cardinality":"SINGLE","valuesMinCount":0,"valuesMaxCount":1,"isUnique":false,"isIndexable":false},{"name":"parameters","typeName":"map<string,string>","isOptional":true,"cardinality":"SINGLE","valuesMinCount":0,"valuesMaxCount":1,"isUnique":false,"isIndexable":false},{"name":"storedAsSubDirectories","typeName":"boolean","isOptional":true,"cardinality":"SINGLE","valuesMinCount":0,"valuesMaxCount":1,"isUnique":false,"isIndexable":false}],"superTypes":["Referenceable"]},{"category":"ENTITY","guid":"b130d07a-e7f9-4581-ae50-f15b9704e157","createdBy":"atlas","updatedBy":"atlas","createTime":1523602608023,"updateTime":1523602608023,"version":1,"name":"hdfs_path","description":"hdfs_path","typeVersion":"1.0","attributeDefs":[{"name":"clusterName","typeName":"string","isOptional":true,"cardinality":"SINGLE","valuesMinCount":0,"valuesMaxCount":1,"isUnique":false,"isIndexable":true},{"name":"numberOfReplicas","typeName":"int","isOptional":true,"cardinality":"SINGLE","valuesMinCount":0,"valuesMaxCount":1,"isUnique":false,"isIndexable":true},{"name":"extendedAttributes","typeName":"map<string,string>","isOptional":true,"cardinality":"SINGLE","valuesMinCount":0,"valuesMaxCount":1,"isUnique":false,"isIndexable":false}],"superTypes":["fs_path"]},{"category":"ENTITY","guid":"816acffe-3631-411f-8768-7fa19f4fdb8f","createdBy":"atlas","updatedBy":"atlas","createTime":1523602613846,"updateTime":1523602613846,"version":1,"name":"hbase_column","description":"hbase_column","typeVersion":"1.0","attributeDefs":[{"name":"column_family","typeName":"hbase_column_family","isOptional":false,"cardinality":"SINGLE","valuesMinCount":1,"valuesMaxCount":1,"isUnique":false,"isIndexable":false,"constraints":[{"type":"inverseRef","params":{"attribute":"columns"}}]}],"superTypes":["DataSet"]},{"category":"ENTITY","guid":"701fb07c-83a0-42a8-ba41-66e45117d71f","createdBy":"atlas","updatedBy":"atlas","createTime":1523602604404,"updateTime":1523602604404,"version":1,"name":"Referenceable","description":"Referenceable","typeVersion":"1.0","attributeDefs":[{"name":"qualifiedName","typeName":"string","isOptional":false,"cardinality":"SINGLE","valuesMinCount":1,"valuesMaxCount":1,"isUnique":true,"isIndexable":true}],"superTypes":[]},{"category":"ENTITY","guid":"6f50c90f-51a1-4f0f-b311-48ec5cf7c833","createdBy":"atlas","updatedBy":"atlas","createTime":1523602613821,"updateTime":1523602613821,"version":1,"name":"hbase_table","description":"hbase_table","typeVersion":"1.1","attributeDefs":[{"name":"uri","typeName":"string","isOptional":false,"cardinality":"SINGLE","valuesMinCount":1,"valuesMaxCount":1,"isUnique":false,"isIndexable":false},{"name":"column_families","typeName":"array<hbase_column_family>","isOptional":true,"cardinality":"SINGLE","valuesMinCount":0,"valuesMaxCount":1,"isUnique":false,"isIndexable":false,"constraints":[{"type":"ownedRef"}]}],"superTypes":["DataSet"]},{"category":"ENTITY","guid":"42984125-a093-40d2-ac14-4815e00905d1","createdBy":"atlas","updatedBy":"atlas","createTime":1523602610578,"updateTime":1523602610578,"version":1,"name":"hive_column_lineage","description":"hive_column_lineage","typeVersion":"1.0","attributeDefs":[{"name":"query","typeName":"hive_process","isOptional":false,"cardinality":"SINGLE","valuesMinCount":1,"valuesMaxCount":1,"isUnique":false,"isIndexable":false},{"name":"depenendencyType","typeName":"string","isOptional":false,"cardinality":"SINGLE","valuesMinCount":1,"valuesMaxCount":1,"isUnique":false,"isIndexable":false},{"name":"expression","typeName":"string","isOptional":true,"cardinality":"SINGLE","valuesMinCount":0,"valuesMaxCount":1,"isUnique":false,"isIndexable":false}],"superTypes":["Process"]},{"category":"ENTITY","guid":"cf17a2ee-f0a5-47a8-b1c8-846e137148b5","createdBy":"atlas","updatedBy":"atlas","createTime":1523602605135,"updateTime":1523602605135,"version":1,"name":"Asset","description":"Asset","typeVersion":"1.0","attributeDefs":[{"name":"name","typeName":"string","isOptional":false,"cardinality":"SINGLE","valuesMinCount":1,"valuesMaxCount":1,"isUnique":false,"isIndexable":true},{"name":"description","typeName":"string","isOptional":true,"cardinality":"SINGLE","valuesMinCount":0,"valuesMaxCount":1,"isUnique":false,"isIndexable":false},{"name":"owner","typeName":"string","isOptional":true,"cardinality":"SINGLE","valuesMinCount":0,"valuesMaxCount":1,"isUnique":false,"isIndexable":true}],"superTypes":[]},{"category":"ENTITY","guid":"b1f5b1ac-60bb-4437-8572-faf5c5f1271a","createdBy":"atlas","updatedBy":"atlas","createTime":1523602613835,"updateTime":1523602613835,"version":1,"name":"hbase_column_family","description":"hbase_column_family","typeVersion":"1.0","attributeDefs":[{"name":"table","typeName":"hbase_table","isOptional":false,"cardinality":"SINGLE","valuesMinCount":1,"valuesMaxCount":1,"isUnique":false,"isIndexable":false,"constraints":[{"type":"inverseRef","params":{"attribute":"column_families"}}]},{"name":"columns","typeName":"array<hbase_column>","isOptional":true,"cardinality":"SINGLE","valuesMinCount":0,"valuesMaxCount":1,"isUnique":false,"isIndexable":false,"constraints":[{"type":"ownedRef"}]}],"superTypes":["DataSet"]},{"category":"ENTITY","guid":"28aedaa7-39cb-4ef8-8407-c5040989f2c2","createdBy":"atlas","updatedBy":"atlas","createTime":1523602610561,"updateTime":1523602615523,"version":4,"name":"hive_column","description":"hive_column","typeVersion":"1.3","options":{"schemaAttributes":"[\"name\", \"description\", \"owner\", \"type\", \"comment\", \"position\"]"},"attributeDefs":[{"name":"type","typeName":"string","isOptional":false,"cardinality":"SINGLE","valuesMinCount":1,"valuesMaxCount":1,"isUnique":false,"isIndexable":true},{"name":"comment","typeName":"string","isOptional":true,"cardinality":"SINGLE","valuesMinCount":0,"valuesMaxCount":1,"isUnique":false,"isIndexable":false},{"name":"position","typeName":"int","isOptional":true,"cardinality":"SINGLE","valuesMinCount":0,"valuesMaxCount":1,"isUnique":false,"isIndexable":false},{"name":"table","typeName":"hive_table","isOptional":true,"cardinality":"SINGLE","valuesMinCount":0,"valuesMaxCount":1,"isUnique":false,"isIndexable":false}],"superTypes":["DataSet"]},{"category":"ENTITY","guid":"7859d8d6-e8a7-4a90-9ec9-ceb18ab751e8","createdBy":"atlas","updatedBy":"atlas","createTime":1523602607961,"updateTime":1523602607961,"version":1,"name":"fs_path","description":"fs_path","typeVersion":"1.0","attributeDefs":[{"name":"path","typeName":"string","isOptional":false,"cardinality":"SINGLE","valuesMinCount":1,"valuesMaxCount":1,"isUnique":false,"isIndexable":true},{"name":"createTime","typeName":"date","isOptional":true,"cardinality":"SINGLE","valuesMinCount":0,"valuesMaxCount":1,"isUnique":false,"isIndexable":true},{"name":"modifiedTime","typeName":"date","isOptional":true,"cardinality":"SINGLE","valuesMinCount":0,"valuesMaxCount":1,"isUnique":false,"isIndexable":true},{"name":"isFile","typeName":"boolean","isOptional":true,"cardinality":"SINGLE","valuesMinCount":0,"valuesMaxCount":1,"isUnique":false,"isIndexable":true},{"name":"isSymlink","typeName":"boolean","isOptional":true,"cardinality":"SINGLE","valuesMinCount":0,"valuesMaxCount":1,"isUnique":false,"isIndexable":false},{"name":"fileSize","typeName":"long","isOptional":true,"cardinality":"SINGLE","valuesMinCount":0,"valuesMaxCount":1,"isUnique":false,"isIndexable":false},{"name":"group","typeName":"string","isOptional":true,"cardinality":"SINGLE","valuesMinCount":0,"valuesMaxCount":1,"isUnique":false,"isIndexable":true},{"name":"posixPermissions","typeName":"fs_permissions","isOptional":true,"cardinality":"SINGLE","valuesMinCount":0,"valuesMaxCount":1,"isUnique":false,"isIndexable":true}],"superTypes":["DataSet"]}]}