{"request":{"itemsToExport":[{"typeName":"hive_db","uniqueAttributes":{"name":"finance"}},{"typeName":"hive_db","uniqueAttributes":{"name":"hortoniabank"}},{"typeName":"hive_db","uniqueAttributes":{"name":"cost_savings"}},{"typeName":"hive_db","uniqueAttributes":{"name":"claim"}}]},"userName":"admin","clientIpAddress":"127.0.0.1","hostName":"127.0.0.1","timeStamp":1513222509911,"metrics":{"duration":1778,"entity:withExtInfo":51,"entity:hdfs_path":8,"entity:hive_process":10,"entity:hive_db":4,"entity:hive_table":10,"entity:hive_column":132,"entity:hive_column_lineage":19,"entity:hive_storagedesc":10},"operationStatus":"SUCCESS"}