{"enumDefs":[{"category":"ENUM","guid":"60579cc5-abed-4fa9-b376-2d529f4e75a3","createdBy":"atlas","updatedBy":"atlas","createTime":1511513301563,"updateTime":1511513301563,"version":1,"name":"hive_principal_type","description":"hive_principal_type","typeVersion":"1.0","elementDefs":[{"value":"USER","ordinal":1},{"value":"ROLE","ordinal":2},{"value":"GROUP","ordinal":3}]},{"category":"ENUM","guid":"08fb518a-5b7b-495b-9bd7-945a6a0c4066","createdBy":"atlas","updatedBy":"atlas","createTime":1511513300953,"updateTime":1511513300953,"version":1,"name":"file_action","description":"file_action","typeVersion":"1.0","elementDefs":[{"value":"NONE","ordinal":0},{"value":"EXECUTE","ordinal":1},{"value":"WRITE","ordinal":2},{"value":"WRITE_EXECUTE","ordinal":3},{"value":"READ","ordinal":4},{"value":"READ_EXECUTE","ordinal":5},{"value":"READ_WRITE","ordinal":6},{"value":"ALL","ordinal":7}]}],"structDefs":[{"category":"STRUCT","guid":"ee2eed08-cafc-4ed1-a79d-19dae5b1249e","createdBy":"atlas","updatedBy":"atlas","createTime":1511513301590,"updateTime":1511513301590,"version":1,"name":"hive_serde","description":"hive_serde","typeVersion":"1.0","attributeDefs":[{"name":"name","typeName":"string","isOptional":true,"cardinality":"SINGLE","valuesMinCount":0,"valuesMaxCount":1,"isUnique":false,"isIndexable":false},{"name":"serializationLib","typeName":"string","isOptional":true,"cardinality":"SINGLE","valuesMinCount":0,"valuesMaxCount":1,"isUnique":false,"isIndexable":false},{"name":"parameters","typeName":"map<string,string>","isOptional":true,"cardinality":"SINGLE","valuesMinCount":0,"valuesMaxCount":1,"isUnique":false,"isIndexable":false}]},{"category":"STRUCT","guid":"979547c4-eb29-41cb-8c5e-91f525f5c9a1","createdBy":"atlas","updatedBy":"atlas","createTime":1511513301578,"updateTime":1511513301578,"version":1,"name":"hive_order","description":"hive_order","typeVersion":"1.0","attributeDefs":[{"name":"order","typeName":"int","isOptional":false,"cardinality":"SINGLE","valuesMinCount":1,"valuesMaxCount":1,"isUnique":false,"isIndexable":false},{"name":"col","typeName":"string","isOptional":false,"cardinality":"SINGLE","valuesMinCount":1,"valuesMaxCount":1,"isUnique":false,"isIndexable":false}]},{"category":"STRUCT","guid":"e4da6ec8-3848-4106-b361-e1b675923d1e","createdBy":"atlas","updatedBy":"atlas","createTime":1511513301009,"updateTime":1511513301009,"version":1,"name":"fs_permissions","description":"fs_permissions","typeVersion":"1.0","attributeDefs":[{"name":"group","typeName":"file_action","isOptional":false,"cardinality":"SINGLE","valuesMinCount":1,"valuesMaxCount":1,"isUnique":false,"isIndexable":true},{"name":"user","typeName":"file_action","isOptional":false,"cardinality":"SINGLE","valuesMinCount":1,"valuesMaxCount":1,"isUnique":false,"isIndexable":true},{"name":"sticky","typeName":"boolean","isOptional":false,"cardinality":"SINGLE","valuesMinCount":1,"valuesMaxCount":1,"isUnique":false,"isIndexable":true},{"name":"others","typeName":"file_action","isOptional":false,"cardinality":"SINGLE","valuesMinCount":1,"valuesMaxCount":1,"isUnique":false,"isIndexable":true}]}],"classificationDefs":[{"category":"CLASSIFICATION","guid":"6580e11e-1dd7-49f0-95f8-5df519afbe58","createdBy":"admin","updatedBy":"admin","createTime":1490920322332,"updateTime":1490920322332,"version":1,"name":"PII","description":"PII","typeVersion":"1.0","attributeDefs":[{"name":"type","typeName":"string","isOptional":true,"cardinality":"SINGLE","valuesMinCount":0,"valuesMaxCount":1,"isUnique":false,"isIndexable":false}],"superTypes":[]},{"category":"CLASSIFICATION","guid":"b9716c12-45f1-425d-9fbf-1f446a77c187","createdBy":"admin","updatedBy":"admin","createTime":1490764363302,"updateTime":1490764363302,"version":1,"name":"FINANCE_PII","description":"FINANCE_PII","typeVersion":"1.0","attributeDefs":[],"superTypes":["PII"]},{"category":"CLASSIFICATION","guid":"4cf9da58-bb06-41f1-bf88-609eecc7a20f","createdBy":"admin","updatedBy":"admin","createTime":1490764375142,"updateTime":1490764375142,"version":1,"name":"VENDOR_PII","description":"VENDOR_PII","typeVersion":"1.0","attributeDefs":[],"superTypes":["PII"]},{"category":"CLASSIFICATION","guid":"557ee7ee-cccd-483e-908d-6204651f7503","createdBy":"admin","updatedBy":"admin","createTime":1490762525929,"updateTime":1490762525929,"version":1,"name":"DATA_QUALITY","description":"DATA_QUALITY","typeVersion":"1.0","attributeDefs":[{"name":"score","typeName":"float","isOptional":true,"cardinality":"SINGLE","valuesMinCount":0,"valuesMaxCount":1,"isUnique":false,"isIndexable":false}],"superTypes":[]},{"category":"CLASSIFICATION","guid":"6f3d1277-15ad-49b9-bcee-fdddbd4a10e6","createdBy":"admin","updatedBy":"admin","createTime":1490765103995,"updateTime":1490765103995,"version":1,"name":"EXPIRES_ON","description":"EXPIRES_ON","typeVersion":"1.0","attributeDefs":[{"name":"expiry_date","typeName":"string","isOptional":true,"cardinality":"SINGLE","valuesMinCount":0,"valuesMaxCount":1,"isUnique":false,"isIndexable":false}],"superTypes":[]},{"category":"CLASSIFICATION","guid":"68333b92-c305-41df-b325-1fd63cf2007a","createdBy":"admin","updatedBy":"admin","createTime":1490762500705,"updateTime":1490762500705,"version":1,"name":"REFERENCE_DATA","description":"REFERENCE_DATA","typeVersion":"1.0","attributeDefs":[],"superTypes":[]}],"entityDefs":[{"category":"ENTITY","guid":"080e6a07-afad-4790-a3b2-bbfaf6536c02","createdBy":"atlas","updatedBy":"atlas","createTime":1511513301670,"updateTime":1511513301670,"version":1,"name":"hive_storagedesc","description":"hive_storagedesc","typeVersion":"1.0","attributeDefs":[{"name":"table","typeName":"hive_table","isOptional":true,"cardinality":"SINGLE","valuesMinCount":0,"valuesMaxCount":1,"isUnique":false,"isIndexable":false,"constraints":[{"type":"inverseRef","params":{"attribute":"sd"}}]},{"name":"location","typeName":"string","isOptional":true,"cardinality":"SINGLE","valuesMinCount":0,"valuesMaxCount":1,"isUnique":false,"isIndexable":false},{"name":"inputFormat","typeName":"string","isOptional":true,"cardinality":"SINGLE","valuesMinCount":0,"valuesMaxCount":1,"isUnique":false,"isIndexable":false},{"name":"outputFormat","typeName":"string","isOptional":true,"cardinality":"SINGLE","valuesMinCount":0,"valuesMaxCount":1,"isUnique":false,"isIndexable":false},{"name":"compressed","typeName":"boolean","isOptional":false,"cardinality":"SINGLE","valuesMinCount":1,"valuesMaxCount":1,"isUnique":false,"isIndexable":false},{"name":"numBuckets","typeName":"int","isOptional":true,"cardinality":"SINGLE","valuesMinCount":0,"valuesMaxCount":1,"isUnique":false,"isIndexable":false},{"name":"serdeInfo","typeName":"hive_serde","isOptional":true,"cardinality":"SINGLE","valuesMinCount":0,"valuesMaxCount":1,"isUnique":false,"isIndexable":false},{"name":"bucketCols","typeName":"array<string>","isOptional":true,"cardinality":"SINGLE","valuesMinCount":0,"valuesMaxCount":1,"isUnique":false,"isIndexable":false},{"name":"sortCols","typeName":"array<hive_order>","isOptional":true,"cardinality":"SINGLE","valuesMinCount":0,"valuesMaxCount":1,"isUnique":false,"isIndexable":false},{"name":"parameters","typeName":"map<string,string>","isOptional":true,"cardinality":"SINGLE","valuesMinCount":0,"valuesMaxCount":1,"isUnique":false,"isIndexable":false},{"name":"storedAsSubDirectories","typeName":"boolean","isOptional":true,"cardinality":"SINGLE","valuesMinCount":0,"valuesMaxCount":1,"isUnique":false,"isIndexable":false}],"superTypes":["Referenceable"]},{"category":"ENTITY","guid":"a288e955-6805-42d1-948b-61c09b921ad5","createdBy":"atlas","updatedBy":"atlas","createTime":1511513301057,"updateTime":1511513301057,"version":1,"name":"hdfs_path","description":"hdfs_path","typeVersion":"1.0","attributeDefs":[{"name":"clusterName","typeName":"string","isOptional":true,"cardinality":"SINGLE","valuesMinCount":0,"valuesMaxCount":1,"isUnique":false,"isIndexable":true},{"name":"numberOfReplicas","typeName":"int","isOptional":true,"cardinality":"SINGLE","valuesMinCount":0,"valuesMaxCount":1,"isUnique":false,"isIndexable":true},{"name":"extendedAttributes","typeName":"map<string,string>","isOptional":true,"cardinality":"SINGLE","valuesMinCount":0,"valuesMaxCount":1,"isUnique":false,"isIndexable":false}],"superTypes":["fs_path"]},{"category":"ENTITY","guid":"bdcde43b-9efc-412e-8ef2-64d6bfd0db12","createdBy":"atlas","updatedBy":"atlas","createTime":1511513295914,"updateTime":1511513295914,"version":1,"name":"Referenceable","description":"Referenceable","typeVersion":"1.0","attributeDefs":[{"name":"qualifiedName","typeName":"string","isOptional":false,"cardinality":"SINGLE","valuesMinCount":1,"valuesMaxCount":1,"isUnique":true,"isIndexable":true}],"superTypes":[]},{"category":"ENTITY","guid":"d898a9a3-8518-4cf6-9daf-83e8953097ca","createdBy":"atlas","updatedBy":"atlas","createTime":1511513297983,"updateTime":1511513297983,"version":1,"name":"DataSet","description":"DataSet","typeVersion":"1.0","attributeDefs":[],"superTypes":["Referenceable","Asset"]},{"category":"ENTITY","guid":"db820240-0d78-4ddb-844c-c49f77ab27cc","createdBy":"atlas","updatedBy":"atlas","createTime":1511513302611,"updateTime":1511513302611,"version":1,"name":"hive_column_lineage","description":"hive_column_lineage","typeVersion":"1.0","attributeDefs":[{"name":"query","typeName":"hive_process","isOptional":false,"cardinality":"SINGLE","valuesMinCount":1,"valuesMaxCount":1,"isUnique":false,"isIndexable":false},{"name":"depenendencyType","typeName":"string","isOptional":false,"cardinality":"SINGLE","valuesMinCount":1,"valuesMaxCount":1,"isUnique":false,"isIndexable":false},{"name":"expression","typeName":"string","isOptional":true,"cardinality":"SINGLE","valuesMinCount":0,"valuesMaxCount":1,"isUnique":false,"isIndexable":false}],"superTypes":["Process"]},{"category":"ENTITY","guid":"a1690b4d-e378-407f-971b-eaf383d1d039","createdBy":"atlas","updatedBy":"atlas","createTime":1511513297284,"updateTime":1511513297284,"version":1,"name":"Asset","description":"Asset","typeVersion":"1.0","attributeDefs":[{"name":"name","typeName":"string","isOptional":false,"cardinality":"SINGLE","valuesMinCount":1,"valuesMaxCount":1,"isUnique":false,"isIndexable":true},{"name":"description","typeName":"string","isOptional":true,"cardinality":"SINGLE","valuesMinCount":0,"valuesMaxCount":1,"isUnique":false,"isIndexable":false},{"name":"owner","typeName":"string","isOptional":true,"cardinality":"SINGLE","valuesMinCount":0,"valuesMaxCount":1,"isUnique":false,"isIndexable":true}],"superTypes":[]},{"category":"ENTITY","guid":"e9331896-abc3-41c9-a015-dbfe7eb3d682","createdBy":"atlas","updatedBy":"atlas","createTime":1511513298670,"updateTime":1511513298670,"version":1,"name":"Process","description":"Process","typeVersion":"1.0","attributeDefs":[{"name":"inputs","typeName":"array<DataSet>","isOptional":true,"cardinality":"SINGLE","valuesMinCount":0,"valuesMaxCount":1,"isUnique":false,"isIndexable":false},{"name":"outputs","typeName":"array<DataSet>","isOptional":true,"cardinality":"SINGLE","valuesMinCount":0,"valuesMaxCount":1,"isUnique":false,"isIndexable":false}],"superTypes":["Referenceable","Asset"]},{"category":"ENTITY","guid":"fadf0138-0bc4-4337-b95d-9de1b4ab67b3","createdBy":"atlas","updatedBy":"atlas","createTime":1511513301628,"updateTime":1511513305222,"version":2,"name":"hive_table","description":"hive_table","typeVersion":"1.1","options":{"schemaElementsAttribute":"columns"},"attributeDefs":[{"name":"db","typeName":"hive_db","isOptional":false,"cardinality":"SINGLE","valuesMinCount":1,"valuesMaxCount":1,"isUnique":false,"isIndexable":false},{"name":"createTime","typeName":"date","isOptional":true,"cardinality":"SINGLE","valuesMinCount":0,"valuesMaxCount":1,"isUnique":false,"isIndexable":false},{"name":"lastAccessTime","typeName":"date","isOptional":true,"cardinality":"SINGLE","valuesMinCount":0,"valuesMaxCount":1,"isUnique":false,"isIndexable":false},{"name":"comment","typeName":"string","isOptional":true,"cardinality":"SINGLE","valuesMinCount":0,"valuesMaxCount":1,"isUnique":false,"isIndexable":false},{"name":"retention","typeName":"int","isOptional":true,"cardinality":"SINGLE","valuesMinCount":0,"valuesMaxCount":1,"isUnique":false,"isIndexable":false},{"name":"sd","typeName":"hive_storagedesc","isOptional":true,"cardinality":"SINGLE","valuesMinCount":0,"valuesMaxCount":1,"isUnique":false,"isIndexable":false,"constraints":[{"type":"ownedRef"}]},{"name":"partitionKeys","typeName":"array<hive_column>","isOptional":true,"cardinality":"SINGLE","valuesMinCount":0,"valuesMaxCount":1,"isUnique":false,"isIndexable":false,"constraints":[{"type":"ownedRef"}]},{"name":"aliases","typeName":"array<string>","isOptional":true,"cardinality":"SINGLE","valuesMinCount":0,"valuesMaxCount":1,"isUnique":false,"isIndexable":false},{"name":"columns","typeName":"array<hive_column>","isOptional":true,"cardinality":"SINGLE","valuesMinCount":0,"valuesMaxCount":1,"isUnique":false,"isIndexable":false,"constraints":[{"type":"ownedRef"}]},{"name":"parameters","typeName":"map<string,string>","isOptional":true,"cardinality":"SINGLE","valuesMinCount":0,"valuesMaxCount":1,"isUnique":false,"isIndexable":false},{"name":"viewOriginalText","typeName":"string","isOptional":true,"cardinality":"SINGLE","valuesMinCount":0,"valuesMaxCount":1,"isUnique":false,"isIndexable":false},{"name":"viewExpandedText","typeName":"string","isOptional":true,"cardinality":"SINGLE","valuesMinCount":0,"valuesMaxCount":1,"isUnique":false,"isIndexable":false},{"name":"tableType","typeName":"string","isOptional":true,"cardinality":"SINGLE","valuesMinCount":0,"valuesMaxCount":1,"isUnique":false,"isIndexable":false},{"name":"temporary","typeName":"boolean","isOptional":true,"cardinality":"SINGLE","valuesMinCount":0,"valuesMaxCount":1,"isUnique":false,"isIndexable":true}],"superTypes":["DataSet"]},{"category":"ENTITY","guid":"743ebe20-ba57-4321-a909-a081ff3f1a33","createdBy":"atlas","updatedBy":"atlas","createTime":1511513302593,"updateTime":1511513305416,"version":4,"name":"hive_column","description":"hive_column","typeVersion":"1.3","options":{"schemaAttributes":"[\"name\", \"description\", \"owner\", \"type\", \"comment\", \"position\"]"},"attributeDefs":[{"name":"type","typeName":"string","isOptional":false,"cardinality":"SINGLE","valuesMinCount":1,"valuesMaxCount":1,"isUnique":false,"isIndexable":true},{"name":"comment","typeName":"string","isOptional":true,"cardinality":"SINGLE","valuesMinCount":0,"valuesMaxCount":1,"isUnique":false,"isIndexable":false},{"name":"position","typeName":"int","isOptional":true,"cardinality":"SINGLE","valuesMinCount":0,"valuesMaxCount":1,"isUnique":false,"isIndexable":false},{"name":"table","typeName":"hive_table","isOptional":true,"cardinality":"SINGLE","valuesMinCount":0,"valuesMaxCount":1,"isUnique":false,"isIndexable":false}],"superTypes":["DataSet"]},{"category":"ENTITY","guid":"0e45a103-c762-48cd-9277-c0c24f31fcc9","createdBy":"atlas","updatedBy":"atlas","createTime":1511513301704,"updateTime":1511513301704,"version":1,"name":"hive_db","description":"hive_db","typeVersion":"1.0","attributeDefs":[{"name":"clusterName","typeName":"string","isOptional":false,"cardinality":"SINGLE","valuesMinCount":1,"valuesMaxCount":1,"isUnique":false,"isIndexable":true},{"name":"location","typeName":"string","isOptional":true,"cardinality":"SINGLE","valuesMinCount":0,"valuesMaxCount":1,"isUnique":false,"isIndexable":false},{"name":"parameters","typeName":"map<string,string>","isOptional":true,"cardinality":"SINGLE","valuesMinCount":0,"valuesMaxCount":1,"isUnique":false,"isIndexable":false},{"name":"ownerType","typeName":"hive_principal_type","isOptional":true,"cardinality":"SINGLE","valuesMinCount":0,"valuesMaxCount":1,"isUnique":false,"isIndexable":false}],"superTypes":["Referenceable","Asset"]},{"category":"ENTITY","guid":"2b9463e2-a58f-423a-88d7-d117a78be80d","createdBy":"atlas","updatedBy":"atlas","createTime":1511513301601,"updateTime":1511513301601,"version":1,"name":"hive_process","description":"hive_process","typeVersion":"1.0","attributeDefs":[{"name":"startTime","typeName":"date","isOptional":false,"cardinality":"SINGLE","valuesMinCount":1,"valuesMaxCount":1,"isUnique":false,"isIndexable":false},{"name":"endTime","typeName":"date","isOptional":false,"cardinality":"SINGLE","valuesMinCount":1,"valuesMaxCount":1,"isUnique":false,"isIndexable":false},{"name":"userName","typeName":"string","isOptional":false,"cardinality":"SINGLE","valuesMinCount":1,"valuesMaxCount":1,"isUnique":false,"isIndexable":true},{"name":"operationType","typeName":"string","isOptional":false,"cardinality":"SINGLE","valuesMinCount":1,"valuesMaxCount":1,"isUnique":false,"isIndexable":true},{"name":"queryText","typeName":"string","isOptional":false,"cardinality":"SINGLE","valuesMinCount":1,"valuesMaxCount":1,"isUnique":false,"isIndexable":false},{"name":"queryPlan","typeName":"string","isOptional":false,"cardinality":"SINGLE","valuesMinCount":1,"valuesMaxCount":1,"isUnique":false,"isIndexable":false},{"name":"queryId","typeName":"string","isOptional":false,"cardinality":"SINGLE","valuesMinCount":1,"valuesMaxCount":1,"isUnique":false,"isIndexable":false},{"name":"recentQueries","typeName":"array<string>","isOptional":true,"cardinality":"SINGLE","valuesMinCount":0,"valuesMaxCount":1,"isUnique":false,"isIndexable":false},{"name":"clusterName","typeName":"string","isOptional":true,"cardinality":"SINGLE","valuesMinCount":0,"valuesMaxCount":1,"isUnique":false,"isIndexable":false},{"name":"queryGraph","typeName":"string","isOptional":true,"cardinality":"SINGLE","valuesMinCount":0,"valuesMaxCount":1,"isUnique":false,"isIndexable":false}],"superTypes":["Process"]},{"category":"ENTITY","guid":"ba70071f-c828-4915-ac7f-6c90fa6664bf","createdBy":"atlas","updatedBy":"atlas","createTime":1511513301027,"updateTime":1511513301027,"version":1,"name":"fs_path","description":"fs_path","typeVersion":"1.0","attributeDefs":[{"name":"path","typeName":"string","isOptional":false,"cardinality":"SINGLE","valuesMinCount":1,"valuesMaxCount":1,"isUnique":false,"isIndexable":true},{"name":"createTime","typeName":"date","isOptional":true,"cardinality":"SINGLE","valuesMinCount":0,"valuesMaxCount":1,"isUnique":false,"isIndexable":true},{"name":"modifiedTime","typeName":"date","isOptional":true,"cardinality":"SINGLE","valuesMinCount":0,"valuesMaxCount":1,"isUnique":false,"isIndexable":true},{"name":"isFile","typeName":"boolean","isOptional":true,"cardinality":"SINGLE","valuesMinCount":0,"valuesMaxCount":1,"isUnique":false,"isIndexable":true},{"name":"isSymlink","typeName":"boolean","isOptional":true,"cardinality":"SINGLE","valuesMinCount":0,"valuesMaxCount":1,"isUnique":false,"isIndexable":false},{"name":"fileSize","typeName":"long","isOptional":true,"cardinality":"SINGLE","valuesMinCount":0,"valuesMaxCount":1,"isUnique":false,"isIndexable":false},{"name":"group","typeName":"string","isOptional":true,"cardinality":"SINGLE","valuesMinCount":0,"valuesMaxCount":1,"isUnique":false,"isIndexable":true},{"name":"posixPermissions","typeName":"fs_permissions","isOptional":true,"cardinality":"SINGLE","valuesMinCount":0,"valuesMaxCount":1,"isUnique":false,"isIndexable":true}],"superTypes":["DataSet"]}]}