{"enumDefs":[{"category":"ENUM","guid":"96adddbc-765a-4e0e-a77d-bbd3509c49a5","createdBy":"atlas","updatedBy":"atlas","createTime":1521854136781,"updateTime":1521854136781,"version":1,"name":"hive_principal_type","description":"hive_principal_type","typeVersion":"1.0","elementDefs":[{"value":"USER","ordinal":1},{"value":"ROLE","ordinal":2},{"value":"GROUP","ordinal":3}]},{"category":"ENUM","guid":"2ce9fd21-bee5-4ca6-85af-726f3d5b3c4f","createdBy":"atlas","updatedBy":"atlas","createTime":1521854135236,"updateTime":1521854135236,"version":1,"name":"file_action","description":"file_action","typeVersion":"1.0","elementDefs":[{"value":"NONE","ordinal":0},{"value":"EXECUTE","ordinal":1},{"value":"WRITE","ordinal":2},{"value":"WRITE_EXECUTE","ordinal":3},{"value":"READ","ordinal":4},{"value":"READ_EXECUTE","ordinal":5},{"value":"READ_WRITE","ordinal":6},{"value":"ALL","ordinal":7}]}],"structDefs":[{"category":"STRUCT","guid":"0633d766-c251-4e9b-bd97-b961ac451386","createdBy":"atlas","updatedBy":"atlas","createTime":1521854136819,"updateTime":1521854136819,"version":1,"name":"hive_serde","description":"hive_serde","typeVersion":"1.0","attributeDefs":[{"name":"name","typeName":"string","isOptional":true,"cardinality":"SINGLE","valuesMinCount":0,"valuesMaxCount":1,"isUnique":false,"isIndexable":false},{"name":"serializationLib","typeName":"string","isOptional":true,"cardinality":"SINGLE","valuesMinCount":0,"valuesMaxCount":1,"isUnique":false,"isIndexable":false},{"name":"parameters","typeName":"map<string,string>","isOptional":true,"cardinality":"SINGLE","valuesMinCount":0,"valuesMaxCount":1,"isUnique":false,"isIndexable":false}]},{"category":"STRUCT","guid":"76806415-8ca1-4661-b580-25f5cb623479","createdBy":"atlas","updatedBy":"atlas","createTime":1521854136803,"updateTime":1521854136803,"version":1,"name":"hive_order","description":"hive_order","typeVersion":"1.0","attributeDefs":[{"name":"order","typeName":"int","isOptional":false,"cardinality":"SINGLE","valuesMinCount":1,"valuesMaxCount":1,"isUnique":false,"isIndexable":false},{"name":"col","typeName":"string","isOptional":false,"cardinality":"SINGLE","valuesMinCount":1,"valuesMaxCount":1,"isUnique":false,"isIndexable":false}]},{"category":"STRUCT","guid":"e2c26300-8c10-4fd7-80da-8011a3ed38e7","createdBy":"atlas","updatedBy":"atlas","createTime":1521854136015,"updateTime":1521854136015,"version":1,"name":"fs_permissions","description":"fs_permissions","typeVersion":"1.0","attributeDefs":[{"name":"group","typeName":"file_action","isOptional":false,"cardinality":"SINGLE","valuesMinCount":1,"valuesMaxCount":1,"isUnique":false,"isIndexable":true},{"name":"user","typeName":"file_action","isOptional":false,"cardinality":"SINGLE","valuesMinCount":1,"valuesMaxCount":1,"isUnique":false,"isIndexable":true},{"name":"sticky","typeName":"boolean","isOptional":false,"cardinality":"SINGLE","valuesMinCount":1,"valuesMaxCount":1,"isUnique":false,"isIndexable":true},{"name":"others","typeName":"file_action","isOptional":false,"cardinality":"SINGLE","valuesMinCount":1,"valuesMaxCount":1,"isUnique":false,"isIndexable":true}]}],"classificationDefs":[{"category":"CLASSIFICATION","guid":"6580e11e-1dd7-49f0-95f8-5df519afbe58","createdBy":"admin","updatedBy":"admin","createTime":1490920322332,"updateTime":1490920322332,"version":1,"name":"PII","description":"PII","typeVersion":"1.0","attributeDefs":[{"name":"type","typeName":"string","isOptional":true,"cardinality":"SINGLE","valuesMinCount":0,"valuesMaxCount":1,"isUnique":false,"isIndexable":false}],"superTypes":[]},{"category":"CLASSIFICATION","guid":"7d0c4969-6357-455a-bb57-9ff712d004f3","createdBy":"admin","updatedBy":"admin","createTime":1522045409865,"updateTime":1522045409865,"version":1,"name":"SENSITIVE","description":"SENSITIVE","typeVersion":"1.0","attributeDefs":[],"superTypes":[]},{"category":"CLASSIFICATION","guid":"b9716c12-45f1-425d-9fbf-1f446a77c187","createdBy":"admin","updatedBy":"admin","createTime":1490764363302,"updateTime":1490764363302,"version":1,"name":"FINANCE_PII","description":"FINANCE_PII","typeVersion":"1.0","attributeDefs":[],"superTypes":["PII"]},{"category":"CLASSIFICATION","guid":"4cf9da58-bb06-41f1-bf88-609eecc7a20f","createdBy":"admin","updatedBy":"admin","createTime":1490764375142,"updateTime":1490764375142,"version":1,"name":"VENDOR_PII","description":"VENDOR_PII","typeVersion":"1.0","attributeDefs":[],"superTypes":["PII"]},{"category":"CLASSIFICATION","guid":"557ee7ee-cccd-483e-908d-6204651f7503","createdBy":"admin","updatedBy":"admin","createTime":1490762525929,"updateTime":1490762525929,"version":1,"name":"DATA_QUALITY","description":"DATA_QUALITY","typeVersion":"1.0","attributeDefs":[{"name":"score","typeName":"float","isOptional":true,"cardinality":"SINGLE","valuesMinCount":0,"valuesMaxCount":1,"isUnique":false,"isIndexable":false}],"superTypes":[]},{"category":"CLASSIFICATION","guid":"6f3d1277-15ad-49b9-bcee-fdddbd4a10e6","createdBy":"admin","updatedBy":"admin","createTime":1490765103995,"updateTime":1490765103995,"version":1,"name":"EXPIRES_ON","description":"EXPIRES_ON","typeVersion":"1.0","attributeDefs":[{"name":"expiry_date","typeName":"string","isOptional":true,"cardinality":"SINGLE","valuesMinCount":0,"valuesMaxCount":1,"isUnique":false,"isIndexable":false}],"superTypes":[]},{"category":"CLASSIFICATION","guid":"68333b92-c305-41df-b325-1fd63cf2007a","createdBy":"admin","updatedBy":"admin","createTime":1490762500705,"updateTime":1490762500705,"version":1,"name":"REFERENCE_DATA","description":"REFERENCE_DATA","typeVersion":"1.0","attributeDefs":[],"superTypes":[]}],"entityDefs":[{"category":"ENTITY","guid":"90d14d48-394b-4a0a-ab1e-488d47c477fe","createdBy":"atlas","updatedBy":"atlas","createTime":1521854132050,"updateTime":1521854132050,"version":1,"name":"DataSet","description":"DataSet","typeVersion":"1.0","attributeDefs":[],"superTypes":["Referenceable","Asset"]},{"category":"ENTITY","guid":"0a5930fa-1b81-4556-834f-b571c9e5f9fb","createdBy":"atlas","updatedBy":"atlas","createTime":1521854140800,"updateTime":1521854140800,"version":1,"name":"kafka_topic","description":"kafka_topic","typeVersion":"1.0","attributeDefs":[{"name":"topic","typeName":"string","isOptional":false,"cardinality":"SINGLE","valuesMinCount":1,"valuesMaxCount":1,"isUnique":true,"isIndexable":true},{"name":"uri","typeName":"string","isOptional":false,"cardinality":"SINGLE","valuesMinCount":1,"valuesMaxCount":1,"isUnique":false,"isIndexable":false}],"superTypes":["DataSet"]},{"category":"ENTITY","guid":"7445d7b1-3b1b-4095-80d9-626114f1c81a","createdBy":"atlas","updatedBy":"atlas","createTime":1521854133487,"updateTime":1521854133487,"version":1,"name":"Process","description":"Process","typeVersion":"1.0","attributeDefs":[{"name":"inputs","typeName":"array<DataSet>","isOptional":true,"cardinality":"SINGLE","valuesMinCount":0,"valuesMaxCount":1,"isUnique":false,"isIndexable":false},{"name":"outputs","typeName":"array<DataSet>","isOptional":true,"cardinality":"SINGLE","valuesMinCount":0,"valuesMaxCount":1,"isUnique":false,"isIndexable":false}],"superTypes":["Referenceable","Asset"]},{"category":"ENTITY","guid":"258f6d4a-0a19-4d3a-8f1c-ef5855ba9c59","createdBy":"atlas","updatedBy":"atlas","createTime":1521854137887,"updateTime":1521854143213,"version":2,"name":"hive_table","description":"hive_table","typeVersion":"1.1","options":{"schemaElementsAttribute":"columns"},"attributeDefs":[{"name":"db","typeName":"hive_db","isOptional":false,"cardinality":"SINGLE","valuesMinCount":1,"valuesMaxCount":1,"isUnique":false,"isIndexable":false},{"name":"createTime","typeName":"date","isOptional":true,"cardinality":"SINGLE","valuesMinCount":0,"valuesMaxCount":1,"isUnique":false,"isIndexable":false},{"name":"lastAccessTime","typeName":"date","isOptional":true,"cardinality":"SINGLE","valuesMinCount":0,"valuesMaxCount":1,"isUnique":false,"isIndexable":false},{"name":"comment","typeName":"string","isOptional":true,"cardinality":"SINGLE","valuesMinCount":0,"valuesMaxCount":1,"isUnique":false,"isIndexable":false},{"name":"retention","typeName":"int","isOptional":true,"cardinality":"SINGLE","valuesMinCount":0,"valuesMaxCount":1,"isUnique":false,"isIndexable":false},{"name":"sd","typeName":"hive_storagedesc","isOptional":true,"cardinality":"SINGLE","valuesMinCount":0,"valuesMaxCount":1,"isUnique":false,"isIndexable":false,"constraints":[{"type":"ownedRef"}]},{"name":"partitionKeys","typeName":"array<hive_column>","isOptional":true,"cardinality":"SINGLE","valuesMinCount":0,"valuesMaxCount":1,"isUnique":false,"isIndexable":false,"constraints":[{"type":"ownedRef"}]},{"name":"aliases","typeName":"array<string>","isOptional":true,"cardinality":"SINGLE","valuesMinCount":0,"valuesMaxCount":1,"isUnique":false,"isIndexable":false},{"name":"columns","typeName":"array<hive_column>","isOptional":true,"cardinality":"SINGLE","valuesMinCount":0,"valuesMaxCount":1,"isUnique":false,"isIndexable":false,"constraints":[{"type":"ownedRef"}]},{"name":"parameters","typeName":"map<string,string>","isOptional":true,"cardinality":"SINGLE","valuesMinCount":0,"valuesMaxCount":1,"isUnique":false,"isIndexable":false},{"name":"viewOriginalText","typeName":"string","isOptional":true,"cardinality":"SINGLE","valuesMinCount":0,"valuesMaxCount":1,"isUnique":false,"isIndexable":false},{"name":"viewExpandedText","typeName":"string","isOptional":true,"cardinality":"SINGLE","valuesMinCount":0,"valuesMaxCount":1,"isUnique":false,"isIndexable":false},{"name":"tableType","typeName":"string","isOptional":true,"cardinality":"SINGLE","valuesMinCount":0,"valuesMaxCount":1,"isUnique":false,"isIndexable":false},{"name":"temporary","typeName":"boolean","isOptional":true,"cardinality":"SINGLE","valuesMinCount":0,"valuesMaxCount":1,"isUnique":false,"isIndexable":true}],"superTypes":["DataSet"]},{"category":"ENTITY","guid":"6f701ad6-5dd7-4ef9-a7cf-931acc8cc299","createdBy":"atlas","updatedBy":"atlas","createTime":1521854138003,"updateTime":1521854138003,"version":1,"name":"hive_db","description":"hive_db","typeVersion":"1.0","attributeDefs":[{"name":"clusterName","typeName":"string","isOptional":false,"cardinality":"SINGLE","valuesMinCount":1,"valuesMaxCount":1,"isUnique":false,"isIndexable":true},{"name":"location","typeName":"string","isOptional":true,"cardinality":"SINGLE","valuesMinCount":0,"valuesMaxCount":1,"isUnique":false,"isIndexable":false},{"name":"parameters","typeName":"map<string,string>","isOptional":true,"cardinality":"SINGLE","valuesMinCount":0,"valuesMaxCount":1,"isUnique":false,"isIndexable":false},{"name":"ownerType","typeName":"hive_principal_type","isOptional":true,"cardinality":"SINGLE","valuesMinCount":0,"valuesMaxCount":1,"isUnique":false,"isIndexable":false}],"superTypes":["Referenceable","Asset"]},{"category":"ENTITY","guid":"9da9e031-4f3a-4af8-bee4-5b6ce69e2142","createdBy":"atlas","updatedBy":"atlas","createTime":1521854137828,"updateTime":1521854137828,"version":1,"name":"hive_process","description":"hive_process","typeVersion":"1.0","attributeDefs":[{"name":"startTime","typeName":"date","isOptional":false,"cardinality":"SINGLE","valuesMinCount":1,"valuesMaxCount":1,"isUnique":false,"isIndexable":false},{"name":"endTime","typeName":"date","isOptional":false,"cardinality":"SINGLE","valuesMinCount":1,"valuesMaxCount":1,"isUnique":false,"isIndexable":false},{"name":"userName","typeName":"string","isOptional":false,"cardinality":"SINGLE","valuesMinCount":1,"valuesMaxCount":1,"isUnique":false,"isIndexable":true},{"name":"operationType","typeName":"string","isOptional":false,"cardinality":"SINGLE","valuesMinCount":1,"valuesMaxCount":1,"isUnique":false,"isIndexable":true},{"name":"queryText","typeName":"string","isOptional":false,"cardinality":"SINGLE","valuesMinCount":1,"valuesMaxCount":1,"isUnique":false,"isIndexable":false},{"name":"queryPlan","typeName":"string","isOptional":false,"cardinality":"SINGLE","valuesMinCount":1,"valuesMaxCount":1,"isUnique":false,"isIndexable":false},{"name":"queryId","typeName":"string","isOptional":false,"cardinality":"SINGLE","valuesMinCount":1,"valuesMaxCount":1,"isUnique":false,"isIndexable":false},{"name":"recentQueries","typeName":"array<string>","isOptional":true,"cardinality":"SINGLE","valuesMinCount":0,"valuesMaxCount":1,"isUnique":false,"isIndexable":false},{"name":"clusterName","typeName":"string","isOptional":true,"cardinality":"SINGLE","valuesMinCount":0,"valuesMaxCount":1,"isUnique":false,"isIndexable":false},{"name":"queryGraph","typeName":"string","isOptional":true,"cardinality":"SINGLE","valuesMinCount":0,"valuesMaxCount":1,"isUnique":false,"isIndexable":false}],"superTypes":["Process"]},{"category":"ENTITY","guid":"3796896a-4929-4be5-95a9-1bcd62425334","createdBy":"atlas","updatedBy":"atlas","createTime":1521854137955,"updateTime":1521854137955,"version":1,"name":"hive_storagedesc","description":"hive_storagedesc","typeVersion":"1.0","attributeDefs":[{"name":"table","typeName":"hive_table","isOptional":true,"cardinality":"SINGLE","valuesMinCount":0,"valuesMaxCount":1,"isUnique":false,"isIndexable":false,"constraints":[{"type":"inverseRef","params":{"attribute":"sd"}}]},{"name":"location","typeName":"string","isOptional":true,"cardinality":"SINGLE","valuesMinCount":0,"valuesMaxCount":1,"isUnique":false,"isIndexable":false},{"name":"inputFormat","typeName":"string","isOptional":true,"cardinality":"SINGLE","valuesMinCount":0,"valuesMaxCount":1,"isUnique":false,"isIndexable":false},{"name":"outputFormat","typeName":"string","isOptional":true,"cardinality":"SINGLE","valuesMinCount":0,"valuesMaxCount":1,"isUnique":false,"isIndexable":false},{"name":"compressed","typeName":"boolean","isOptional":false,"cardinality":"SINGLE","valuesMinCount":1,"valuesMaxCount":1,"isUnique":false,"isIndexable":false},{"name":"numBuckets","typeName":"int","isOptional":true,"cardinality":"SINGLE","valuesMinCount":0,"valuesMaxCount":1,"isUnique":false,"isIndexable":false},{"name":"serdeInfo","typeName":"hive_serde","isOptional":true,"cardinality":"SINGLE","valuesMinCount":0,"valuesMaxCount":1,"isUnique":false,"isIndexable":false},{"name":"bucketCols","typeName":"array<string>","isOptional":true,"cardinality":"SINGLE","valuesMinCount":0,"valuesMaxCount":1,"isUnique":false,"isIndexable":false},{"name":"sortCols","typeName":"array<hive_order>","isOptional":true,"cardinality":"SINGLE","valuesMinCount":0,"valuesMaxCount":1,"isUnique":false,"isIndexable":false},{"name":"parameters","typeName":"map<string,string>","isOptional":true,"cardinality":"SINGLE","valuesMinCount":0,"valuesMaxCount":1,"isUnique":false,"isIndexable":false},{"name":"storedAsSubDirectories","typeName":"boolean","isOptional":true,"cardinality":"SINGLE","valuesMinCount":0,"valuesMaxCount":1,"isUnique":false,"isIndexable":false}],"superTypes":["Referenceable"]},{"category":"ENTITY","guid":"10b84405-1eb5-4cf4-837d-073792eb42af","createdBy":"atlas","updatedBy":"atlas","createTime":1521854136095,"updateTime":1521854136095,"version":1,"name":"hdfs_path","description":"hdfs_path","typeVersion":"1.0","attributeDefs":[{"name":"clusterName","typeName":"string","isOptional":true,"cardinality":"SINGLE","valuesMinCount":0,"valuesMaxCount":1,"isUnique":false,"isIndexable":true},{"name":"numberOfReplicas","typeName":"int","isOptional":true,"cardinality":"SINGLE","valuesMinCount":0,"valuesMaxCount":1,"isUnique":false,"isIndexable":true},{"name":"extendedAttributes","typeName":"map<string,string>","isOptional":true,"cardinality":"SINGLE","valuesMinCount":0,"valuesMaxCount":1,"isUnique":false,"isIndexable":false}],"superTypes":["fs_path"]},{"category":"ENTITY","guid":"30b6317d-7b6a-4ca0-838e-2e50bb8eed78","createdBy":"atlas","updatedBy":"atlas","createTime":1521854140408,"updateTime":1521854140408,"version":1,"name":"hbase_column","description":"hbase_column","typeVersion":"1.0","attributeDefs":[{"name":"column_family","typeName":"hbase_column_family","isOptional":false,"cardinality":"SINGLE","valuesMinCount":1,"valuesMaxCount":1,"isUnique":false,"isIndexable":false,"constraints":[{"type":"inverseRef","params":{"attribute":"columns"}}]}],"superTypes":["DataSet"]},{"category":"ENTITY","guid":"39507c2d-5e08-49ba-b87e-6c2d6018e058","createdBy":"atlas","updatedBy":"atlas","createTime":1521854129855,"updateTime":1521854129855,"version":1,"name":"Referenceable","description":"Referenceable","typeVersion":"1.0","attributeDefs":[{"name":"qualifiedName","typeName":"string","isOptional":false,"cardinality":"SINGLE","valuesMinCount":1,"valuesMaxCount":1,"isUnique":true,"isIndexable":true}],"superTypes":[]},{"category":"ENTITY","guid":"60e6f37c-a77e-46a2-94ae-ce8afa05ab0c","createdBy":"atlas","updatedBy":"atlas","createTime":1521854140384,"updateTime":1521854140384,"version":1,"name":"hbase_table","description":"hbase_table","typeVersion":"1.1","attributeDefs":[{"name":"uri","typeName":"string","isOptional":false,"cardinality":"SINGLE","valuesMinCount":1,"valuesMaxCount":1,"isUnique":false,"isIndexable":false},{"name":"column_families","typeName":"array<hbase_column_family>","isOptional":true,"cardinality":"SINGLE","valuesMinCount":0,"valuesMaxCount":1,"isUnique":false,"isIndexable":false,"constraints":[{"type":"ownedRef"}]}],"superTypes":["DataSet"]},{"category":"ENTITY","guid":"46189042-6289-49ba-82f8-e376325623b3","createdBy":"atlas","updatedBy":"atlas","createTime":1521854138050,"updateTime":1521854138050,"version":1,"name":"hive_column_lineage","description":"hive_column_lineage","typeVersion":"1.0","attributeDefs":[{"name":"query","typeName":"hive_process","isOptional":false,"cardinality":"SINGLE","valuesMinCount":1,"valuesMaxCount":1,"isUnique":false,"isIndexable":false},{"name":"depenendencyType","typeName":"string","isOptional":false,"cardinality":"SINGLE","valuesMinCount":1,"valuesMaxCount":1,"isUnique":false,"isIndexable":false},{"name":"expression","typeName":"string","isOptional":true,"cardinality":"SINGLE","valuesMinCount":0,"valuesMaxCount":1,"isUnique":false,"isIndexable":false}],"superTypes":["Process"]},{"category":"ENTITY","guid":"a6cf40e8-0c10-4317-a719-eaa358250b8d","createdBy":"atlas","updatedBy":"atlas","createTime":1521854131311,"updateTime":1521854131311,"version":1,"name":"Asset","description":"Asset","typeVersion":"1.0","attributeDefs":[{"name":"name","typeName":"string","isOptional":false,"cardinality":"SINGLE","valuesMinCount":1,"valuesMaxCount":1,"isUnique":false,"isIndexable":true},{"name":"description","typeName":"string","isOptional":true,"cardinality":"SINGLE","valuesMinCount":0,"valuesMaxCount":1,"isUnique":false,"isIndexable":false},{"name":"owner","typeName":"string","isOptional":true,"cardinality":"SINGLE","valuesMinCount":0,"valuesMaxCount":1,"isUnique":false,"isIndexable":true}],"superTypes":[]},{"category":"ENTITY","guid":"d0b71043-732f-4a18-ae08-e9c5ad9a4853","createdBy":"atlas","updatedBy":"atlas","createTime":1521854140397,"updateTime":1521854140397,"version":1,"name":"hbase_column_family","description":"hbase_column_family","typeVersion":"1.0","attributeDefs":[{"name":"table","typeName":"hbase_table","isOptional":false,"cardinality":"SINGLE","valuesMinCount":1,"valuesMaxCount":1,"isUnique":false,"isIndexable":false,"constraints":[{"type":"inverseRef","params":{"attribute":"column_families"}}]},{"name":"columns","typeName":"array<hbase_column>","isOptional":true,"cardinality":"SINGLE","valuesMinCount":0,"valuesMaxCount":1,"isUnique":false,"isIndexable":false,"constraints":[{"type":"ownedRef"}]}],"superTypes":["DataSet"]},{"category":"ENTITY","guid":"eae7b6f1-10c0-4ada-883f-f20072c90d2e","createdBy":"atlas","updatedBy":"atlas","createTime":1521854138028,"updateTime":1521854143495,"version":4,"name":"hive_column","description":"hive_column","typeVersion":"1.3","options":{"schemaAttributes":"[\"name\", \"description\", \"owner\", \"type\", \"comment\", \"position\"]"},"attributeDefs":[{"name":"type","typeName":"string","isOptional":false,"cardinality":"SINGLE","valuesMinCount":1,"valuesMaxCount":1,"isUnique":false,"isIndexable":true},{"name":"comment","typeName":"string","isOptional":true,"cardinality":"SINGLE","valuesMinCount":0,"valuesMaxCount":1,"isUnique":false,"isIndexable":false},{"name":"position","typeName":"int","isOptional":true,"cardinality":"SINGLE","valuesMinCount":0,"valuesMaxCount":1,"isUnique":false,"isIndexable":false},{"name":"table","typeName":"hive_table","isOptional":true,"cardinality":"SINGLE","valuesMinCount":0,"valuesMaxCount":1,"isUnique":false,"isIndexable":false}],"superTypes":["DataSet"]},{"category":"ENTITY","guid":"7582064c-b2ba-48ac-8f56-6fc232026d39","createdBy":"atlas","updatedBy":"atlas","createTime":1521854136050,"updateTime":1521854136050,"version":1,"name":"fs_path","description":"fs_path","typeVersion":"1.0","attributeDefs":[{"name":"path","typeName":"string","isOptional":false,"cardinality":"SINGLE","valuesMinCount":1,"valuesMaxCount":1,"isUnique":false,"isIndexable":true},{"name":"createTime","typeName":"date","isOptional":true,"cardinality":"SINGLE","valuesMinCount":0,"valuesMaxCount":1,"isUnique":false,"isIndexable":true},{"name":"modifiedTime","typeName":"date","isOptional":true,"cardinality":"SINGLE","valuesMinCount":0,"valuesMaxCount":1,"isUnique":false,"isIndexable":true},{"name":"isFile","typeName":"boolean","isOptional":true,"cardinality":"SINGLE","valuesMinCount":0,"valuesMaxCount":1,"isUnique":false,"isIndexable":true},{"name":"isSymlink","typeName":"boolean","isOptional":true,"cardinality":"SINGLE","valuesMinCount":0,"valuesMaxCount":1,"isUnique":false,"isIndexable":false},{"name":"fileSize","typeName":"long","isOptional":true,"cardinality":"SINGLE","valuesMinCount":0,"valuesMaxCount":1,"isUnique":false,"isIndexable":false},{"name":"group","typeName":"string","isOptional":true,"cardinality":"SINGLE","valuesMinCount":0,"valuesMaxCount":1,"isUnique":false,"isIndexable":true},{"name":"posixPermissions","typeName":"fs_permissions","isOptional":true,"cardinality":"SINGLE","valuesMinCount":0,"valuesMaxCount":1,"isUnique":false,"isIndexable":true}],"superTypes":["DataSet"]}]}