{"referredEntities":{},"entity":{"typeName":"hive_column_lineage","attributes":{"owner":null,"outputs":[{"guid":"08704ce6-8e8e-4130-b0ca-d83f8c1ab2a6","typeName":"hive_column"}],"expression":null,"qualifiedName":"QUERY:hortoniabank.us_customers@hdp:1523603830000->:INSERT:hortoniabank.us_customers_trans@hdp:1523603916000:age","inputs":[{"guid":"50500750-cfb9-4c31-afd0-3e6fbe8f7475","typeName":"hive_column"}],"query":{"guid":"a894d186-47c4-4116-8741-4d0124e74a76","typeName":"hive_process"},"name":"insert into hortoniabank.us_customers_trans select * from hortoniabank.us_customers:age","description":null,"depenendencyType":"SIMPLE"},"guid":"b03cc882-3b8c-4fd1-beb1-fb65fe611942","status":"ACTIVE","createdBy":"hive","updatedBy":"hive","createTime":1523603954871,"updateTime":1523603954871,"version":0,"classifications":[]}}