{"referredEntities":{},"entity":{"typeName":"hive_column_lineage","attributes":{"owner":null,"outputs":[{"guid":"7c359796-63f5-4a36-a8c5-404cc47f1178","typeName":"hive_column"}],"expression":null,"qualifiedName":"claim.prov_view@hdp:1523603836000:providername","inputs":[{"guid":"6ecc2de6-64ac-49b7-be9c-e47feaaa9a28","typeName":"hive_column"}],"query":{"guid":"f93437bb-9d89-4a25-861e-7b33729c31d4","typeName":"hive_process"},"name":"create view if not exists claim.prov_view as select * from claim.provider_summary:providername","description":null,"depenendencyType":"SIMPLE"},"guid":"b0aa0575-266c-4e35-a930-2ec5e3e6c181","status":"ACTIVE","createdBy":"hive","updatedBy":"hive","createTime":1523603854001,"updateTime":1523603854001,"version":0,"classifications":[]}}