{"referredEntities":{},"entity":{"typeName":"hive_process","attributes":{"owner":null,"outputs":[{"guid":"a98dd8ab-00c2-40f7-afb8-3fe0323cc9c6","typeName":"hive_table"}],"queryGraph":null,"recentQueries":["create external table if not exists consent_master.eu_countries(\n                                    countrycode              \t\tstring\n                                  , countryfull          \t\tstring\n\t\t\t\t                        ) row format delimited\n                                  fields terminated by ','\n                                  stored as textfile\n                                  location '/hive_data/eu_countries'"],"qualifiedName":"consent_master.eu_countries@hdp:1523603838000","inputs":[{"guid":"93ac0aeb-4c82-40bf-8218-3b8924279052","typeName":"hdfs_path"}],"description":null,"userName":"hive","queryId":"hive_20180413071718_79fa7c0a-db62-4d93-a1fc-05537a27a47b","clusterName":"hdp","name":"create external table if not exists consent_master.eu_countries(\n                                    countrycode              \t\tstring\n                                  , countryfull          \t\tstring\n\t\t\t\t                        ) row format delimited\n                                  fields terminated by ','\n                                  stored as textfile\n                                  location '/hive_data/eu_countries'","queryText":"create external table if not exists consent_master.eu_countries(\n                                    countrycode              \t\tstring\n                                  , countryfull          \t\tstring\n\t\t\t\t                        ) row format delimited\n                                  fields terminated by ','\n                                  stored as textfile\n                                  location '/hive_data/eu_countries'","startTime":1523603838095,"operationType":"CREATETABLE","queryPlan":"Not Supported","endTime":1523603838667},"guid":"b23301d6-829d-4faa-9904-718ef5ceb0b9","status":"ACTIVE","createdBy":"hive","updatedBy":"hive","createTime":1523603864100,"updateTime":1523603864100,"version":0,"classifications":[]}}