{"referredEntities":{},"entity":{"typeName":"hive_column_lineage","attributes":{"owner":null,"outputs":[{"guid":"3c6b462d-9b0e-47ad-ad49-96caeefd5d63","typeName":"hive_column"}],"expression":null,"qualifiedName":"QUERY:hortoniabank.ww_customers@hdp:1523603829000->:INSERT:hortoniabank.ww_customers_trans@hdp:1523603909000:city","inputs":[{"guid":"6483d7f3-271e-4e89-ae55-eecb27e5b752","typeName":"hive_column"}],"query":{"guid":"92ff2bb9-5bdc-4405-b3d4-39c7c05c7a9d","typeName":"hive_process"},"name":"insert into hortoniabank.ww_customers_trans select * from hortoniabank.ww_customers:city","description":null,"depenendencyType":"SIMPLE"},"guid":"b24ea564-449c-4932-b83d-a23bb910726f","status":"ACTIVE","createdBy":"hive","updatedBy":"hive","createTime":1523603944874,"updateTime":1523603944874,"version":0,"classifications":[]}}