{"referredEntities":{},"entity":{"typeName":"hive_column_lineage","attributes":{"owner":null,"outputs":[{"guid":"80163b3a-d2b6-442d-ad53-06952363a501","typeName":"hive_column"}],"expression":null,"qualifiedName":"claim.claims_view@hdp:1511511743000:claimid","inputs":[{"guid":"6b707593-d394-44f5-9323-f7cf1752b93f","typeName":"hive_column"}],"query":{"guid":"4ec0a67e-da9f-4421-9067-dd4dc81596e0","typeName":"hive_process"},"name":"create view if not exists claim.claims_view as select * from cost_savings.claim_savings:claimid","description":null,"depenendencyType":"SIMPLE"},"guid":"b683890e-ac27-4d8d-9362-08abe92bb802","status":"ACTIVE","createdBy":"hive","updatedBy":"admin","createTime":1511513330590,"updateTime":1523604597968,"version":0,"classifications":[]}}