{"referredEntities":{},"entity":{"typeName":"hive_column_lineage","attributes":{"owner":null,"outputs":[{"guid":"5e0780ca-13f6-486f-a2c0-c2a3387eb02c","typeName":"hive_column"}],"expression":null,"qualifiedName":"QUERY:hortoniabank.ww_customers@hdp:1523603829000->:INSERT:hortoniabank.ww_customers_trans@hdp:1523603909000:givenname","inputs":[{"guid":"d693d950-c0b8-462f-b0c4-74ca8ecc189d","typeName":"hive_column"}],"query":{"guid":"92ff2bb9-5bdc-4405-b3d4-39c7c05c7a9d","typeName":"hive_process"},"name":"insert into hortoniabank.ww_customers_trans select * from hortoniabank.ww_customers:givenname","description":null,"depenendencyType":"SIMPLE"},"guid":"b8a140cb-17a2-454b-889f-010de29627fb","status":"ACTIVE","createdBy":"hive","updatedBy":"hive","createTime":1523603937611,"updateTime":1523603937611,"version":0,"classifications":[]}}