{"referredEntities":{"cf7a619e-a3c3-454a-a17f-fdf63dd6adc9":{"typeName":"hive_storagedesc","attributes":{"bucketCols":null,"qualifiedName":"hortoniabank.us_customers@hdp_storage","sortCols":null,"storedAsSubDirectories":false,"location":"hdfs://abajwa-dws-hortonia30.field.hortonworks.com:8020/hive_data/hortoniabank/us_customers","compressed":false,"inputFormat":"org.apache.hadoop.mapred.TextInputFormat","outputFormat":"org.apache.hadoop.hive.ql.io.HiveIgnoreKeyTextOutputFormat","parameters":null,"table":{"guid":"ba1d0474-b388-448c-8951-aa5c76e694c6","typeName":"hive_table"},"serdeInfo":{"typeName":"hive_serde","attributes":{"serializationLib":"org.apache.hadoop.hive.serde2.lazy.LazySimpleSerDe","name":null,"parameters":{"serialization.format":",","field.delim":","}}},"numBuckets":-1},"guid":"cf7a619e-a3c3-454a-a17f-fdf63dd6adc9","status":"ACTIVE","createdBy":"hive","updatedBy":"hive","createTime":1523603844600,"updateTime":1523603980233,"version":0,"classifications":[]},"9ba14bd7-0840-4c47-aa44-a2a3ae9dc74a":{"typeName":"hive_column","attributes":{"owner":"hive","qualifiedName":"hortoniabank.us_customers.occupation@hdp","name":"occupation","description":null,"comment":null,"position":30,"type":"string","table":{"guid":"ba1d0474-b388-448c-8951-aa5c76e694c6","typeName":"hive_table"}},"guid":"9ba14bd7-0840-4c47-aa44-a2a3ae9dc74a","status":"ACTIVE","createdBy":"hive","updatedBy":"hive","createTime":1523603844600,"updateTime":1523603980233,"version":0,"classifications":[]},"76456a49-f28c-44ff-9bef-0db277f42cc7":{"typeName":"hive_column","attributes":{"owner":"hive","qualifiedName":"hortoniabank.us_customers.statefull@hdp","name":"statefull","description":null,"comment":null,"position":9,"type":"string","table":{"guid":"ba1d0474-b388-448c-8951-aa5c76e694c6","typeName":"hive_table"}},"guid":"76456a49-f28c-44ff-9bef-0db277f42cc7","status":"ACTIVE","createdBy":"hive","updatedBy":"hive","createTime":1523603844600,"updateTime":1523603980233,"version":0,"classifications":[]},"e3de50a7-2a23-4427-a5fe-68e05817c81c":{"typeName":"hive_column","attributes":{"owner":"hive","qualifiedName":"hortoniabank.us_customers.cctype@hdp","name":"cctype","description":null,"comment":null,"position":22,"type":"string","table":{"guid":"ba1d0474-b388-448c-8951-aa5c76e694c6","typeName":"hive_table"}},"guid":"e3de50a7-2a23-4427-a5fe-68e05817c81c","status":"ACTIVE","createdBy":"hive","updatedBy":"hive","createTime":1523603844600,"updateTime":1523603980233,"version":0,"classifications":[]},"7c8f2097-e32e-417d-9db1-6f0456c88bf0":{"typeName":"hive_column","attributes":{"owner":"hive","qualifiedName":"hortoniabank.us_customers.mrn@hdp","name":"mrn","description":null,"comment":null,"position":27,"type":"string","table":{"guid":"ba1d0474-b388-448c-8951-aa5c76e694c6","typeName":"hive_table"}},"guid":"7c8f2097-e32e-417d-9db1-6f0456c88bf0","status":"ACTIVE","createdBy":"hive","updatedBy":"hive","createTime":1523603844600,"updateTime":1523603980233,"version":0,"classifications":[]},"bdd07024-0651-4189-ac27-1485b14ec4f9":{"typeName":"hive_column","attributes":{"owner":"hive","qualifiedName":"hortoniabank.us_customers.ccnumber@hdp","name":"ccnumber","description":null,"comment":null,"position":23,"type":"string","table":{"guid":"ba1d0474-b388-448c-8951-aa5c76e694c6","typeName":"hive_table"}},"guid":"bdd07024-0651-4189-ac27-1485b14ec4f9","status":"ACTIVE","createdBy":"hive","updatedBy":"hive","createTime":1523603844600,"updateTime":1523603980233,"version":0,"classifications":[]},"9f18266e-5f70-4602-9173-b4675e5b6b39":{"typeName":"hive_column","attributes":{"owner":"hive","qualifiedName":"hortoniabank.us_customers.company@hdp","name":"company","description":null,"comment":null,"position":31,"type":"string","table":{"guid":"ba1d0474-b388-448c-8951-aa5c76e694c6","typeName":"hive_table"}},"guid":"9f18266e-5f70-4602-9173-b4675e5b6b39","status":"ACTIVE","createdBy":"hive","updatedBy":"hive","createTime":1523603844600,"updateTime":1523603980233,"version":0,"classifications":[]},"2af9d15e-9fe4-427d-af68-c17286c57b11":{"typeName":"hive_column","attributes":{"owner":"hive","qualifiedName":"hortoniabank.us_customers.insuranceid@hdp","name":"insuranceid","description":null,"comment":null,"position":28,"type":"string","table":{"guid":"ba1d0474-b388-448c-8951-aa5c76e694c6","typeName":"hive_table"}},"guid":"2af9d15e-9fe4-427d-af68-c17286c57b11","status":"ACTIVE","createdBy":"hive","updatedBy":"hive","createTime":1523603844600,"updateTime":1523603980233,"version":0,"classifications":[]},"d7c3ad6f-a311-4bb0-be97-bae0344034d9":{"typeName":"hive_column","attributes":{"owner":"hive","qualifiedName":"hortoniabank.us_customers.nationalid@hdp","name":"nationalid","description":null,"comment":null,"position":26,"type":"string","table":{"guid":"ba1d0474-b388-448c-8951-aa5c76e694c6","typeName":"hive_table"}},"guid":"d7c3ad6f-a311-4bb0-be97-bae0344034d9","status":"ACTIVE","createdBy":"hive","updatedBy":"hive","createTime":1523603844600,"updateTime":1523603980233,"version":0,"classifications":[]},"3debbfdd-be8b-487c-a115-72c628c3fd8d":{"typeName":"hive_column","attributes":{"owner":"hive","qualifiedName":"hortoniabank.us_customers.gender@hdp","name":"gender","description":null,"comment":null,"position":1,"type":"string","table":{"guid":"ba1d0474-b388-448c-8951-aa5c76e694c6","typeName":"hive_table"}},"guid":"3debbfdd-be8b-487c-a115-72c628c3fd8d","status":"ACTIVE","createdBy":"hive","updatedBy":"hive","createTime":1523603844600,"updateTime":1523603980233,"version":0,"classifications":[]},"47dc8ea5-0b57-47fd-93dd-2c0d9dcde632":{"typeName":"hive_column","attributes":{"owner":"hive","qualifiedName":"hortoniabank.us_customers.bloodtype@hdp","name":"bloodtype","description":null,"comment":null,"position":34,"type":"string","table":{"guid":"ba1d0474-b388-448c-8951-aa5c76e694c6","typeName":"hive_table"}},"guid":"47dc8ea5-0b57-47fd-93dd-2c0d9dcde632","status":"ACTIVE","createdBy":"hive","updatedBy":"hive","createTime":1523603844600,"updateTime":1523603980233,"version":0,"classifications":[]},"35951bc4-f2f5-41cd-b684-7ca42c474857":{"typeName":"hive_column","attributes":{"owner":"hive","qualifiedName":"hortoniabank.us_customers.height@hdp","name":"height","description":null,"comment":null,"position":36,"type":"int","table":{"guid":"ba1d0474-b388-448c-8951-aa5c76e694c6","typeName":"hive_table"}},"guid":"35951bc4-f2f5-41cd-b684-7ca42c474857","status":"ACTIVE","createdBy":"hive","updatedBy":"hive","createTime":1523603844600,"updateTime":1523603980233,"version":0,"classifications":[]},"d1d64f83-0e8c-48ca-bdbb-7c30f8d51414":{"typeName":"hive_column","attributes":{"owner":"hive","qualifiedName":"hortoniabank.us_customers.longitude@hdp","name":"longitude","description":null,"comment":null,"position":38,"type":"double","table":{"guid":"ba1d0474-b388-448c-8951-aa5c76e694c6","typeName":"hive_table"}},"guid":"d1d64f83-0e8c-48ca-bdbb-7c30f8d51414","status":"ACTIVE","createdBy":"hive","updatedBy":"hive","createTime":1523603844600,"updateTime":1523603980233,"version":0,"classifications":[]},"29ff5f3f-8409-4b1f-b719-3e4fd8d5057c":{"typeName":"hive_column","attributes":{"owner":"hive","qualifiedName":"hortoniabank.us_customers.givenname@hdp","name":"givenname","description":null,"comment":null,"position":3,"type":"string","table":{"guid":"ba1d0474-b388-448c-8951-aa5c76e694c6","typeName":"hive_table"}},"guid":"29ff5f3f-8409-4b1f-b719-3e4fd8d5057c","status":"ACTIVE","createdBy":"hive","updatedBy":"hive","createTime":1523603844600,"updateTime":1523603980233,"version":0,"classifications":[]},"73701ca9-eca8-4cb1-9bc8-809538a69dd9":{"typeName":"hive_column","attributes":{"owner":"hive","qualifiedName":"hortoniabank.us_customers.state@hdp","name":"state","description":null,"comment":null,"position":8,"type":"string","table":{"guid":"ba1d0474-b388-448c-8951-aa5c76e694c6","typeName":"hive_table"}},"guid":"73701ca9-eca8-4cb1-9bc8-809538a69dd9","status":"ACTIVE","createdBy":"hive","updatedBy":"hive","createTime":1523603844600,"updateTime":1523603980233,"version":0,"classifications":[]},"1bdf6562-ad34-4c46-9c95-31c472534bf3":{"typeName":"hive_column","attributes":{"owner":"hive","qualifiedName":"hortoniabank.us_customers.weight@hdp","name":"weight","description":null,"comment":null,"position":35,"type":"double","table":{"guid":"ba1d0474-b388-448c-8951-aa5c76e694c6","typeName":"hive_table"}},"guid":"1bdf6562-ad34-4c46-9c95-31c472534bf3","status":"ACTIVE","createdBy":"hive","updatedBy":"hive","createTime":1523603844600,"updateTime":1523603980233,"version":0,"classifications":[]},"c619fa3a-1694-47a3-a408-abeb412db937":{"typeName":"hive_column","attributes":{"owner":"hive","qualifiedName":"hortoniabank.us_customers.latitude@hdp","name":"latitude","description":null,"comment":null,"position":37,"type":"double","table":{"guid":"ba1d0474-b388-448c-8951-aa5c76e694c6","typeName":"hive_table"}},"guid":"c619fa3a-1694-47a3-a408-abeb412db937","status":"ACTIVE","createdBy":"hive","updatedBy":"hive","createTime":1523603844600,"updateTime":1523603980233,"version":0,"classifications":[]},"d7b5c99f-1690-439a-9cbc-e3159165f06f":{"typeName":"hive_column","attributes":{"owner":"hive","qualifiedName":"hortoniabank.us_customers.title@hdp","name":"title","description":null,"comment":null,"position":2,"type":"string","table":{"guid":"ba1d0474-b388-448c-8951-aa5c76e694c6","typeName":"hive_table"}},"guid":"d7b5c99f-1690-439a-9cbc-e3159165f06f","status":"ACTIVE","createdBy":"hive","updatedBy":"hive","createTime":1523603844600,"updateTime":1523603980233,"version":0,"classifications":[]},"50500750-cfb9-4c31-afd0-3e6fbe8f7475":{"typeName":"hive_column","attributes":{"owner":"hive","qualifiedName":"hortoniabank.us_customers.age@hdp","name":"age","description":null,"comment":null,"position":20,"type":"int","table":{"guid":"ba1d0474-b388-448c-8951-aa5c76e694c6","typeName":"hive_table"}},"guid":"50500750-cfb9-4c31-afd0-3e6fbe8f7475","status":"ACTIVE","createdBy":"hive","updatedBy":"hive","createTime":1523603844600,"updateTime":1523603980233,"version":0,"classifications":[]},"1814afa3-d0f4-448e-9ef3-c8114f91303a":{"typeName":"hive_column","attributes":{"owner":"hive","qualifiedName":"hortoniabank.us_customers.emailaddress@hdp","name":"emailaddress","description":null,"comment":null,"position":13,"type":"string","table":{"guid":"ba1d0474-b388-448c-8951-aa5c76e694c6","typeName":"hive_table"}},"guid":"1814afa3-d0f4-448e-9ef3-c8114f91303a","status":"ACTIVE","createdBy":"hive","updatedBy":"hive","createTime":1523603844600,"updateTime":1523603980233,"version":0,"classifications":[]},"e01009eb-77ec-4bea-9ee1-cd99372e6fed":{"typeName":"hive_column","attributes":{"owner":"hive","qualifiedName":"hortoniabank.us_customers.ccexpires@hdp","name":"ccexpires","description":null,"comment":null,"position":25,"type":"string","table":{"guid":"ba1d0474-b388-448c-8951-aa5c76e694c6","typeName":"hive_table"}},"guid":"e01009eb-77ec-4bea-9ee1-cd99372e6fed","status":"ACTIVE","createdBy":"hive","updatedBy":"hive","createTime":1523603844600,"updateTime":1523603980233,"version":0,"classifications":[]},"81cb820b-dc45-4fe6-9e08-423ca026d4eb":{"typeName":"hive_column","attributes":{"owner":"hive","qualifiedName":"hortoniabank.us_customers.birthday@hdp","name":"birthday","description":null,"comment":null,"position":19,"type":"string","table":{"guid":"ba1d0474-b388-448c-8951-aa5c76e694c6","typeName":"hive_table"}},"guid":"81cb820b-dc45-4fe6-9e08-423ca026d4eb","status":"ACTIVE","createdBy":"hive","updatedBy":"hive","createTime":1523603844600,"updateTime":1523603980233,"version":0,"classifications":[]},"650bcf55-25b3-4818-81f0-b5a7fdcdccff":{"typeName":"hive_column","attributes":{"owner":"hive","qualifiedName":"hortoniabank.us_customers.cvv2@hdp","name":"cvv2","description":null,"comment":null,"position":24,"type":"string","table":{"guid":"ba1d0474-b388-448c-8951-aa5c76e694c6","typeName":"hive_table"}},"guid":"650bcf55-25b3-4818-81f0-b5a7fdcdccff","status":"ACTIVE","createdBy":"hive","updatedBy":"hive","createTime":1523603844600,"updateTime":1523603980233,"version":0,"classifications":[]},"1765020b-a6e2-46b4-92ee-a78f89076805":{"typeName":"hive_column","attributes":{"owner":"hive","qualifiedName":"hortoniabank.us_customers.surname@hdp","name":"surname","description":null,"comment":null,"position":5,"type":"string","table":{"guid":"ba1d0474-b388-448c-8951-aa5c76e694c6","typeName":"hive_table"}},"guid":"1765020b-a6e2-46b4-92ee-a78f89076805","status":"ACTIVE","createdBy":"hive","updatedBy":"hive","createTime":1523603844600,"updateTime":1523603980233,"version":0,"classifications":[]},"f6862ae8-6cae-49f5-8a71-84fd7567591d":{"typeName":"hive_column","attributes":{"owner":"hive","qualifiedName":"hortoniabank.us_customers.vehicle@hdp","name":"vehicle","description":null,"comment":null,"position":32,"type":"string","table":{"guid":"ba1d0474-b388-448c-8951-aa5c76e694c6","typeName":"hive_table"}},"guid":"f6862ae8-6cae-49f5-8a71-84fd7567591d","status":"ACTIVE","createdBy":"hive","updatedBy":"hive","createTime":1523603844600,"updateTime":1523603980233,"version":0,"classifications":[]},"4636b0f1-d0f0-4e59-ac69-b3d68be7140a":{"typeName":"hive_column","attributes":{"owner":"hive","qualifiedName":"hortoniabank.us_customers.countryfull@hdp","name":"countryfull","description":null,"comment":null,"position":12,"type":"string","table":{"guid":"ba1d0474-b388-448c-8951-aa5c76e694c6","typeName":"hive_table"}},"guid":"4636b0f1-d0f0-4e59-ac69-b3d68be7140a","status":"ACTIVE","createdBy":"hive","updatedBy":"hive","createTime":1523603844600,"updateTime":1523603980233,"version":0,"classifications":[]},"7c8677d9-da51-4839-859d-0a9342464b29":{"typeName":"hive_column","attributes":{"owner":"hive","qualifiedName":"hortoniabank.us_customers.middleinitial@hdp","name":"middleinitial","description":null,"comment":null,"position":4,"type":"string","table":{"guid":"ba1d0474-b388-448c-8951-aa5c76e694c6","typeName":"hive_table"}},"guid":"7c8677d9-da51-4839-859d-0a9342464b29","status":"ACTIVE","createdBy":"hive","updatedBy":"hive","createTime":1523603844600,"updateTime":1523603980233,"version":0,"classifications":[]},"727dea45-9464-40f0-8fb7-111f446213f1":{"typeName":"hive_column","attributes":{"owner":"hive","qualifiedName":"hortoniabank.us_customers.eyecolor@hdp","name":"eyecolor","description":null,"comment":null,"position":29,"type":"string","table":{"guid":"ba1d0474-b388-448c-8951-aa5c76e694c6","typeName":"hive_table"}},"guid":"727dea45-9464-40f0-8fb7-111f446213f1","status":"ACTIVE","createdBy":"hive","updatedBy":"hive","createTime":1523603844600,"updateTime":1523603980233,"version":0,"classifications":[]},"ec0c46e5-2d6b-4724-aa99-744b6b9dd843":{"typeName":"hive_column","attributes":{"owner":"hive","qualifiedName":"hortoniabank.us_customers.country@hdp","name":"country","description":null,"comment":null,"position":11,"type":"string","table":{"guid":"ba1d0474-b388-448c-8951-aa5c76e694c6","typeName":"hive_table"}},"guid":"ec0c46e5-2d6b-4724-aa99-744b6b9dd843","status":"ACTIVE","createdBy":"hive","updatedBy":"hive","createTime":1523603844600,"updateTime":1523603980233,"version":0,"classifications":[]},"6fe65723-2e71-4a49-9270-1742e1605e1a":{"typeName":"hive_column","attributes":{"owner":"hive","qualifiedName":"hortoniabank.us_customers.domain@hdp","name":"domain","description":null,"comment":null,"position":33,"type":"string","table":{"guid":"ba1d0474-b388-448c-8951-aa5c76e694c6","typeName":"hive_table"}},"guid":"6fe65723-2e71-4a49-9270-1742e1605e1a","status":"ACTIVE","createdBy":"hive","updatedBy":"hive","createTime":1523603844600,"updateTime":1523603980233,"version":0,"classifications":[]},"362ae63c-d1d7-4e75-a74c-4878bf3a4398":{"typeName":"hive_column","attributes":{"owner":"hive","qualifiedName":"hortoniabank.us_customers.mothersmaiden@hdp","name":"mothersmaiden","description":null,"comment":null,"position":18,"type":"string","table":{"guid":"ba1d0474-b388-448c-8951-aa5c76e694c6","typeName":"hive_table"}},"guid":"362ae63c-d1d7-4e75-a74c-4878bf3a4398","status":"ACTIVE","createdBy":"hive","updatedBy":"hive","createTime":1523603844600,"updateTime":1523603980233,"version":0,"classifications":[]},"3c73f7cb-b71c-42c1-a8f3-a401fa371ba5":{"typeName":"hive_column","attributes":{"owner":"hive","qualifiedName":"hortoniabank.us_customers.password@hdp","name":"password","description":null,"comment":null,"position":15,"type":"string","table":{"guid":"ba1d0474-b388-448c-8951-aa5c76e694c6","typeName":"hive_table"}},"guid":"3c73f7cb-b71c-42c1-a8f3-a401fa371ba5","status":"ACTIVE","createdBy":"hive","updatedBy":"hive","createTime":1523603844600,"updateTime":1523603980233,"version":0,"classifications":[]},"2d8e30f6-146e-4cb6-b061-06e011057930":{"typeName":"hive_column","attributes":{"owner":"hive","qualifiedName":"hortoniabank.us_customers.tropicalzodiac@hdp","name":"tropicalzodiac","description":null,"comment":null,"position":21,"type":"string","table":{"guid":"ba1d0474-b388-448c-8951-aa5c76e694c6","typeName":"hive_table"}},"guid":"2d8e30f6-146e-4cb6-b061-06e011057930","status":"ACTIVE","createdBy":"hive","updatedBy":"hive","createTime":1523603844600,"updateTime":1523603980233,"version":0,"classifications":[]},"b926e9de-d745-4c33-baea-b7bb4cf4c053":{"typeName":"hive_column","attributes":{"owner":"hive","qualifiedName":"hortoniabank.us_customers.username@hdp","name":"username","description":null,"comment":null,"position":14,"type":"string","table":{"guid":"ba1d0474-b388-448c-8951-aa5c76e694c6","typeName":"hive_table"}},"guid":"b926e9de-d745-4c33-baea-b7bb4cf4c053","status":"ACTIVE","createdBy":"hive","updatedBy":"hive","createTime":1523603844600,"updateTime":1523603980233,"version":0,"classifications":[]},"e9169b00-0e41-4eac-9902-614c62601edb":{"typeName":"hive_column","attributes":{"owner":"hive","qualifiedName":"hortoniabank.us_customers.city@hdp","name":"city","description":null,"comment":null,"position":7,"type":"string","table":{"guid":"ba1d0474-b388-448c-8951-aa5c76e694c6","typeName":"hive_table"}},"guid":"e9169b00-0e41-4eac-9902-614c62601edb","status":"ACTIVE","createdBy":"hive","updatedBy":"hive","createTime":1523603844600,"updateTime":1523603980233,"version":0,"classifications":[]},"88492fd8-8df0-4840-81d5-6ae025df3526":{"typeName":"hive_column","attributes":{"owner":"hive","qualifiedName":"hortoniabank.us_customers.streetaddress@hdp","name":"streetaddress","description":null,"comment":null,"position":6,"type":"string","table":{"guid":"ba1d0474-b388-448c-8951-aa5c76e694c6","typeName":"hive_table"}},"guid":"88492fd8-8df0-4840-81d5-6ae025df3526","status":"ACTIVE","createdBy":"hive","updatedBy":"hive","createTime":1523603844600,"updateTime":1523603980233,"version":0,"classifications":[]},"94dec219-0f05-4a5d-af46-4d22f406769c":{"typeName":"hive_column","attributes":{"owner":"hive","qualifiedName":"hortoniabank.us_customers.zipcode@hdp","name":"zipcode","description":null,"comment":null,"position":10,"type":"string","table":{"guid":"ba1d0474-b388-448c-8951-aa5c76e694c6","typeName":"hive_table"}},"guid":"94dec219-0f05-4a5d-af46-4d22f406769c","status":"ACTIVE","createdBy":"hive","updatedBy":"hive","createTime":1523603844600,"updateTime":1523603980233,"version":0,"classifications":[]},"fc67bdc1-eafc-4509-b4e3-ad841940f25e":{"typeName":"hive_column","attributes":{"owner":"hive","qualifiedName":"hortoniabank.us_customers.telephonenumber@hdp","name":"telephonenumber","description":null,"comment":null,"position":16,"type":"string","table":{"guid":"ba1d0474-b388-448c-8951-aa5c76e694c6","typeName":"hive_table"}},"guid":"fc67bdc1-eafc-4509-b4e3-ad841940f25e","status":"ACTIVE","createdBy":"hive","updatedBy":"hive","createTime":1523603844600,"updateTime":1523603980233,"version":0,"classifications":[]},"13476ee6-435a-4d45-a1ab-a2b14ea47a23":{"typeName":"hive_column","attributes":{"owner":"hive","qualifiedName":"hortoniabank.us_customers.number@hdp","name":"number","description":null,"comment":null,"position":0,"type":"string","table":{"guid":"ba1d0474-b388-448c-8951-aa5c76e694c6","typeName":"hive_table"}},"guid":"13476ee6-435a-4d45-a1ab-a2b14ea47a23","status":"ACTIVE","createdBy":"hive","updatedBy":"hive","createTime":1523603844600,"updateTime":1523603980233,"version":0,"classifications":[]},"a417cf51-7e28-4655-839a-053e8b7ba259":{"typeName":"hive_column","attributes":{"owner":"hive","qualifiedName":"hortoniabank.us_customers.telephonecountrycode@hdp","name":"telephonecountrycode","description":null,"comment":null,"position":17,"type":"string","table":{"guid":"ba1d0474-b388-448c-8951-aa5c76e694c6","typeName":"hive_table"}},"guid":"a417cf51-7e28-4655-839a-053e8b7ba259","status":"ACTIVE","createdBy":"hive","updatedBy":"hive","createTime":1523603844600,"updateTime":1523603980233,"version":0,"classifications":[]}},"entity":{"typeName":"hive_table","attributes":{"owner":"hive","temporary":false,"lastAccessTime":1523603830000,"aliases":null,"qualifiedName":"hortoniabank.us_customers@hdp","columns":[{"guid":"13476ee6-435a-4d45-a1ab-a2b14ea47a23","typeName":"hive_column"},{"guid":"3debbfdd-be8b-487c-a115-72c628c3fd8d","typeName":"hive_column"},{"guid":"d7b5c99f-1690-439a-9cbc-e3159165f06f","typeName":"hive_column"},{"guid":"29ff5f3f-8409-4b1f-b719-3e4fd8d5057c","typeName":"hive_column"},{"guid":"7c8677d9-da51-4839-859d-0a9342464b29","typeName":"hive_column"},{"guid":"1765020b-a6e2-46b4-92ee-a78f89076805","typeName":"hive_column"},{"guid":"88492fd8-8df0-4840-81d5-6ae025df3526","typeName":"hive_column"},{"guid":"e9169b00-0e41-4eac-9902-614c62601edb","typeName":"hive_column"},{"guid":"73701ca9-eca8-4cb1-9bc8-809538a69dd9","typeName":"hive_column"},{"guid":"76456a49-f28c-44ff-9bef-0db277f42cc7","typeName":"hive_column"},{"guid":"94dec219-0f05-4a5d-af46-4d22f406769c","typeName":"hive_column"},{"guid":"ec0c46e5-2d6b-4724-aa99-744b6b9dd843","typeName":"hive_column"},{"guid":"4636b0f1-d0f0-4e59-ac69-b3d68be7140a","typeName":"hive_column"},{"guid":"1814afa3-d0f4-448e-9ef3-c8114f91303a","typeName":"hive_column"},{"guid":"b926e9de-d745-4c33-baea-b7bb4cf4c053","typeName":"hive_column"},{"guid":"3c73f7cb-b71c-42c1-a8f3-a401fa371ba5","typeName":"hive_column"},{"guid":"fc67bdc1-eafc-4509-b4e3-ad841940f25e","typeName":"hive_column"},{"guid":"a417cf51-7e28-4655-839a-053e8b7ba259","typeName":"hive_column"},{"guid":"362ae63c-d1d7-4e75-a74c-4878bf3a4398","typeName":"hive_column"},{"guid":"81cb820b-dc45-4fe6-9e08-423ca026d4eb","typeName":"hive_column"},{"guid":"50500750-cfb9-4c31-afd0-3e6fbe8f7475","typeName":"hive_column"},{"guid":"2d8e30f6-146e-4cb6-b061-06e011057930","typeName":"hive_column"},{"guid":"e3de50a7-2a23-4427-a5fe-68e05817c81c","typeName":"hive_column"},{"guid":"bdd07024-0651-4189-ac27-1485b14ec4f9","typeName":"hive_column"},{"guid":"650bcf55-25b3-4818-81f0-b5a7fdcdccff","typeName":"hive_column"},{"guid":"e01009eb-77ec-4bea-9ee1-cd99372e6fed","typeName":"hive_column"},{"guid":"d7c3ad6f-a311-4bb0-be97-bae0344034d9","typeName":"hive_column"},{"guid":"7c8f2097-e32e-417d-9db1-6f0456c88bf0","typeName":"hive_column"},{"guid":"2af9d15e-9fe4-427d-af68-c17286c57b11","typeName":"hive_column"},{"guid":"727dea45-9464-40f0-8fb7-111f446213f1","typeName":"hive_column"},{"guid":"9ba14bd7-0840-4c47-aa44-a2a3ae9dc74a","typeName":"hive_column"},{"guid":"9f18266e-5f70-4602-9173-b4675e5b6b39","typeName":"hive_column"},{"guid":"f6862ae8-6cae-49f5-8a71-84fd7567591d","typeName":"hive_column"},{"guid":"6fe65723-2e71-4a49-9270-1742e1605e1a","typeName":"hive_column"},{"guid":"47dc8ea5-0b57-47fd-93dd-2c0d9dcde632","typeName":"hive_column"},{"guid":"1bdf6562-ad34-4c46-9c95-31c472534bf3","typeName":"hive_column"},{"guid":"35951bc4-f2f5-41cd-b684-7ca42c474857","typeName":"hive_column"},{"guid":"c619fa3a-1694-47a3-a408-abeb412db937","typeName":"hive_column"},{"guid":"d1d64f83-0e8c-48ca-bdbb-7c30f8d51414","typeName":"hive_column"}],"description":null,"viewExpandedText":null,"sd":{"guid":"cf7a619e-a3c3-454a-a17f-fdf63dd6adc9","typeName":"hive_storagedesc"},"tableType":"EXTERNAL_TABLE","createTime":1523603830000,"name":"us_customers","comment":null,"partitionKeys":null,"parameters":{"skip.header.line.count":"1","transient_lastDdlTime":"1523603830","totalSize":"17889088","EXTERNAL":"TRUE","COLUMN_STATS_ACCURATE":"{\"COLUMN_STATS\":{\"number\":\"true\",\"gender\":\"true\",\"title\":\"true\",\"givenname\":\"true\",\"middleinitial\":\"true\",\"surname\":\"true\",\"streetaddress\":\"true\",\"city\":\"true\",\"state\":\"true\",\"statefull\":\"true\",\"zipcode\":\"true\",\"country\":\"true\",\"countryfull\":\"true\",\"emailaddress\":\"true\",\"username\":\"true\",\"password\":\"true\",\"telephonenumber\":\"true\",\"telephonecountrycode\":\"true\",\"mothersmaiden\":\"true\",\"birthday\":\"true\",\"age\":\"true\",\"tropicalzodiac\":\"true\",\"cctype\":\"true\",\"ccnumber\":\"true\",\"cvv2\":\"true\",\"ccexpires\":\"true\",\"nationalid\":\"true\",\"mrn\":\"true\",\"insuranceid\":\"true\",\"eyecolor\":\"true\",\"occupation\":\"true\",\"company\":\"true\",\"vehicle\":\"true\",\"domain\":\"true\",\"bloodtype\":\"true\",\"weight\":\"true\",\"height\":\"true\",\"latitude\":\"true\",\"longitude\":\"true\"}}","numFiles":"1"},"db":{"guid":"e510daa0-85fb-4d76-bc39-0c8da5863d90","typeName":"hive_db"},"retention":0,"viewOriginalText":null},"guid":"ba1d0474-b388-448c-8951-aa5c76e694c6","status":"ACTIVE","createdBy":"hive","updatedBy":"hive","createTime":1523603844600,"updateTime":1523603980233,"version":0,"classifications":[]}}