{"referredEntities":{},"entity":{"typeName":"hive_column_lineage","attributes":{"owner":null,"outputs":[{"guid":"eac8ae81-4ef6-4344-b72b-fb5cd17c8ddc","typeName":"hive_column"}],"expression":null,"qualifiedName":"QUERY:hortoniabank.ww_customers@hdp:1523603829000->:INSERT:hortoniabank.ww_customers_trans@hdp:1523603909000:ccexpires","inputs":[{"guid":"2a45b3f1-b037-4f65-98d8-418dd4fc5ad7","typeName":"hive_column"}],"query":{"guid":"92ff2bb9-5bdc-4405-b3d4-39c7c05c7a9d","typeName":"hive_process"},"name":"insert into hortoniabank.ww_customers_trans select * from hortoniabank.ww_customers:ccexpires","description":null,"depenendencyType":"SIMPLE"},"guid":"be5eb2fb-a20a-4017-a8e6-58fb34eac87d","status":"ACTIVE","createdBy":"hive","updatedBy":"hive","createTime":1523603934688,"updateTime":1523603934688,"version":0,"classifications":[]}}