{"referredEntities":{},"entity":{"typeName":"hdfs_path","attributes":{"owner":null,"modifiedTime":0,"isFile":false,"numberOfReplicas":0,"qualifiedName":"hdfs://abajwa-dws-hortonia30.field.hortonworks.com:8020/hive_data/claim","description":null,"extendedAttributes":null,"path":"hdfs://abajwa-dws-hortonia30.field.hortonworks.com:8020/hive_data/claim","posixPermissions":null,"createTime":0,"fileSize":0,"clusterName":"hdp","name":"/hive_data/claim","isSymlink":false,"group":null},"guid":"bfbf2ae7-cdea-41cd-9316-835573b838c8","status":"ACTIVE","createdBy":"hive","updatedBy":"hive","createTime":1523603852031,"updateTime":1523603852031,"version":0,"classifications":[]}}