{"referredEntities":{},"entity":{"typeName":"hive_column_lineage","attributes":{"owner":null,"outputs":[{"guid":"78395aec-9a86-4be9-a836-58af50e9a723","typeName":"hive_column"}],"expression":null,"qualifiedName":"QUERY:hortoniabank.us_customers@hdp:1523603830000->:INSERT:hortoniabank.us_customers_trans@hdp:1523603916000:surname","inputs":[{"guid":"1765020b-a6e2-46b4-92ee-a78f89076805","typeName":"hive_column"}],"query":{"guid":"a894d186-47c4-4116-8741-4d0124e74a76","typeName":"hive_process"},"name":"insert into hortoniabank.us_customers_trans select * from hortoniabank.us_customers:surname","description":null,"depenendencyType":"SIMPLE"},"guid":"c095c4fe-ff66-4bd6-821d-8b4633ebb8f1","status":"ACTIVE","createdBy":"hive","updatedBy":"hive","createTime":1523603976988,"updateTime":1523603976988,"version":0,"classifications":[]}}