{"referredEntities":{},"entity":{"typeName":"hive_column_lineage","attributes":{"owner":null,"outputs":[{"guid":"8ce8525e-61ba-4ee6-9f85-5160dee709fc","typeName":"hive_column"}],"expression":null,"qualifiedName":"claim.prov_view@hdp:1511511743000:providerid","inputs":[{"guid":"b5de444b-2f93-4e45-b26c-9afdc6db1d87","typeName":"hive_column"}],"query":{"guid":"48e5449d-9813-4801-bcb9-e70ada315f3f","typeName":"hive_process"},"name":"create view if not exists claim.prov_view as select * from claim.provider_summary:providerid","description":null,"depenendencyType":"SIMPLE"},"guid":"c12a9aed-8702-4f54-854f-99de0ac40dc8","status":"ACTIVE","createdBy":"hive","updatedBy":"hive","createTime":1511513324422,"updateTime":1511513324422,"version":0,"classifications":[]}}