{"referredEntities":{"d508cd06-271c-4b81-9d60-f278997d1a7a":{"typeName":"hive_column","attributes":{"owner":"hive","qualifiedName":"claim.prov_view.averagetotalpayments@hdp","name":"averagetotalpayments","description":null,"comment":null,"position":9,"type":"decimal(10,2)","table":{"guid":"c2412c70-5cf8-4500-b19f-35dcebef3acf","typeName":"hive_table"}},"guid":"d508cd06-271c-4b81-9d60-f278997d1a7a","status":"ACTIVE","createdBy":"hive","updatedBy":"hive","createTime":1523603852638,"updateTime":1523603858224,"version":0,"classifications":[]},"941ce486-cb50-4999-b865-6a4f80d13c46":{"typeName":"hive_column","attributes":{"owner":"hive","qualifiedName":"claim.prov_view.providercity@hdp","name":"providercity","description":null,"comment":null,"position":3,"type":"string","table":{"guid":"c2412c70-5cf8-4500-b19f-35dcebef3acf","typeName":"hive_table"}},"guid":"941ce486-cb50-4999-b865-6a4f80d13c46","status":"ACTIVE","createdBy":"hive","updatedBy":"hive","createTime":1523603852638,"updateTime":1523603858224,"version":0,"classifications":[]},"42f0324b-ac73-4bd6-8d10-3018afd582d6":{"typeName":"hive_column","attributes":{"owner":"hive","qualifiedName":"claim.prov_view.providerreferralregion@hdp","name":"providerreferralregion","description":null,"comment":null,"position":6,"type":"string","table":{"guid":"c2412c70-5cf8-4500-b19f-35dcebef3acf","typeName":"hive_table"}},"guid":"42f0324b-ac73-4bd6-8d10-3018afd582d6","status":"ACTIVE","createdBy":"hive","updatedBy":"hive","createTime":1523603852638,"updateTime":1523603858224,"version":0,"classifications":[]},"9573f450-897e-4415-bed8-8ca6129b2621":{"typeName":"hive_column","attributes":{"owner":"hive","qualifiedName":"claim.prov_view.totaldischarges@hdp","name":"totaldischarges","description":null,"comment":null,"position":7,"type":"int","table":{"guid":"c2412c70-5cf8-4500-b19f-35dcebef3acf","typeName":"hive_table"}},"guid":"9573f450-897e-4415-bed8-8ca6129b2621","status":"ACTIVE","createdBy":"hive","updatedBy":"hive","createTime":1523603852638,"updateTime":1523603858224,"version":0,"classifications":[]},"80dc2c7d-c341-43af-bdfd-112777216c5e":{"typeName":"hive_column","attributes":{"owner":"hive","qualifiedName":"claim.prov_view.providerstate@hdp","name":"providerstate","description":null,"comment":null,"position":4,"type":"string","table":{"guid":"c2412c70-5cf8-4500-b19f-35dcebef3acf","typeName":"hive_table"}},"guid":"80dc2c7d-c341-43af-bdfd-112777216c5e","status":"ACTIVE","createdBy":"hive","updatedBy":"hive","createTime":1523603852638,"updateTime":1523603858224,"version":0,"classifications":[]},"35a10512-295d-4dc3-b811-5182ae47d747":{"typeName":"hive_column","attributes":{"owner":"hive","qualifiedName":"claim.prov_view.providerstreetaddress@hdp","name":"providerstreetaddress","description":null,"comment":null,"position":2,"type":"string","table":{"guid":"c2412c70-5cf8-4500-b19f-35dcebef3acf","typeName":"hive_table"}},"guid":"35a10512-295d-4dc3-b811-5182ae47d747","status":"ACTIVE","createdBy":"hive","updatedBy":"hive","createTime":1523603852638,"updateTime":1523603858224,"version":0,"classifications":[]},"76aabb5c-6a46-4256-80b9-90199b733922":{"typeName":"hive_column","attributes":{"owner":"hive","qualifiedName":"claim.prov_view.averagecoveredcharges@hdp","name":"averagecoveredcharges","description":null,"comment":null,"position":8,"type":"decimal(10,2)","table":{"guid":"c2412c70-5cf8-4500-b19f-35dcebef3acf","typeName":"hive_table"}},"guid":"76aabb5c-6a46-4256-80b9-90199b733922","status":"ACTIVE","createdBy":"hive","updatedBy":"hive","createTime":1523603852638,"updateTime":1523603858224,"version":0,"classifications":[]},"7c359796-63f5-4a36-a8c5-404cc47f1178":{"typeName":"hive_column","attributes":{"owner":"hive","qualifiedName":"claim.prov_view.providername@hdp","name":"providername","description":null,"comment":null,"position":1,"type":"string","table":{"guid":"c2412c70-5cf8-4500-b19f-35dcebef3acf","typeName":"hive_table"}},"guid":"7c359796-63f5-4a36-a8c5-404cc47f1178","status":"ACTIVE","createdBy":"hive","updatedBy":"hive","createTime":1523603852638,"updateTime":1523603858224,"version":0,"classifications":[]},"3f64754e-805f-4ca7-bd5e-aeba7ba83894":{"typeName":"hive_column","attributes":{"owner":"hive","qualifiedName":"claim.prov_view.providerzip@hdp","name":"providerzip","description":null,"comment":null,"position":5,"type":"string","table":{"guid":"c2412c70-5cf8-4500-b19f-35dcebef3acf","typeName":"hive_table"}},"guid":"3f64754e-805f-4ca7-bd5e-aeba7ba83894","status":"ACTIVE","createdBy":"hive","updatedBy":"hive","createTime":1523603852638,"updateTime":1523603858224,"version":0,"classifications":[]},"30ff549c-93ed-48a0-973e-340ba3995e0f":{"typeName":"hive_column","attributes":{"owner":"hive","qualifiedName":"claim.prov_view.providerid@hdp","name":"providerid","description":null,"comment":null,"position":0,"type":"string","table":{"guid":"c2412c70-5cf8-4500-b19f-35dcebef3acf","typeName":"hive_table"}},"guid":"30ff549c-93ed-48a0-973e-340ba3995e0f","status":"ACTIVE","createdBy":"hive","updatedBy":"hive","createTime":1523603852638,"updateTime":1523603858224,"version":0,"classifications":[]},"f2d8dcfd-ead2-4945-af92-3633562d9338":{"typeName":"hive_column","attributes":{"owner":"hive","qualifiedName":"claim.prov_view.averagemedicarepayments@hdp","name":"averagemedicarepayments","description":null,"comment":null,"position":10,"type":"decimal(10,2)","table":{"guid":"c2412c70-5cf8-4500-b19f-35dcebef3acf","typeName":"hive_table"}},"guid":"f2d8dcfd-ead2-4945-af92-3633562d9338","status":"ACTIVE","createdBy":"hive","updatedBy":"hive","createTime":1523603852638,"updateTime":1523603858224,"version":0,"classifications":[]},"3600a3cc-b818-4dc2-b010-c26b57cd5181":{"typeName":"hive_storagedesc","attributes":{"bucketCols":null,"qualifiedName":"claim.prov_view@hdp_storage","sortCols":null,"storedAsSubDirectories":false,"location":null,"compressed":false,"inputFormat":"org.apache.hadoop.mapred.SequenceFileInputFormat","outputFormat":"org.apache.hadoop.hive.ql.io.HiveSequenceFileOutputFormat","parameters":null,"table":{"guid":"c2412c70-5cf8-4500-b19f-35dcebef3acf","typeName":"hive_table"},"serdeInfo":{"typeName":"hive_serde","attributes":{"serializationLib":null,"name":null,"parameters":null}},"numBuckets":-1},"guid":"3600a3cc-b818-4dc2-b010-c26b57cd5181","status":"ACTIVE","createdBy":"hive","updatedBy":"hive","createTime":1523603852638,"updateTime":1523603858224,"version":0,"classifications":[]}},"entity":{"typeName":"hive_table","attributes":{"owner":"hive","temporary":false,"lastAccessTime":1523603836000,"aliases":null,"qualifiedName":"claim.prov_view@hdp","columns":[{"guid":"30ff549c-93ed-48a0-973e-340ba3995e0f","typeName":"hive_column"},{"guid":"7c359796-63f5-4a36-a8c5-404cc47f1178","typeName":"hive_column"},{"guid":"35a10512-295d-4dc3-b811-5182ae47d747","typeName":"hive_column"},{"guid":"941ce486-cb50-4999-b865-6a4f80d13c46","typeName":"hive_column"},{"guid":"80dc2c7d-c341-43af-bdfd-112777216c5e","typeName":"hive_column"},{"guid":"3f64754e-805f-4ca7-bd5e-aeba7ba83894","typeName":"hive_column"},{"guid":"42f0324b-ac73-4bd6-8d10-3018afd582d6","typeName":"hive_column"},{"guid":"9573f450-897e-4415-bed8-8ca6129b2621","typeName":"hive_column"},{"guid":"76aabb5c-6a46-4256-80b9-90199b733922","typeName":"hive_column"},{"guid":"d508cd06-271c-4b81-9d60-f278997d1a7a","typeName":"hive_column"},{"guid":"f2d8dcfd-ead2-4945-af92-3633562d9338","typeName":"hive_column"}],"description":null,"viewExpandedText":"SELECT `provider_summary`.`providerid`, `provider_summary`.`providername`, `provider_summary`.`providerstreetaddress`, `provider_summary`.`providercity`, `provider_summary`.`providerstate`, `provider_summary`.`providerzip`, `provider_summary`.`providerreferralregion`, `provider_summary`.`totaldischarges`, `provider_summary`.`averagecoveredcharges`, `provider_summary`.`averagetotalpayments`, `provider_summary`.`averagemedicarepayments` FROM `claim`.`provider_summary`","sd":{"guid":"3600a3cc-b818-4dc2-b010-c26b57cd5181","typeName":"hive_storagedesc"},"tableType":"VIRTUAL_VIEW","createTime":1523603836000,"name":"prov_view","comment":null,"partitionKeys":null,"parameters":{"transient_lastDdlTime":"1523603836"},"db":{"guid":"9c04bd55-0b91-4fdb-80f3-abd706286c69","typeName":"hive_db"},"retention":0,"viewOriginalText":"SELECT * FROM claim.provider_summary"},"guid":"c2412c70-5cf8-4500-b19f-35dcebef3acf","status":"ACTIVE","createdBy":"hive","updatedBy":"hive","createTime":1523603852638,"updateTime":1523603858224,"version":0,"classifications":[]}}