{"referredEntities":{},"entity":{"typeName":"hdfs_path","attributes":{"owner":null,"modifiedTime":0,"isFile":false,"numberOfReplicas":0,"qualifiedName":"hdfs://demo.hortonworks.com:8020/hive_data/hortoniabank/us_customers","description":null,"extendedAttributes":null,"path":"hdfs://demo.hortonworks.com:8020/hive_data/hortoniabank/us_customers","posixPermissions":null,"createTime":0,"fileSize":0,"clusterName":"hdp","name":"/hive_data/hortoniabank/us_customers","isSymlink":false,"group":null},"guid":"c3da4920-2287-43a8-81d2-0c145fbc2aa2","status":"ACTIVE","createdBy":"hive","updatedBy":"admin","createTime":1511513315011,"updateTime":1523604597968,"version":0,"classifications":[]}}