{"referredEntities":{},"entity":{"typeName":"hive_column_lineage","attributes":{"owner":null,"outputs":[{"guid":"ede1f7cd-862d-4329-88c2-b18cb32ab40d","typeName":"hive_column"}],"expression":null,"qualifiedName":"claim.prov_view@hdp:1511511743000:averagemedicarepayments","inputs":[{"guid":"551bbda8-ce2e-4ec6-b8f5-1e657f44bed8","typeName":"hive_column"}],"query":{"guid":"48e5449d-9813-4801-bcb9-e70ada315f3f","typeName":"hive_process"},"name":"create view if not exists claim.prov_view as select * from claim.provider_summary:averagemedicarepayments","description":null,"depenendencyType":"SIMPLE"},"guid":"c3dbfc17-1abf-4a35-bd0b-11b3b37c0377","status":"ACTIVE","createdBy":"hive","updatedBy":"admin","createTime":1511513326015,"updateTime":1523604597968,"version":0,"classifications":[]}}