{"referredEntities":{},"entity":{"typeName":"hive_column_lineage","attributes":{"owner":null,"outputs":[{"guid":"4c810e77-a473-4719-bbcf-2be320999136","typeName":"hive_column"}],"expression":null,"qualifiedName":"QUERY:hortoniabank.ww_customers@hdp:1523603829000->:INSERT:hortoniabank.ww_customers_trans@hdp:1523603909000:middleinitial","inputs":[{"guid":"3230ae6d-6fcd-447d-921a-55b6e4e7661c","typeName":"hive_column"}],"query":{"guid":"92ff2bb9-5bdc-4405-b3d4-39c7c05c7a9d","typeName":"hive_process"},"name":"insert into hortoniabank.ww_customers_trans select * from hortoniabank.ww_customers:middleinitial","description":null,"depenendencyType":"SIMPLE"},"guid":"c423e143-2641-49a4-a230-6da30e493206","status":"ACTIVE","createdBy":"hive","updatedBy":"hive","createTime":1523603943320,"updateTime":1523603943320,"version":0,"classifications":[]}}