{"referredEntities":{},"entity":{"typeName":"hive_column_lineage","attributes":{"owner":null,"outputs":[{"guid":"e05e1af0-6509-4234-ae8f-a12abc532352","typeName":"hive_column"}],"expression":null,"qualifiedName":"claim.claims_view@hdp:1523603836000:sequenceid","inputs":[{"guid":"892aecd5-7c4b-49f2-b879-d248575f357a","typeName":"hive_column"}],"query":{"guid":"aaa47333-9ec3-4880-bcfe-aa84be9d6426","typeName":"hive_process"},"name":"create view if not exists claim.claims_view as select * from cost_savings.claim_savings:sequenceid","description":null,"depenendencyType":"SIMPLE"},"guid":"c6911aa1-4ed9-43c2-99c3-d00f55643b57","status":"ACTIVE","createdBy":"hive","updatedBy":"hive","createTime":1523603860100,"updateTime":1523603860100,"version":0,"classifications":[]}}