{"referredEntities":{},"entity":{"typeName":"hive_column_lineage","attributes":{"owner":null,"outputs":[{"guid":"189fedc5-07b8-4dd5-8c54-58629ea61813","typeName":"hive_column"}],"expression":null,"qualifiedName":"QUERY:hortoniabank.us_customers@hdp:1523603830000->:INSERT:hortoniabank.us_customers_trans@hdp:1523603916000:streetaddress","inputs":[{"guid":"88492fd8-8df0-4840-81d5-6ae025df3526","typeName":"hive_column"}],"query":{"guid":"a894d186-47c4-4116-8741-4d0124e74a76","typeName":"hive_process"},"name":"insert into hortoniabank.us_customers_trans select * from hortoniabank.us_customers:streetaddress","description":null,"depenendencyType":"SIMPLE"},"guid":"c6bf8fa0-c062-41a9-8713-717f60e0001b","status":"ACTIVE","createdBy":"hive","updatedBy":"hive","createTime":1523603959754,"updateTime":1523603959754,"version":0,"classifications":[]}}