{"referredEntities":{"ed29726f-93ea-48e5-a25a-cc030d61357d":{"typeName":"hive_column","attributes":{"owner":"hive","qualifiedName":"consent_master.consent_data_trans.loyaltyconsent@hdp","name":"loyaltyconsent","description":null,"comment":null,"position":5,"type":"string","table":{"guid":"c6cde3c3-08be-4cee-a82e-1422192638b0","typeName":"hive_table"}},"guid":"ed29726f-93ea-48e5-a25a-cc030d61357d","status":"ACTIVE","createdBy":"hive","updatedBy":"hive","createTime":1523603887365,"updateTime":1523603913525,"version":0,"classifications":[]},"44ebd763-ef01-4616-85a8-1cd89285bf50":{"typeName":"hive_storagedesc","attributes":{"bucketCols":["country"],"qualifiedName":"consent_master.consent_data_trans@hdp_storage","sortCols":null,"storedAsSubDirectories":false,"location":"hdfs://abajwa-dws-hortonia30.field.hortonworks.com:8020/hive_data/consent-trans","compressed":false,"inputFormat":"org.apache.hadoop.hive.ql.io.orc.OrcInputFormat","outputFormat":"org.apache.hadoop.hive.ql.io.orc.OrcOutputFormat","parameters":null,"table":{"guid":"c6cde3c3-08be-4cee-a82e-1422192638b0","typeName":"hive_table"},"serdeInfo":{"typeName":"hive_serde","attributes":{"serializationLib":"org.apache.hadoop.hive.ql.io.orc.OrcSerde","name":null,"parameters":{"serialization.format":"1"}}},"numBuckets":3},"guid":"44ebd763-ef01-4616-85a8-1cd89285bf50","status":"ACTIVE","createdBy":"hive","updatedBy":"hive","createTime":1523603887365,"updateTime":1523603913525,"version":0,"classifications":[]},"6c759dbc-9f5c-43d5-9ae6-1ea2a08798d9":{"typeName":"hive_column","attributes":{"owner":"hive","qualifiedName":"consent_master.consent_data_trans.country@hdp","name":"country","description":null,"comment":null,"position":0,"type":"string","table":{"guid":"c6cde3c3-08be-4cee-a82e-1422192638b0","typeName":"hive_table"}},"guid":"6c759dbc-9f5c-43d5-9ae6-1ea2a08798d9","status":"ACTIVE","createdBy":"hive","updatedBy":"hive","createTime":1523603887365,"updateTime":1523603913525,"version":0,"classifications":[]},"d75f1e59-4331-4b3d-8345-bc16bebd5c73":{"typeName":"hive_column","attributes":{"owner":"hive","qualifiedName":"consent_master.consent_data_trans.marketingconsent@hdp","name":"marketingconsent","description":null,"comment":null,"position":3,"type":"string","table":{"guid":"c6cde3c3-08be-4cee-a82e-1422192638b0","typeName":"hive_table"}},"guid":"d75f1e59-4331-4b3d-8345-bc16bebd5c73","status":"ACTIVE","createdBy":"hive","updatedBy":"hive","createTime":1523603887365,"updateTime":1523603913525,"version":0,"classifications":[]},"780bca0e-4283-4385-8867-a08c8b290216":{"typeName":"hive_column","attributes":{"owner":"hive","qualifiedName":"consent_master.consent_data_trans.countryfull@hdp","name":"countryfull","description":null,"comment":null,"position":1,"type":"string","table":{"guid":"c6cde3c3-08be-4cee-a82e-1422192638b0","typeName":"hive_table"}},"guid":"780bca0e-4283-4385-8867-a08c8b290216","status":"ACTIVE","createdBy":"hive","updatedBy":"hive","createTime":1523603887365,"updateTime":1523603913525,"version":0,"classifications":[]},"309dbf93-c27a-4b1a-a66b-d4edd3bde55b":{"typeName":"hive_column","attributes":{"owner":"hive","qualifiedName":"consent_master.consent_data_trans.thirdpartyconsentstartdate@hdp","name":"thirdpartyconsentstartdate","description":null,"comment":null,"position":8,"type":"date","table":{"guid":"c6cde3c3-08be-4cee-a82e-1422192638b0","typeName":"hive_table"}},"guid":"309dbf93-c27a-4b1a-a66b-d4edd3bde55b","status":"ACTIVE","createdBy":"hive","updatedBy":"hive","createTime":1523603887365,"updateTime":1523603913525,"version":0,"classifications":[]},"7e136812-c5b5-4583-89fb-e4252c86651f":{"typeName":"hive_column","attributes":{"owner":"hive","qualifiedName":"consent_master.consent_data_trans.thirdpartyconsent@hdp","name":"thirdpartyconsent","description":null,"comment":null,"position":7,"type":"string","table":{"guid":"c6cde3c3-08be-4cee-a82e-1422192638b0","typeName":"hive_table"}},"guid":"7e136812-c5b5-4583-89fb-e4252c86651f","status":"ACTIVE","createdBy":"hive","updatedBy":"hive","createTime":1523603887365,"updateTime":1523603913525,"version":0,"classifications":[]},"12c31c79-f3c1-42fe-93c4-ac6614c40192":{"typeName":"hive_column","attributes":{"owner":"hive","qualifiedName":"consent_master.consent_data_trans.loyaltyconsentstartdate@hdp","name":"loyaltyconsentstartdate","description":null,"comment":null,"position":6,"type":"date","table":{"guid":"c6cde3c3-08be-4cee-a82e-1422192638b0","typeName":"hive_table"}},"guid":"12c31c79-f3c1-42fe-93c4-ac6614c40192","status":"ACTIVE","createdBy":"hive","updatedBy":"hive","createTime":1523603887365,"updateTime":1523603913525,"version":0,"classifications":[]},"9a781d71-4c30-487c-9136-26320ddd6b30":{"typeName":"hive_column","attributes":{"owner":"hive","qualifiedName":"consent_master.consent_data_trans.insuranceid@hdp","name":"insuranceid","description":null,"comment":null,"position":2,"type":"int","table":{"guid":"c6cde3c3-08be-4cee-a82e-1422192638b0","typeName":"hive_table"}},"guid":"9a781d71-4c30-487c-9136-26320ddd6b30","status":"ACTIVE","createdBy":"hive","updatedBy":"hive","createTime":1523603887365,"updateTime":1523603913525,"version":0,"classifications":[]},"db39454a-5ae9-4b39-b2ff-3f5cf634e0b6":{"typeName":"hive_column","attributes":{"owner":"hive","qualifiedName":"consent_master.consent_data_trans.marketingconsentstartdate@hdp","name":"marketingconsentstartdate","description":null,"comment":null,"position":4,"type":"date","table":{"guid":"c6cde3c3-08be-4cee-a82e-1422192638b0","typeName":"hive_table"}},"guid":"db39454a-5ae9-4b39-b2ff-3f5cf634e0b6","status":"ACTIVE","createdBy":"hive","updatedBy":"hive","createTime":1523603887365,"updateTime":1523603913525,"version":0,"classifications":[]}},"entity":{"typeName":"hive_table","attributes":{"owner":"hive","temporary":false,"lastAccessTime":1523603886000,"aliases":null,"qualifiedName":"consent_master.consent_data_trans@hdp","columns":[{"guid":"6c759dbc-9f5c-43d5-9ae6-1ea2a08798d9","typeName":"hive_column"},{"guid":"780bca0e-4283-4385-8867-a08c8b290216","typeName":"hive_column"},{"guid":"9a781d71-4c30-487c-9136-26320ddd6b30","typeName":"hive_column"},{"guid":"d75f1e59-4331-4b3d-8345-bc16bebd5c73","typeName":"hive_column"},{"guid":"db39454a-5ae9-4b39-b2ff-3f5cf634e0b6","typeName":"hive_column"},{"guid":"ed29726f-93ea-48e5-a25a-cc030d61357d","typeName":"hive_column"},{"guid":"12c31c79-f3c1-42fe-93c4-ac6614c40192","typeName":"hive_column"},{"guid":"7e136812-c5b5-4583-89fb-e4252c86651f","typeName":"hive_column"},{"guid":"309dbf93-c27a-4b1a-a66b-d4edd3bde55b","typeName":"hive_column"}],"description":null,"viewExpandedText":null,"sd":{"guid":"44ebd763-ef01-4616-85a8-1cd89285bf50","typeName":"hive_storagedesc"},"tableType":"MANAGED_TABLE","createTime":1523603886000,"name":"consent_data_trans","comment":null,"partitionKeys":null,"parameters":{"transient_lastDdlTime":"1523603908","totalSize":"446339","transactional":"true","numFiles":"3"},"db":{"guid":"7eb9fdd5-5b16-4c81-9d63-c79a1676571a","typeName":"hive_db"},"retention":0,"viewOriginalText":null},"guid":"c6cde3c3-08be-4cee-a82e-1422192638b0","status":"ACTIVE","createdBy":"hive","updatedBy":"hive","createTime":1523603887365,"updateTime":1523603913525,"version":0,"classifications":[{"typeName":"REFERENCE_DATA"}]}}