{"referredEntities":{},"entity":{"typeName":"hdfs_path","attributes":{"owner":null,"modifiedTime":0,"isFile":false,"numberOfReplicas":0,"qualifiedName":"hdfs://demo.hortonworks.com:8020/hive_data/claim","description":null,"extendedAttributes":null,"path":"hdfs://demo.hortonworks.com:8020/hive_data/claim","posixPermissions":null,"createTime":0,"fileSize":0,"clusterName":"hdp","name":"/hive_data/claim","isSymlink":false,"group":null},"guid":"cb05e5b6-8dce-4a10-9479-7b0a7cbb5909","status":"ACTIVE","createdBy":"hive","updatedBy":"admin","createTime":1511513321135,"updateTime":1523604597968,"version":0,"classifications":[]}}