{"referredEntities":{},"entity":{"typeName":"hive_column_lineage","attributes":{"owner":null,"outputs":[{"guid":"b9c7d15f-d978-497b-82f8-5cf4a2423136","typeName":"hive_column"}],"expression":null,"qualifiedName":"QUERY:hortoniabank.ww_customers@hdp:1523603829000->:INSERT:hortoniabank.ww_customers_trans@hdp:1523603909000:gender","inputs":[{"guid":"74c1858e-81b4-4f84-ade3-87ab45dc240a","typeName":"hive_column"}],"query":{"guid":"92ff2bb9-5bdc-4405-b3d4-39c7c05c7a9d","typeName":"hive_process"},"name":"insert into hortoniabank.ww_customers_trans select * from hortoniabank.ww_customers:gender","description":null,"depenendencyType":"SIMPLE"},"guid":"cca0b9c8-a9a5-4855-9ee2-cd5af80ce641","status":"ACTIVE","createdBy":"hive","updatedBy":"hive","createTime":1523603939106,"updateTime":1523603939106,"version":0,"classifications":[]}}