{"referredEntities":{},"entity":{"typeName":"hive_column_lineage","attributes":{"owner":null,"outputs":[{"guid":"ef42a4bf-2404-45e6-8763-ea16de0e63d5","typeName":"hive_column"}],"expression":null,"qualifiedName":"QUERY:hortoniabank.ww_customers@hdp:1523603829000->:INSERT:hortoniabank.ww_customers_trans@hdp:1523603909000:longitude","inputs":[{"guid":"4d6e427a-81d2-4ab1-8648-842753a704fd","typeName":"hive_column"}],"query":{"guid":"92ff2bb9-5bdc-4405-b3d4-39c7c05c7a9d","typeName":"hive_process"},"name":"insert into hortoniabank.ww_customers_trans select * from hortoniabank.ww_customers:longitude","description":null,"depenendencyType":"SIMPLE"},"guid":"ccbf256e-b178-4214-ae27-5072c3da98bc","status":"ACTIVE","createdBy":"hive","updatedBy":"hive","createTime":1523603923898,"updateTime":1523603923898,"version":0,"classifications":[]}}