{"referredEntities":{},"entity":{"typeName":"hive_column_lineage","attributes":{"owner":null,"outputs":[{"guid":"bf15c27a-beaa-4726-99ba-e30176d7324c","typeName":"hive_column"}],"expression":null,"qualifiedName":"QUERY:hortoniabank.ww_customers@hdp:1523603829000->:INSERT:hortoniabank.ww_customers_trans@hdp:1523603909000:latitude","inputs":[{"guid":"566796cd-8ce4-44e4-8e46-1fe80b61138e","typeName":"hive_column"}],"query":{"guid":"92ff2bb9-5bdc-4405-b3d4-39c7c05c7a9d","typeName":"hive_process"},"name":"insert into hortoniabank.ww_customers_trans select * from hortoniabank.ww_customers:latitude","description":null,"depenendencyType":"SIMPLE"},"guid":"cdab64f5-18ff-4ed8-83d4-6eeaf3ea10ac","status":"ACTIVE","createdBy":"hive","updatedBy":"hive","createTime":1523603948827,"updateTime":1523603948827,"version":0,"classifications":[]}}