{"referredEntities":{},"entity":{"typeName":"hive_column_lineage","attributes":{"owner":null,"outputs":[{"guid":"12c31c79-f3c1-42fe-93c4-ac6614c40192","typeName":"hive_column"}],"expression":null,"qualifiedName":"QUERY:consent_master.consent_data@hdp:1523603838000->:INSERT:consent_master.consent_data_trans@hdp:1523603886000:loyaltyconsentstartdate","inputs":[{"guid":"a12022d1-c892-48f7-82fe-56d621cae324","typeName":"hive_column"}],"query":{"guid":"98fe8b4f-5621-4be1-88fb-405139cd6e32","typeName":"hive_process"},"name":"insert into consent_master.consent_data_trans select * from consent_master.consent_data:loyaltyconsentstartdate","description":null,"depenendencyType":"SIMPLE"},"guid":"cdfc6027-f0b8-4ae7-a169-3928a4676657","status":"ACTIVE","createdBy":"hive","updatedBy":"hive","createTime":1523603911498,"updateTime":1523603911498,"version":0,"classifications":[]}}