{"referredEntities":{},"entity":{"typeName":"hive_column_lineage","attributes":{"owner":null,"outputs":[{"guid":"9e1c910c-66fd-42eb-92f1-4195469fb3e2","typeName":"hive_column"}],"expression":null,"qualifiedName":"QUERY:hortoniabank.us_customers@hdp:1523603830000->:INSERT:hortoniabank.us_customers_trans@hdp:1523603916000:domain","inputs":[{"guid":"6fe65723-2e71-4a49-9270-1742e1605e1a","typeName":"hive_column"}],"query":{"guid":"a894d186-47c4-4116-8741-4d0124e74a76","typeName":"hive_process"},"name":"insert into hortoniabank.us_customers_trans select * from hortoniabank.us_customers:domain","description":null,"depenendencyType":"SIMPLE"},"guid":"ce23fe6c-4949-4898-982c-7bd5b723ba01","status":"ACTIVE","createdBy":"hive","updatedBy":"hive","createTime":1523603967347,"updateTime":1523603967347,"version":0,"classifications":[]}}