{"referredEntities":{},"entity":{"typeName":"hive_process","attributes":{"owner":null,"outputs":[{"guid":"24c0e8a8-6cd7-426a-b2e6-e572ad7b7e87","typeName":"hive_table"}],"queryGraph":null,"recentQueries":["create external table if not exists hortoniabank.eu_countries (\n                                    countryname string\n                                  , countrycode string\n                                  , region string\n                                 ) row format delimited\n                                   fields terminated by ','\n                                   stored as textfile\n                                   location '/hive_data/hortoniabank/eu_countries'"],"qualifiedName":"hortoniabank.eu_countries@hdp:1511511739000","inputs":[{"guid":"9b166a90-ba29-405d-94f1-270e110b71b5","typeName":"hdfs_path"}],"description":null,"userName":"hive","queryId":"hive_20171124082219_d42ea8a4-f804-4579-89c9-529d3c0d48e4","clusterName":"hdp","name":"create external table if not exists hortoniabank.eu_countries (\n                                    countryname string\n                                  , countrycode string\n                                  , region string\n                                 ) row format delimited\n                                   fields terminated by ','\n                                   stored as textfile\n                                   location '/hive_data/hortoniabank/eu_countries'","queryText":"create external table if not exists hortoniabank.eu_countries (\n                                    countryname string\n                                  , countrycode string\n                                  , region string\n                                 ) row format delimited\n                                   fields terminated by ','\n                                   stored as textfile\n                                   location '/hive_data/hortoniabank/eu_countries'","startTime":1511511739251,"operationType":"CREATETABLE","queryPlan":"Not Supported","endTime":1511511740268},"guid":"ceedba33-4ecb-44dc-a76d-cef56696014f","status":"ACTIVE","createdBy":"hive","updatedBy":"admin","createTime":1511513316515,"updateTime":1523604597968,"version":0,"classifications":[]}}