{"referredEntities":{},"entity":{"typeName":"hive_column_lineage","attributes":{"owner":null,"outputs":[{"guid":"287bd34a-2b5c-47a7-a30f-d50058c1d31e","typeName":"hive_column"}],"expression":null,"qualifiedName":"claim.claims_view@hdp:1523603836000:reportdate","inputs":[{"guid":"5e056071-a28d-4f53-8218-3d7b239cecf1","typeName":"hive_column"}],"query":{"guid":"aaa47333-9ec3-4880-bcfe-aa84be9d6426","typeName":"hive_process"},"name":"create view if not exists claim.claims_view as select * from cost_savings.claim_savings:reportdate","description":null,"depenendencyType":"SIMPLE"},"guid":"cefeade2-a329-4e36-b671-9049542f122c","status":"ACTIVE","createdBy":"hive","updatedBy":"hive","createTime":1523603861316,"updateTime":1523603861316,"version":0,"classifications":[]}}