{"referredEntities":{},"entity":{"typeName":"hive_column_lineage","attributes":{"owner":null,"outputs":[{"guid":"45b44510-035f-489c-85f6-b3e51aa6c90d","typeName":"hive_column"}],"expression":null,"qualifiedName":"QUERY:hortoniabank.ww_customers@hdp:1523603829000->:INSERT:hortoniabank.ww_customers_trans@hdp:1523603909000:domain","inputs":[{"guid":"bb630717-11f5-4138-9064-2f0e0347b54e","typeName":"hive_column"}],"query":{"guid":"92ff2bb9-5bdc-4405-b3d4-39c7c05c7a9d","typeName":"hive_process"},"name":"insert into hortoniabank.ww_customers_trans select * from hortoniabank.ww_customers:domain","description":null,"depenendencyType":"SIMPLE"},"guid":"cf4108d3-54bf-43fc-a11d-12c3c47bb4ce","status":"ACTIVE","createdBy":"hive","updatedBy":"hive","createTime":1523603921480,"updateTime":1523603921480,"version":0,"classifications":[]}}