{"referredEntities":{},"entity":{"typeName":"hive_db","attributes":{"owner":"hive","ownerType":"USER","qualifiedName":"cost_savings@hdp","clusterName":"hdp","name":"cost_savings","description":"Cost Savings Database","location":"hdfs://abajwa-dws-hortonia30.field.hortonworks.com:8020/hive_data/cost_savings","parameters":null},"guid":"cfe855f5-1a3b-4019-8d38-6a2ab2bcb401","status":"ACTIVE","createdBy":"hive","updatedBy":"hive","createTime":1523603850261,"updateTime":1523603862396,"version":0,"classifications":[]}}