{"referredEntities":{},"entity":{"typeName":"hive_column_lineage","attributes":{"owner":null,"outputs":[{"guid":"a819fd9e-aeb2-4838-9614-e2d46dda7580","typeName":"hive_column"}],"expression":null,"qualifiedName":"QUERY:hortoniabank.ww_customers@hdp:1523603829000->:INSERT:hortoniabank.ww_customers_trans@hdp:1523603909000:occupation","inputs":[{"guid":"6379f1e0-f47f-4901-80fa-6731f3edb75d","typeName":"hive_column"}],"query":{"guid":"92ff2bb9-5bdc-4405-b3d4-39c7c05c7a9d","typeName":"hive_process"},"name":"insert into hortoniabank.ww_customers_trans select * from hortoniabank.ww_customers:occupation","description":null,"depenendencyType":"SIMPLE"},"guid":"d0a3d3ea-7201-435f-8409-601832298f38","status":"ACTIVE","createdBy":"hive","updatedBy":"hive","createTime":1523603939803,"updateTime":1523603939803,"version":0,"classifications":[]}}