{"referredEntities":{},"entity":{"typeName":"hive_column_lineage","attributes":{"owner":null,"outputs":[{"guid":"6783a985-fa3b-401a-bafc-a3e543b34a70","typeName":"hive_column"}],"expression":null,"qualifiedName":"QUERY:hortoniabank.us_customers@hdp:1523603830000->:INSERT:hortoniabank.us_customers_trans@hdp:1523603916000:ccnumber","inputs":[{"guid":"bdd07024-0651-4189-ac27-1485b14ec4f9","typeName":"hive_column"}],"query":{"guid":"a894d186-47c4-4116-8741-4d0124e74a76","typeName":"hive_process"},"name":"insert into hortoniabank.us_customers_trans select * from hortoniabank.us_customers:ccnumber","description":null,"depenendencyType":"SIMPLE"},"guid":"d33de775-0cb9-48a2-8083-bcf5a591e77d","status":"ACTIVE","createdBy":"hive","updatedBy":"hive","createTime":1523603973758,"updateTime":1523603973758,"version":0,"classifications":[]}}