{"referredEntities":{},"entity":{"typeName":"hive_column_lineage","attributes":{"owner":null,"outputs":[{"guid":"6c759dbc-9f5c-43d5-9ae6-1ea2a08798d9","typeName":"hive_column"}],"expression":null,"qualifiedName":"QUERY:consent_master.consent_data@hdp:1523603838000->:INSERT:consent_master.consent_data_trans@hdp:1523603886000:country","inputs":[{"guid":"256e62d6-1a52-4618-8cfa-39b43763dd74","typeName":"hive_column"}],"query":{"guid":"98fe8b4f-5621-4be1-88fb-405139cd6e32","typeName":"hive_process"},"name":"insert into consent_master.consent_data_trans select * from consent_master.consent_data:country","description":null,"depenendencyType":"SIMPLE"},"guid":"d4088cb7-080b-4405-bb54-ec32aa9b6ffa","status":"ACTIVE","createdBy":"hive","updatedBy":"hive","createTime":1523603912840,"updateTime":1523603912840,"version":0,"classifications":[]}}