{"referredEntities":{},"entity":{"typeName":"hive_column_lineage","attributes":{"owner":null,"outputs":[{"guid":"a91bdc8d-8601-4885-afff-b8d0a89635c4","typeName":"hive_column"}],"expression":null,"qualifiedName":"QUERY:hortoniabank.ww_customers@hdp:1523603829000->:INSERT:hortoniabank.ww_customers_trans@hdp:1523603909000:country","inputs":[{"guid":"fdb2e526-b58a-461f-8586-d285ce886369","typeName":"hive_column"}],"query":{"guid":"92ff2bb9-5bdc-4405-b3d4-39c7c05c7a9d","typeName":"hive_process"},"name":"insert into hortoniabank.ww_customers_trans select * from hortoniabank.ww_customers:country","description":null,"depenendencyType":"SIMPLE"},"guid":"d4d9f636-615c-4064-8410-8b089e5fddba","status":"ACTIVE","createdBy":"hive","updatedBy":"hive","createTime":1523603948095,"updateTime":1523603948095,"version":0,"classifications":[]}}