{"referredEntities":{},"entity":{"typeName":"hive_column_lineage","attributes":{"owner":null,"outputs":[{"guid":"94ff5e62-7a8a-4527-ba00-183dcfe449ad","typeName":"hive_column"}],"expression":null,"qualifiedName":"QUERY:hortoniabank.ww_customers@hdp:1523603829000->:INSERT:hortoniabank.ww_customers_trans@hdp:1523603909000:nationalid","inputs":[{"guid":"cbacf71d-265e-4c9b-bdf3-cfb918bff8ae","typeName":"hive_column"}],"query":{"guid":"92ff2bb9-5bdc-4405-b3d4-39c7c05c7a9d","typeName":"hive_process"},"name":"insert into hortoniabank.ww_customers_trans select * from hortoniabank.ww_customers:nationalid","description":null,"depenendencyType":"SIMPLE"},"guid":"d5dfa36a-5904-4c7e-bfdc-eedb5cd29db8","status":"ACTIVE","createdBy":"hive","updatedBy":"hive","createTime":1523603924814,"updateTime":1523603924814,"version":0,"classifications":[]}}