{"referredEntities":{},"entity":{"typeName":"hive_column_lineage","attributes":{"owner":null,"outputs":[{"guid":"eff02ad4-910d-4b0e-864a-4101dd78a303","typeName":"hive_column"}],"expression":null,"qualifiedName":"QUERY:hortoniabank.ww_customers@hdp:1523603829000->:INSERT:hortoniabank.ww_customers_trans@hdp:1523603909000:statefull","inputs":[{"guid":"f4d8b31e-1883-49b0-9654-80b7127406e1","typeName":"hive_column"}],"query":{"guid":"92ff2bb9-5bdc-4405-b3d4-39c7c05c7a9d","typeName":"hive_process"},"name":"insert into hortoniabank.ww_customers_trans select * from hortoniabank.ww_customers:statefull","description":null,"depenendencyType":"SIMPLE"},"guid":"d667d013-0fcd-4fc4-b4a5-18214663d04a","status":"ACTIVE","createdBy":"hive","updatedBy":"hive","createTime":1523603936069,"updateTime":1523603936069,"version":0,"classifications":[]}}