{"referredEntities":{},"entity":{"typeName":"hive_column_lineage","attributes":{"owner":null,"outputs":[{"guid":"0634bd58-799e-4fb5-8988-3a5812803980","typeName":"hive_column"}],"expression":null,"qualifiedName":"QUERY:hortoniabank.us_customers@hdp:1523603830000->:INSERT:hortoniabank.us_customers_trans@hdp:1523603916000:state","inputs":[{"guid":"73701ca9-eca8-4cb1-9bc8-809538a69dd9","typeName":"hive_column"}],"query":{"guid":"a894d186-47c4-4116-8741-4d0124e74a76","typeName":"hive_process"},"name":"insert into hortoniabank.us_customers_trans select * from hortoniabank.us_customers:state","description":null,"depenendencyType":"SIMPLE"},"guid":"d792e7e7-4eaf-4b20-b4d6-f1d7280a6980","status":"ACTIVE","createdBy":"hive","updatedBy":"hive","createTime":1523603979638,"updateTime":1523603979638,"version":0,"classifications":[]}}