{"referredEntities":{},"entity":{"typeName":"hive_column_lineage","attributes":{"owner":null,"outputs":[{"guid":"93a394e2-ee3a-4e15-b339-b5ba9d3076e8","typeName":"hive_column"}],"expression":null,"qualifiedName":"QUERY:hortoniabank.us_customers@hdp:1523603830000->:INSERT:hortoniabank.us_customers_trans@hdp:1523603916000:nationalid","inputs":[{"guid":"d7c3ad6f-a311-4bb0-be97-bae0344034d9","typeName":"hive_column"}],"query":{"guid":"a894d186-47c4-4116-8741-4d0124e74a76","typeName":"hive_process"},"name":"insert into hortoniabank.us_customers_trans select * from hortoniabank.us_customers:nationalid","description":null,"depenendencyType":"SIMPLE"},"guid":"d99b7850-15c2-40d6-8c1b-de9957789f2e","status":"ACTIVE","createdBy":"hive","updatedBy":"hive","createTime":1523603958758,"updateTime":1523603958758,"version":0,"classifications":[]}}