{"referredEntities":{},"entity":{"typeName":"hive_column_lineage","attributes":{"owner":null,"outputs":[{"guid":"05461ec1-8f4e-4bf6-bb44-e4a3245b2f8c","typeName":"hive_column"}],"expression":null,"qualifiedName":"QUERY:hortoniabank.ww_customers@hdp:1523603829000->:INSERT:hortoniabank.ww_customers_trans@hdp:1523603909000:company","inputs":[{"guid":"4cac531a-bc69-4445-88a3-38e3048be996","typeName":"hive_column"}],"query":{"guid":"92ff2bb9-5bdc-4405-b3d4-39c7c05c7a9d","typeName":"hive_process"},"name":"insert into hortoniabank.ww_customers_trans select * from hortoniabank.ww_customers:company","description":null,"depenendencyType":"SIMPLE"},"guid":"dc08dfd0-a1e8-40a1-87a5-eed10e4900c4","status":"ACTIVE","createdBy":"hive","updatedBy":"hive","createTime":1523603945739,"updateTime":1523603945739,"version":0,"classifications":[]}}