{"referredEntities":{"79c61596-7ac0-408e-b992-136c904b3410":{"typeName":"hive_column","attributes":{"owner":"hive","qualifiedName":"hortoniabank.eu_countries.countryname@hdp","name":"countryname","description":null,"comment":null,"position":0,"type":"string","table":{"guid":"dc810985-eea5-4edc-a630-c0019f0088c4","typeName":"hive_table"}},"guid":"79c61596-7ac0-408e-b992-136c904b3410","status":"ACTIVE","createdBy":"hive","updatedBy":"hive","createTime":1523603846773,"updateTime":1523603847266,"version":0,"classifications":[]},"3d84f9a9-b93a-4b76-88d4-01a0adad2b34":{"typeName":"hive_storagedesc","attributes":{"bucketCols":null,"qualifiedName":"hortoniabank.eu_countries@hdp_storage","sortCols":null,"storedAsSubDirectories":false,"location":"hdfs://abajwa-dws-hortonia30.field.hortonworks.com:8020/hive_data/hortoniabank/eu_countries","compressed":false,"inputFormat":"org.apache.hadoop.mapred.TextInputFormat","outputFormat":"org.apache.hadoop.hive.ql.io.HiveIgnoreKeyTextOutputFormat","parameters":null,"table":{"guid":"dc810985-eea5-4edc-a630-c0019f0088c4","typeName":"hive_table"},"serdeInfo":{"typeName":"hive_serde","attributes":{"serializationLib":"org.apache.hadoop.hive.serde2.lazy.LazySimpleSerDe","name":null,"parameters":{"serialization.format":",","field.delim":","}}},"numBuckets":-1},"guid":"3d84f9a9-b93a-4b76-88d4-01a0adad2b34","status":"ACTIVE","createdBy":"hive","updatedBy":"hive","createTime":1523603846773,"updateTime":1523603847266,"version":0,"classifications":[]},"82eec647-686e-429d-ad63-f4a977e5c391":{"typeName":"hive_column","attributes":{"owner":"hive","qualifiedName":"hortoniabank.eu_countries.region@hdp","name":"region","description":null,"comment":null,"position":2,"type":"string","table":{"guid":"dc810985-eea5-4edc-a630-c0019f0088c4","typeName":"hive_table"}},"guid":"82eec647-686e-429d-ad63-f4a977e5c391","status":"ACTIVE","createdBy":"hive","updatedBy":"hive","createTime":1523603846773,"updateTime":1523603847266,"version":0,"classifications":[]},"191370cd-9906-492e-b4dd-98e94a037938":{"typeName":"hive_column","attributes":{"owner":"hive","qualifiedName":"hortoniabank.eu_countries.countrycode@hdp","name":"countrycode","description":null,"comment":null,"position":1,"type":"string","table":{"guid":"dc810985-eea5-4edc-a630-c0019f0088c4","typeName":"hive_table"}},"guid":"191370cd-9906-492e-b4dd-98e94a037938","status":"ACTIVE","createdBy":"hive","updatedBy":"hive","createTime":1523603846773,"updateTime":1523603847266,"version":0,"classifications":[]}},"entity":{"typeName":"hive_table","attributes":{"owner":"hive","temporary":false,"lastAccessTime":1523603831000,"aliases":null,"qualifiedName":"hortoniabank.eu_countries@hdp","columns":[{"guid":"79c61596-7ac0-408e-b992-136c904b3410","typeName":"hive_column"},{"guid":"191370cd-9906-492e-b4dd-98e94a037938","typeName":"hive_column"},{"guid":"82eec647-686e-429d-ad63-f4a977e5c391","typeName":"hive_column"}],"description":null,"viewExpandedText":null,"sd":{"guid":"3d84f9a9-b93a-4b76-88d4-01a0adad2b34","typeName":"hive_storagedesc"},"tableType":"EXTERNAL_TABLE","createTime":1523603831000,"name":"eu_countries","comment":null,"partitionKeys":null,"parameters":{"transient_lastDdlTime":"1523603831","totalSize":"407","EXTERNAL":"TRUE","numFiles":"1"},"db":{"guid":"e510daa0-85fb-4d76-bc39-0c8da5863d90","typeName":"hive_db"},"retention":0,"viewOriginalText":null},"guid":"dc810985-eea5-4edc-a630-c0019f0088c4","status":"ACTIVE","createdBy":"hive","updatedBy":"hive","createTime":1523603846773,"updateTime":1523603847266,"version":0,"classifications":[]}}