{"referredEntities":{},"entity":{"typeName":"hive_column_lineage","attributes":{"owner":null,"outputs":[{"guid":"c8a94a08-0a15-48e7-a393-a3e5746a334e","typeName":"hive_column"}],"expression":null,"qualifiedName":"QUERY:hortoniabank.us_customers@hdp:1523603830000->:INSERT:hortoniabank.us_customers_trans@hdp:1523603916000:cvv2","inputs":[{"guid":"650bcf55-25b3-4818-81f0-b5a7fdcdccff","typeName":"hive_column"}],"query":{"guid":"a894d186-47c4-4116-8741-4d0124e74a76","typeName":"hive_process"},"name":"insert into hortoniabank.us_customers_trans select * from hortoniabank.us_customers:cvv2","description":null,"depenendencyType":"SIMPLE"},"guid":"ddbdf1bb-e2e9-4093-9fb5-e04823f057a8","status":"ACTIVE","createdBy":"hive","updatedBy":"hive","createTime":1523603969454,"updateTime":1523603969454,"version":0,"classifications":[]}}