{"referredEntities":{},"entity":{"typeName":"hdfs_path","attributes":{"owner":null,"modifiedTime":0,"isFile":false,"numberOfReplicas":0,"qualifiedName":"hdfs://demo.hortonworks.com:8020/hive_data/finance/tax_2009","description":null,"extendedAttributes":null,"path":"hdfs://demo.hortonworks.com:8020/hive_data/finance/tax_2009","posixPermissions":null,"createTime":0,"fileSize":0,"clusterName":"hdp","name":"/hive_data/finance/tax_2009","isSymlink":false,"group":null},"guid":"e2a266e6-b043-4ce7-ad99-df8f198f3def","status":"ACTIVE","createdBy":"hive","updatedBy":"admin","createTime":1511513317530,"updateTime":1523604597968,"version":0,"classifications":[]}}