{"referredEntities":{},"entity":{"typeName":"hive_column_lineage","attributes":{"owner":null,"outputs":[{"guid":"2e672c15-ec27-4281-83e6-c99d04cd2d93","typeName":"hive_column"}],"expression":null,"qualifiedName":"QUERY:hortoniabank.us_customers@hdp:1523603830000->:INSERT:hortoniabank.us_customers_trans@hdp:1523603916000:bloodtype","inputs":[{"guid":"47dc8ea5-0b57-47fd-93dd-2c0d9dcde632","typeName":"hive_column"}],"query":{"guid":"a894d186-47c4-4116-8741-4d0124e74a76","typeName":"hive_process"},"name":"insert into hortoniabank.us_customers_trans select * from hortoniabank.us_customers:bloodtype","description":null,"depenendencyType":"SIMPLE"},"guid":"e316e0de-a416-46ed-91e4-37ccd6ce8321","status":"ACTIVE","createdBy":"hive","updatedBy":"hive","createTime":1523603980233,"updateTime":1523603980233,"version":0,"classifications":[]}}