{"referredEntities":{},"entity":{"typeName":"hive_column_lineage","attributes":{"owner":null,"outputs":[{"guid":"82246eb6-c415-49d4-be9b-028d32442828","typeName":"hive_column"}],"expression":null,"qualifiedName":"claim.claims_view@hdp:1511511743000:eligibilitycode","inputs":[{"guid":"b2e0d2ac-1b29-48a9-b7d8-3c6dabf59e8c","typeName":"hive_column"}],"query":{"guid":"4ec0a67e-da9f-4421-9067-dd4dc81596e0","typeName":"hive_process"},"name":"create view if not exists claim.claims_view as select * from cost_savings.claim_savings:eligibilitycode","description":null,"depenendencyType":"SIMPLE"},"guid":"e32cdc79-ed20-4d2c-ad4e-fdc65869e996","status":"ACTIVE","createdBy":"hive","updatedBy":"admin","createTime":1511513329827,"updateTime":1523604597968,"version":0,"classifications":[]}}