{"referredEntities":{},"entity":{"typeName":"hive_column_lineage","attributes":{"owner":null,"outputs":[{"guid":"d508cd06-271c-4b81-9d60-f278997d1a7a","typeName":"hive_column"}],"expression":null,"qualifiedName":"claim.prov_view@hdp:1523603836000:averagetotalpayments","inputs":[{"guid":"a5c3e408-b709-4420-b6f3-dfaab304c584","typeName":"hive_column"}],"query":{"guid":"f93437bb-9d89-4a25-861e-7b33729c31d4","typeName":"hive_process"},"name":"create view if not exists claim.prov_view as select * from claim.provider_summary:averagetotalpayments","description":null,"depenendencyType":"SIMPLE"},"guid":"e352cb14-8afe-49d2-9fa2-396c942da860","status":"ACTIVE","createdBy":"hive","updatedBy":"hive","createTime":1523603855290,"updateTime":1523603855290,"version":0,"classifications":[]}}