{"referredEntities":{},"entity":{"typeName":"hive_column_lineage","attributes":{"owner":null,"outputs":[{"guid":"10c55f03-ad86-40b0-8c06-975d4e20c563","typeName":"hive_column"}],"expression":null,"qualifiedName":"QUERY:hortoniabank.ww_customers@hdp:1523603829000->:INSERT:hortoniabank.ww_customers_trans@hdp:1523603909000:countryfull","inputs":[{"guid":"7cc45128-b339-4c26-97bb-ed0c29ed2cf2","typeName":"hive_column"}],"query":{"guid":"92ff2bb9-5bdc-4405-b3d4-39c7c05c7a9d","typeName":"hive_process"},"name":"insert into hortoniabank.ww_customers_trans select * from hortoniabank.ww_customers:countryfull","description":null,"depenendencyType":"SIMPLE"},"guid":"e3a2c624-74b1-4364-a766-a3aeb0539647","status":"ACTIVE","createdBy":"hive","updatedBy":"hive","createTime":1523603925608,"updateTime":1523603925608,"version":0,"classifications":[]}}