{"referredEntities":{"d8d0ea1d-1597-4644-b97d-cd187c079805":{"typeName":"hive_column","attributes":{"owner":"hive","qualifiedName":"hortoniabank.us_customers.occupation@hdp","name":"occupation","description":null,"comment":null,"position":30,"type":"string","table":{"guid":"e3bb9a69-1e4e-4e50-b8af-9a81d757b0e1","typeName":"hive_table"}},"guid":"d8d0ea1d-1597-4644-b97d-cd187c079805","status":"ACTIVE","createdBy":"hive","updatedBy":"hive","createTime":1511513312836,"updateTime":1511513315011,"version":0,"classifications":[]},"f9736fc6-bbd4-41e8-b1b0-5f497625909b":{"typeName":"hive_column","attributes":{"owner":"hive","qualifiedName":"hortoniabank.us_customers.cctype@hdp","name":"cctype","description":null,"comment":null,"position":22,"type":"string","table":{"guid":"e3bb9a69-1e4e-4e50-b8af-9a81d757b0e1","typeName":"hive_table"}},"guid":"f9736fc6-bbd4-41e8-b1b0-5f497625909b","status":"ACTIVE","createdBy":"hive","updatedBy":"hive","createTime":1511513312836,"updateTime":1511513315011,"version":0,"classifications":[]},"6ec492af-3dc8-4367-afa4-fe4fe9c983f2":{"typeName":"hive_column","attributes":{"owner":"hive","qualifiedName":"hortoniabank.us_customers.city@hdp","name":"city","description":null,"comment":null,"position":7,"type":"string","table":{"guid":"e3bb9a69-1e4e-4e50-b8af-9a81d757b0e1","typeName":"hive_table"}},"guid":"6ec492af-3dc8-4367-afa4-fe4fe9c983f2","status":"ACTIVE","createdBy":"hive","updatedBy":"hive","createTime":1511513312836,"updateTime":1511513315011,"version":0,"classifications":[]},"8e5c5fd5-9210-4695-9059-cf9cd972cda6":{"typeName":"hive_column","attributes":{"owner":"hive","qualifiedName":"hortoniabank.us_customers.company@hdp","name":"company","description":null,"comment":null,"position":31,"type":"string","table":{"guid":"e3bb9a69-1e4e-4e50-b8af-9a81d757b0e1","typeName":"hive_table"}},"guid":"8e5c5fd5-9210-4695-9059-cf9cd972cda6","status":"ACTIVE","createdBy":"hive","updatedBy":"hive","createTime":1511513312836,"updateTime":1511513315011,"version":0,"classifications":[]},"d71e2859-d2b5-4b01-ac96-38673c901d2e":{"typeName":"hive_column","attributes":{"owner":"hive","qualifiedName":"hortoniabank.us_customers.surname@hdp","name":"surname","description":null,"comment":null,"position":5,"type":"string","table":{"guid":"e3bb9a69-1e4e-4e50-b8af-9a81d757b0e1","typeName":"hive_table"}},"guid":"d71e2859-d2b5-4b01-ac96-38673c901d2e","status":"ACTIVE","createdBy":"hive","updatedBy":"hive","createTime":1511513312836,"updateTime":1511513315011,"version":0,"classifications":[]},"4419051f-86ca-4fde-aee5-05c94e183eb5":{"typeName":"hive_column","attributes":{"owner":"hive","qualifiedName":"hortoniabank.us_customers.cvv2@hdp","name":"cvv2","description":null,"comment":null,"position":24,"type":"string","table":{"guid":"e3bb9a69-1e4e-4e50-b8af-9a81d757b0e1","typeName":"hive_table"}},"guid":"4419051f-86ca-4fde-aee5-05c94e183eb5","status":"ACTIVE","createdBy":"hive","updatedBy":"hive","createTime":1511513312836,"updateTime":1511513315011,"version":0,"classifications":[]},"e52971bc-fc6e-45b3-acce-6347a4d9ae57":{"typeName":"hive_column","attributes":{"owner":"hive","qualifiedName":"hortoniabank.us_customers.nationalid@hdp","name":"nationalid","description":null,"comment":null,"position":26,"type":"string","table":{"guid":"e3bb9a69-1e4e-4e50-b8af-9a81d757b0e1","typeName":"hive_table"}},"guid":"e52971bc-fc6e-45b3-acce-6347a4d9ae57","status":"ACTIVE","createdBy":"hive","updatedBy":"hive","createTime":1511513312836,"updateTime":1511513315011,"version":0,"classifications":[{"typeName":"PII","attributes":{"type":"ssn"}}]},"a60bb3a4-6bd5-4577-bfbf-42f5c6cf5e8f":{"typeName":"hive_column","attributes":{"owner":"hive","qualifiedName":"hortoniabank.us_customers.emailaddress@hdp","name":"emailaddress","description":null,"comment":null,"position":13,"type":"string","table":{"guid":"e3bb9a69-1e4e-4e50-b8af-9a81d757b0e1","typeName":"hive_table"}},"guid":"a60bb3a4-6bd5-4577-bfbf-42f5c6cf5e8f","status":"ACTIVE","createdBy":"hive","updatedBy":"hive","createTime":1511513312836,"updateTime":1511513315011,"version":0,"classifications":[]},"88eac1ac-36c2-4158-84d1-3f6084c43c6b":{"typeName":"hive_column","attributes":{"owner":"hive","qualifiedName":"hortoniabank.us_customers.latitude@hdp","name":"latitude","description":null,"comment":null,"position":37,"type":"double","table":{"guid":"e3bb9a69-1e4e-4e50-b8af-9a81d757b0e1","typeName":"hive_table"}},"guid":"88eac1ac-36c2-4158-84d1-3f6084c43c6b","status":"ACTIVE","createdBy":"hive","updatedBy":"hive","createTime":1511513312836,"updateTime":1511513315011,"version":0,"classifications":[]},"265d3d46-3242-4551-8efd-932fe709deef":{"typeName":"hive_column","attributes":{"owner":"hive","qualifiedName":"hortoniabank.us_customers.age@hdp","name":"age","description":null,"comment":null,"position":20,"type":"int","table":{"guid":"e3bb9a69-1e4e-4e50-b8af-9a81d757b0e1","typeName":"hive_table"}},"guid":"265d3d46-3242-4551-8efd-932fe709deef","status":"ACTIVE","createdBy":"hive","updatedBy":"hive","createTime":1511513312836,"updateTime":1511513315011,"version":0,"classifications":[]},"07e357b0-9b20-4415-84ff-de506674803f":{"typeName":"hive_column","attributes":{"owner":"hive","qualifiedName":"hortoniabank.us_customers.country@hdp","name":"country","description":null,"comment":null,"position":11,"type":"string","table":{"guid":"e3bb9a69-1e4e-4e50-b8af-9a81d757b0e1","typeName":"hive_table"}},"guid":"07e357b0-9b20-4415-84ff-de506674803f","status":"ACTIVE","createdBy":"hive","updatedBy":"hive","createTime":1511513312836,"updateTime":1511513315011,"version":0,"classifications":[]},"cb15f658-b595-4069-b4ed-4c60697d3d44":{"typeName":"hive_column","attributes":{"owner":"hive","qualifiedName":"hortoniabank.us_customers.ccexpires@hdp","name":"ccexpires","description":null,"comment":null,"position":25,"type":"string","table":{"guid":"e3bb9a69-1e4e-4e50-b8af-9a81d757b0e1","typeName":"hive_table"}},"guid":"cb15f658-b595-4069-b4ed-4c60697d3d44","status":"ACTIVE","createdBy":"hive","updatedBy":"hive","createTime":1511513312836,"updateTime":1511513315011,"version":0,"classifications":[]},"1e904a8c-378e-4d8b-be30-dc488d176ed0":{"typeName":"hive_column","attributes":{"owner":"hive","qualifiedName":"hortoniabank.us_customers.telephonenumber@hdp","name":"telephonenumber","description":null,"comment":null,"position":16,"type":"string","table":{"guid":"e3bb9a69-1e4e-4e50-b8af-9a81d757b0e1","typeName":"hive_table"}},"guid":"1e904a8c-378e-4d8b-be30-dc488d176ed0","status":"ACTIVE","createdBy":"hive","updatedBy":"hive","createTime":1511513312836,"updateTime":1511513315011,"version":0,"classifications":[]},"5756dbf6-8842-4859-b94c-7c23e3270351":{"typeName":"hive_column","attributes":{"owner":"hive","qualifiedName":"hortoniabank.us_customers.number@hdp","name":"number","description":null,"comment":null,"position":0,"type":"string","table":{"guid":"e3bb9a69-1e4e-4e50-b8af-9a81d757b0e1","typeName":"hive_table"}},"guid":"5756dbf6-8842-4859-b94c-7c23e3270351","status":"ACTIVE","createdBy":"hive","updatedBy":"hive","createTime":1511513312836,"updateTime":1511513315011,"version":0,"classifications":[]},"313d319b-926c-4dfe-8116-06dfbb89473d":{"typeName":"hive_column","attributes":{"owner":"hive","qualifiedName":"hortoniabank.us_customers.gender@hdp","name":"gender","description":null,"comment":null,"position":1,"type":"string","table":{"guid":"e3bb9a69-1e4e-4e50-b8af-9a81d757b0e1","typeName":"hive_table"}},"guid":"313d319b-926c-4dfe-8116-06dfbb89473d","status":"ACTIVE","createdBy":"hive","updatedBy":"hive","createTime":1511513312836,"updateTime":1511513315011,"version":0,"classifications":[]},"962cbaa7-9f3b-4ef9-ac0c-7bae90ab44d8":{"typeName":"hive_column","attributes":{"owner":"hive","qualifiedName":"hortoniabank.us_customers.weight@hdp","name":"weight","description":null,"comment":null,"position":35,"type":"double","table":{"guid":"e3bb9a69-1e4e-4e50-b8af-9a81d757b0e1","typeName":"hive_table"}},"guid":"962cbaa7-9f3b-4ef9-ac0c-7bae90ab44d8","status":"ACTIVE","createdBy":"hive","updatedBy":"hive","createTime":1511513312836,"updateTime":1511513315011,"version":0,"classifications":[]},"e10d30a4-4e36-48f9-8a6c-a11c82f6f2ff":{"typeName":"hive_column","attributes":{"owner":"hive","qualifiedName":"hortoniabank.us_customers.state@hdp","name":"state","description":null,"comment":null,"position":8,"type":"string","table":{"guid":"e3bb9a69-1e4e-4e50-b8af-9a81d757b0e1","typeName":"hive_table"}},"guid":"e10d30a4-4e36-48f9-8a6c-a11c82f6f2ff","status":"ACTIVE","createdBy":"hive","updatedBy":"hive","createTime":1511513312836,"updateTime":1511513315011,"version":0,"classifications":[]},"9325713c-aefe-4ea5-8615-02baa44d4b1d":{"typeName":"hive_column","attributes":{"owner":"hive","qualifiedName":"hortoniabank.us_customers.title@hdp","name":"title","description":null,"comment":null,"position":2,"type":"string","table":{"guid":"e3bb9a69-1e4e-4e50-b8af-9a81d757b0e1","typeName":"hive_table"}},"guid":"9325713c-aefe-4ea5-8615-02baa44d4b1d","status":"ACTIVE","createdBy":"hive","updatedBy":"hive","createTime":1511513312836,"updateTime":1511513315011,"version":0,"classifications":[]},"1730b62c-c3b8-447e-a805-4d6039aea9c5":{"typeName":"hive_column","attributes":{"owner":"hive","qualifiedName":"hortoniabank.us_customers.username@hdp","name":"username","description":null,"comment":null,"position":14,"type":"string","table":{"guid":"e3bb9a69-1e4e-4e50-b8af-9a81d757b0e1","typeName":"hive_table"}},"guid":"1730b62c-c3b8-447e-a805-4d6039aea9c5","status":"ACTIVE","createdBy":"hive","updatedBy":"hive","createTime":1511513312836,"updateTime":1511513315011,"version":0,"classifications":[]},"fbb41648-1435-4ba6-8623-2b0b05005d70":{"typeName":"hive_column","attributes":{"owner":"hive","qualifiedName":"hortoniabank.us_customers.telephonecountrycode@hdp","name":"telephonecountrycode","description":null,"comment":null,"position":17,"type":"string","table":{"guid":"e3bb9a69-1e4e-4e50-b8af-9a81d757b0e1","typeName":"hive_table"}},"guid":"fbb41648-1435-4ba6-8623-2b0b05005d70","status":"ACTIVE","createdBy":"hive","updatedBy":"hive","createTime":1511513312836,"updateTime":1511513315011,"version":0,"classifications":[]},"2daddc2f-ac76-4191-a3af-f67ef987da92":{"typeName":"hive_column","attributes":{"owner":"hive","qualifiedName":"hortoniabank.us_customers.middleinitial@hdp","name":"middleinitial","description":null,"comment":null,"position":4,"type":"string","table":{"guid":"e3bb9a69-1e4e-4e50-b8af-9a81d757b0e1","typeName":"hive_table"}},"guid":"2daddc2f-ac76-4191-a3af-f67ef987da92","status":"ACTIVE","createdBy":"hive","updatedBy":"hive","createTime":1511513312836,"updateTime":1511513315011,"version":0,"classifications":[]},"30fff22b-8b4c-4680-be9f-0d28eabf0e38":{"typeName":"hive_column","attributes":{"owner":"hive","qualifiedName":"hortoniabank.us_customers.statefull@hdp","name":"statefull","description":null,"comment":null,"position":9,"type":"string","table":{"guid":"e3bb9a69-1e4e-4e50-b8af-9a81d757b0e1","typeName":"hive_table"}},"guid":"30fff22b-8b4c-4680-be9f-0d28eabf0e38","status":"ACTIVE","createdBy":"hive","updatedBy":"hive","createTime":1511513312836,"updateTime":1511513315011,"version":0,"classifications":[]},"8a794654-e222-4b3c-856e-fa638052a946":{"typeName":"hive_column","attributes":{"owner":"hive","qualifiedName":"hortoniabank.us_customers.mothersmaiden@hdp","name":"mothersmaiden","description":null,"comment":null,"position":18,"type":"string","table":{"guid":"e3bb9a69-1e4e-4e50-b8af-9a81d757b0e1","typeName":"hive_table"}},"guid":"8a794654-e222-4b3c-856e-fa638052a946","status":"ACTIVE","createdBy":"hive","updatedBy":"hive","createTime":1511513312836,"updateTime":1511513315011,"version":0,"classifications":[]},"db5b8e0e-92eb-44c6-8369-d77c8b890931":{"typeName":"hive_column","attributes":{"owner":"hive","qualifiedName":"hortoniabank.us_customers.givenname@hdp","name":"givenname","description":null,"comment":null,"position":3,"type":"string","table":{"guid":"e3bb9a69-1e4e-4e50-b8af-9a81d757b0e1","typeName":"hive_table"}},"guid":"db5b8e0e-92eb-44c6-8369-d77c8b890931","status":"ACTIVE","createdBy":"hive","updatedBy":"hive","createTime":1511513312836,"updateTime":1511513315011,"version":0,"classifications":[]},"7ab78858-9ed7-4292-b6af-0a051aa95c48":{"typeName":"hive_column","attributes":{"owner":"hive","qualifiedName":"hortoniabank.us_customers.vehicle@hdp","name":"vehicle","description":null,"comment":null,"position":32,"type":"string","table":{"guid":"e3bb9a69-1e4e-4e50-b8af-9a81d757b0e1","typeName":"hive_table"}},"guid":"7ab78858-9ed7-4292-b6af-0a051aa95c48","status":"ACTIVE","createdBy":"hive","updatedBy":"hive","createTime":1511513312836,"updateTime":1511513315011,"version":0,"classifications":[]},"6a6fcc8e-fda9-404a-bf2e-2d1fc6a3bb7e":{"typeName":"hive_column","attributes":{"owner":"hive","qualifiedName":"hortoniabank.us_customers.insuranceid@hdp","name":"insuranceid","description":null,"comment":null,"position":28,"type":"string","table":{"guid":"e3bb9a69-1e4e-4e50-b8af-9a81d757b0e1","typeName":"hive_table"}},"guid":"6a6fcc8e-fda9-404a-bf2e-2d1fc6a3bb7e","status":"ACTIVE","createdBy":"hive","updatedBy":"hive","createTime":1511513312836,"updateTime":1511513315011,"version":0,"classifications":[]},"73e17458-c3e1-4adb-8f5e-330e8d5cee0e":{"typeName":"hive_column","attributes":{"owner":"hive","qualifiedName":"hortoniabank.us_customers.ccnumber@hdp","name":"ccnumber","description":null,"comment":null,"position":23,"type":"string","table":{"guid":"e3bb9a69-1e4e-4e50-b8af-9a81d757b0e1","typeName":"hive_table"}},"guid":"73e17458-c3e1-4adb-8f5e-330e8d5cee0e","status":"ACTIVE","createdBy":"hive","updatedBy":"hive","createTime":1511513312836,"updateTime":1511513315011,"version":0,"classifications":[]},"6c8f33df-bbe3-43d3-baea-bd995ead032c":{"typeName":"hive_column","attributes":{"owner":"hive","qualifiedName":"hortoniabank.us_customers.bloodtype@hdp","name":"bloodtype","description":null,"comment":null,"position":34,"type":"string","table":{"guid":"e3bb9a69-1e4e-4e50-b8af-9a81d757b0e1","typeName":"hive_table"}},"guid":"6c8f33df-bbe3-43d3-baea-bd995ead032c","status":"ACTIVE","createdBy":"hive","updatedBy":"hive","createTime":1511513312836,"updateTime":1511513315011,"version":0,"classifications":[]},"47611493-2ec8-4fba-bc93-f523aa4ad52f":{"typeName":"hive_column","attributes":{"owner":"hive","qualifiedName":"hortoniabank.us_customers.password@hdp","name":"password","description":null,"comment":null,"position":15,"type":"string","table":{"guid":"e3bb9a69-1e4e-4e50-b8af-9a81d757b0e1","typeName":"hive_table"}},"guid":"47611493-2ec8-4fba-bc93-f523aa4ad52f","status":"ACTIVE","createdBy":"hive","updatedBy":"hive","createTime":1511513312836,"updateTime":1511513315011,"version":0,"classifications":[{"typeName":"PII","attributes":{"type":"Password"}}]},"0aafcfa2-833a-456b-9ae3-6413c345af6b":{"typeName":"hive_storagedesc","attributes":{"bucketCols":null,"qualifiedName":"hortoniabank.us_customers@hdp_storage","sortCols":null,"storedAsSubDirectories":false,"location":"hdfs://demo.hortonworks.com:8020/hive_data/hortoniabank/us_customers","compressed":false,"inputFormat":"org.apache.hadoop.mapred.TextInputFormat","outputFormat":"org.apache.hadoop.hive.ql.io.HiveIgnoreKeyTextOutputFormat","parameters":null,"table":{"guid":"e3bb9a69-1e4e-4e50-b8af-9a81d757b0e1","typeName":"hive_table"},"serdeInfo":{"typeName":"hive_serde","attributes":{"serializationLib":"org.apache.hadoop.hive.serde2.lazy.LazySimpleSerDe","name":null,"parameters":{"serialization.format":",","field.delim":","}}},"numBuckets":-1},"guid":"0aafcfa2-833a-456b-9ae3-6413c345af6b","status":"ACTIVE","createdBy":"hive","updatedBy":"hive","createTime":1511513312836,"updateTime":1511513315011,"version":0,"classifications":[]},"a64133f7-996a-4857-9ee9-c9c696914dcc":{"typeName":"hive_column","attributes":{"owner":"hive","qualifiedName":"hortoniabank.us_customers.eyecolor@hdp","name":"eyecolor","description":null,"comment":null,"position":29,"type":"string","table":{"guid":"e3bb9a69-1e4e-4e50-b8af-9a81d757b0e1","typeName":"hive_table"}},"guid":"a64133f7-996a-4857-9ee9-c9c696914dcc","status":"ACTIVE","createdBy":"hive","updatedBy":"hive","createTime":1511513312836,"updateTime":1511513315011,"version":0,"classifications":[]},"5d201611-13aa-4f5a-8049-49c44502dabe":{"typeName":"hive_column","attributes":{"owner":"hive","qualifiedName":"hortoniabank.us_customers.tropicalzodiac@hdp","name":"tropicalzodiac","description":null,"comment":null,"position":21,"type":"string","table":{"guid":"e3bb9a69-1e4e-4e50-b8af-9a81d757b0e1","typeName":"hive_table"}},"guid":"5d201611-13aa-4f5a-8049-49c44502dabe","status":"ACTIVE","createdBy":"hive","updatedBy":"hive","createTime":1511513312836,"updateTime":1511513315011,"version":0,"classifications":[]},"1dc02908-94bf-439e-a1c7-0b52d0797ff7":{"typeName":"hive_column","attributes":{"owner":"hive","qualifiedName":"hortoniabank.us_customers.longitude@hdp","name":"longitude","description":null,"comment":null,"position":38,"type":"double","table":{"guid":"e3bb9a69-1e4e-4e50-b8af-9a81d757b0e1","typeName":"hive_table"}},"guid":"1dc02908-94bf-439e-a1c7-0b52d0797ff7","status":"ACTIVE","createdBy":"hive","updatedBy":"hive","createTime":1511513312836,"updateTime":1511513315011,"version":0,"classifications":[]},"2fce004e-a8ad-4f0e-9d58-ad5bda6199f0":{"typeName":"hive_column","attributes":{"owner":"hive","qualifiedName":"hortoniabank.us_customers.birthday@hdp","name":"birthday","description":null,"comment":null,"position":19,"type":"string","table":{"guid":"e3bb9a69-1e4e-4e50-b8af-9a81d757b0e1","typeName":"hive_table"}},"guid":"2fce004e-a8ad-4f0e-9d58-ad5bda6199f0","status":"ACTIVE","createdBy":"hive","updatedBy":"hive","createTime":1511513312836,"updateTime":1511513315011,"version":0,"classifications":[]},"f7ee9dd4-9179-4a87-aedd-3f537d6c04fd":{"typeName":"hive_column","attributes":{"owner":"hive","qualifiedName":"hortoniabank.us_customers.mrn@hdp","name":"mrn","description":null,"comment":null,"position":27,"type":"string","table":{"guid":"e3bb9a69-1e4e-4e50-b8af-9a81d757b0e1","typeName":"hive_table"}},"guid":"f7ee9dd4-9179-4a87-aedd-3f537d6c04fd","status":"ACTIVE","createdBy":"hive","updatedBy":"hive","createTime":1511513312836,"updateTime":1511513315011,"version":0,"classifications":[{"typeName":"PII","attributes":{"type":"MRN"}}]},"b7d187a9-b0c8-46c6-bf50-ae7b35d84700":{"typeName":"hive_column","attributes":{"owner":"hive","qualifiedName":"hortoniabank.us_customers.streetaddress@hdp","name":"streetaddress","description":null,"comment":null,"position":6,"type":"string","table":{"guid":"e3bb9a69-1e4e-4e50-b8af-9a81d757b0e1","typeName":"hive_table"}},"guid":"b7d187a9-b0c8-46c6-bf50-ae7b35d84700","status":"ACTIVE","createdBy":"hive","updatedBy":"hive","createTime":1511513312836,"updateTime":1511513315011,"version":0,"classifications":[]},"d6c1cb67-4531-4141-8c29-5ad75de38841":{"typeName":"hive_column","attributes":{"owner":"hive","qualifiedName":"hortoniabank.us_customers.zipcode@hdp","name":"zipcode","description":null,"comment":null,"position":10,"type":"string","table":{"guid":"e3bb9a69-1e4e-4e50-b8af-9a81d757b0e1","typeName":"hive_table"}},"guid":"d6c1cb67-4531-4141-8c29-5ad75de38841","status":"ACTIVE","createdBy":"hive","updatedBy":"hive","createTime":1511513312836,"updateTime":1511513315011,"version":0,"classifications":[]},"e9acdfa5-e458-4e23-aead-fb0d6b49f9e1":{"typeName":"hive_column","attributes":{"owner":"hive","qualifiedName":"hortoniabank.us_customers.countryfull@hdp","name":"countryfull","description":null,"comment":null,"position":12,"type":"string","table":{"guid":"e3bb9a69-1e4e-4e50-b8af-9a81d757b0e1","typeName":"hive_table"}},"guid":"e9acdfa5-e458-4e23-aead-fb0d6b49f9e1","status":"ACTIVE","createdBy":"hive","updatedBy":"hive","createTime":1511513312836,"updateTime":1511513315011,"version":0,"classifications":[]},"a0c8b64c-6bcd-40f0-814c-45feaf432b8d":{"typeName":"hive_column","attributes":{"owner":"hive","qualifiedName":"hortoniabank.us_customers.domain@hdp","name":"domain","description":null,"comment":null,"position":33,"type":"string","table":{"guid":"e3bb9a69-1e4e-4e50-b8af-9a81d757b0e1","typeName":"hive_table"}},"guid":"a0c8b64c-6bcd-40f0-814c-45feaf432b8d","status":"ACTIVE","createdBy":"hive","updatedBy":"hive","createTime":1511513312836,"updateTime":1511513315011,"version":0,"classifications":[]},"e8815b16-981f-4468-9c55-8c41fe9f19ef":{"typeName":"hive_column","attributes":{"owner":"hive","qualifiedName":"hortoniabank.us_customers.height@hdp","name":"height","description":null,"comment":null,"position":36,"type":"int","table":{"guid":"e3bb9a69-1e4e-4e50-b8af-9a81d757b0e1","typeName":"hive_table"}},"guid":"e8815b16-981f-4468-9c55-8c41fe9f19ef","status":"ACTIVE","createdBy":"hive","updatedBy":"hive","createTime":1511513312836,"updateTime":1511513315011,"version":0,"classifications":[]}},"entity":{"typeName":"hive_table","attributes":{"owner":"hive","temporary":false,"lastAccessTime":1511511739000,"aliases":null,"qualifiedName":"hortoniabank.us_customers@hdp","columns":[{"guid":"5756dbf6-8842-4859-b94c-7c23e3270351","typeName":"hive_column"},{"guid":"313d319b-926c-4dfe-8116-06dfbb89473d","typeName":"hive_column"},{"guid":"9325713c-aefe-4ea5-8615-02baa44d4b1d","typeName":"hive_column"},{"guid":"db5b8e0e-92eb-44c6-8369-d77c8b890931","typeName":"hive_column"},{"guid":"2daddc2f-ac76-4191-a3af-f67ef987da92","typeName":"hive_column"},{"guid":"d71e2859-d2b5-4b01-ac96-38673c901d2e","typeName":"hive_column"},{"guid":"b7d187a9-b0c8-46c6-bf50-ae7b35d84700","typeName":"hive_column"},{"guid":"6ec492af-3dc8-4367-afa4-fe4fe9c983f2","typeName":"hive_column"},{"guid":"e10d30a4-4e36-48f9-8a6c-a11c82f6f2ff","typeName":"hive_column"},{"guid":"30fff22b-8b4c-4680-be9f-0d28eabf0e38","typeName":"hive_column"},{"guid":"d6c1cb67-4531-4141-8c29-5ad75de38841","typeName":"hive_column"},{"guid":"07e357b0-9b20-4415-84ff-de506674803f","typeName":"hive_column"},{"guid":"e9acdfa5-e458-4e23-aead-fb0d6b49f9e1","typeName":"hive_column"},{"guid":"a60bb3a4-6bd5-4577-bfbf-42f5c6cf5e8f","typeName":"hive_column"},{"guid":"1730b62c-c3b8-447e-a805-4d6039aea9c5","typeName":"hive_column"},{"guid":"47611493-2ec8-4fba-bc93-f523aa4ad52f","typeName":"hive_column"},{"guid":"1e904a8c-378e-4d8b-be30-dc488d176ed0","typeName":"hive_column"},{"guid":"fbb41648-1435-4ba6-8623-2b0b05005d70","typeName":"hive_column"},{"guid":"8a794654-e222-4b3c-856e-fa638052a946","typeName":"hive_column"},{"guid":"2fce004e-a8ad-4f0e-9d58-ad5bda6199f0","typeName":"hive_column"},{"guid":"265d3d46-3242-4551-8efd-932fe709deef","typeName":"hive_column"},{"guid":"5d201611-13aa-4f5a-8049-49c44502dabe","typeName":"hive_column"},{"guid":"f9736fc6-bbd4-41e8-b1b0-5f497625909b","typeName":"hive_column"},{"guid":"73e17458-c3e1-4adb-8f5e-330e8d5cee0e","typeName":"hive_column"},{"guid":"4419051f-86ca-4fde-aee5-05c94e183eb5","typeName":"hive_column"},{"guid":"cb15f658-b595-4069-b4ed-4c60697d3d44","typeName":"hive_column"},{"guid":"e52971bc-fc6e-45b3-acce-6347a4d9ae57","typeName":"hive_column"},{"guid":"f7ee9dd4-9179-4a87-aedd-3f537d6c04fd","typeName":"hive_column"},{"guid":"6a6fcc8e-fda9-404a-bf2e-2d1fc6a3bb7e","typeName":"hive_column"},{"guid":"a64133f7-996a-4857-9ee9-c9c696914dcc","typeName":"hive_column"},{"guid":"d8d0ea1d-1597-4644-b97d-cd187c079805","typeName":"hive_column"},{"guid":"8e5c5fd5-9210-4695-9059-cf9cd972cda6","typeName":"hive_column"},{"guid":"7ab78858-9ed7-4292-b6af-0a051aa95c48","typeName":"hive_column"},{"guid":"a0c8b64c-6bcd-40f0-814c-45feaf432b8d","typeName":"hive_column"},{"guid":"6c8f33df-bbe3-43d3-baea-bd995ead032c","typeName":"hive_column"},{"guid":"962cbaa7-9f3b-4ef9-ac0c-7bae90ab44d8","typeName":"hive_column"},{"guid":"e8815b16-981f-4468-9c55-8c41fe9f19ef","typeName":"hive_column"},{"guid":"88eac1ac-36c2-4158-84d1-3f6084c43c6b","typeName":"hive_column"},{"guid":"1dc02908-94bf-439e-a1c7-0b52d0797ff7","typeName":"hive_column"}],"description":null,"viewExpandedText":null,"sd":{"guid":"0aafcfa2-833a-456b-9ae3-6413c345af6b","typeName":"hive_storagedesc"},"tableType":"EXTERNAL_TABLE","createTime":1511511739000,"name":"us_customers","comment":null,"partitionKeys":null,"parameters":{"transient_lastDdlTime":"1511511739","totalSize":"17889088","EXTERNAL":"TRUE","numFiles":"1"},"db":{"guid":"ddc8acbb-b10e-4d4d-83a8-3b2cd9e30363","typeName":"hive_db"},"retention":0,"viewOriginalText":null},"guid":"e3bb9a69-1e4e-4e50-b8af-9a81d757b0e1","status":"ACTIVE","createdBy":"hive","updatedBy":"hive","createTime":1511513312836,"updateTime":1511513315011,"version":0,"classifications":[]}}