{"referredEntities":{"861a77d1-02e1-4222-98cd-93e62f15d2fb":{"typeName":"hive_column","attributes":{"owner":"hive","qualifiedName":"hortoniabank.ww_customers.vehicle@hdp","name":"vehicle","description":null,"comment":null,"position":33,"type":"string","table":{"guid":"e585ece3-de24-49e8-8da3-1381d9d7da56","typeName":"hive_table"}},"guid":"861a77d1-02e1-4222-98cd-93e62f15d2fb","status":"ACTIVE","createdBy":"hive","updatedBy":"hive","createTime":1511513308481,"updateTime":1511513311243,"version":0,"classifications":[]},"33776e87-10a0-416f-8506-0e97284d9698":{"typeName":"hive_column","attributes":{"owner":"hive","qualifiedName":"hortoniabank.ww_customers.city@hdp","name":"city","description":null,"comment":null,"position":8,"type":"string","table":{"guid":"e585ece3-de24-49e8-8da3-1381d9d7da56","typeName":"hive_table"}},"guid":"33776e87-10a0-416f-8506-0e97284d9698","status":"ACTIVE","createdBy":"hive","updatedBy":"hive","createTime":1511513308481,"updateTime":1511513311243,"version":0,"classifications":[]},"2201d0d7-d8fe-41ee-bc8a-fa4e7cf63d55":{"typeName":"hive_column","attributes":{"owner":"hive","qualifiedName":"hortoniabank.ww_customers.password@hdp","name":"password","description":null,"comment":null,"position":16,"type":"string","table":{"guid":"e585ece3-de24-49e8-8da3-1381d9d7da56","typeName":"hive_table"}},"guid":"2201d0d7-d8fe-41ee-bc8a-fa4e7cf63d55","status":"ACTIVE","createdBy":"hive","updatedBy":"hive","createTime":1511513308481,"updateTime":1511513311243,"version":0,"classifications":[]},"6e52a516-7039-4c7e-9a98-fd87b927bf27":{"typeName":"hive_column","attributes":{"owner":"hive","qualifiedName":"hortoniabank.ww_customers.bloodtype@hdp","name":"bloodtype","description":null,"comment":null,"position":35,"type":"string","table":{"guid":"e585ece3-de24-49e8-8da3-1381d9d7da56","typeName":"hive_table"}},"guid":"6e52a516-7039-4c7e-9a98-fd87b927bf27","status":"ACTIVE","createdBy":"hive","updatedBy":"hive","createTime":1511513308481,"updateTime":1511513311243,"version":0,"classifications":[]},"0151b86a-ead2-44c9-86a6-b39e16e7de73":{"typeName":"hive_column","attributes":{"owner":"hive","qualifiedName":"hortoniabank.ww_customers.gender@hdp","name":"gender","description":null,"comment":null,"position":0,"type":"string","table":{"guid":"e585ece3-de24-49e8-8da3-1381d9d7da56","typeName":"hive_table"}},"guid":"0151b86a-ead2-44c9-86a6-b39e16e7de73","status":"ACTIVE","createdBy":"hive","updatedBy":"hive","createTime":1511513308481,"updateTime":1511513311243,"version":0,"classifications":[]},"9aef7d63-90cd-4e29-bf65-c144fa3300fc":{"typeName":"hive_column","attributes":{"owner":"hive","qualifiedName":"hortoniabank.ww_customers.number@hdp","name":"number","description":null,"comment":null,"position":5,"type":"int","table":{"guid":"e585ece3-de24-49e8-8da3-1381d9d7da56","typeName":"hive_table"}},"guid":"9aef7d63-90cd-4e29-bf65-c144fa3300fc","status":"ACTIVE","createdBy":"hive","updatedBy":"hive","createTime":1511513308481,"updateTime":1511513311243,"version":0,"classifications":[]},"a18ab53a-fd68-47bb-b9fb-fc02d433dfbd":{"typeName":"hive_column","attributes":{"owner":"hive","qualifiedName":"hortoniabank.ww_customers.surname@hdp","name":"surname","description":null,"comment":null,"position":4,"type":"string","table":{"guid":"e585ece3-de24-49e8-8da3-1381d9d7da56","typeName":"hive_table"}},"guid":"a18ab53a-fd68-47bb-b9fb-fc02d433dfbd","status":"ACTIVE","createdBy":"hive","updatedBy":"hive","createTime":1511513308481,"updateTime":1511513311243,"version":0,"classifications":[]},"e76baf18-23f7-4a6a-a61f-2383ff4a2c71":{"typeName":"hive_column","attributes":{"owner":"hive","qualifiedName":"hortoniabank.ww_customers.mothersmaiden@hdp","name":"mothersmaiden","description":null,"comment":null,"position":19,"type":"string","table":{"guid":"e585ece3-de24-49e8-8da3-1381d9d7da56","typeName":"hive_table"}},"guid":"e76baf18-23f7-4a6a-a61f-2383ff4a2c71","status":"ACTIVE","createdBy":"hive","updatedBy":"hive","createTime":1511513308481,"updateTime":1511513311243,"version":0,"classifications":[]},"ce3aa17c-0e17-4944-a759-1daafc1643af":{"typeName":"hive_column","attributes":{"owner":"hive","qualifiedName":"hortoniabank.ww_customers.countryfull@hdp","name":"countryfull","description":null,"comment":null,"position":13,"type":"string","table":{"guid":"e585ece3-de24-49e8-8da3-1381d9d7da56","typeName":"hive_table"}},"guid":"ce3aa17c-0e17-4944-a759-1daafc1643af","status":"ACTIVE","createdBy":"hive","updatedBy":"hive","createTime":1511513308481,"updateTime":1511513311243,"version":0,"classifications":[]},"c19e320b-b0d0-47b0-bdf8-9eed9af084c0":{"typeName":"hive_column","attributes":{"owner":"hive","qualifiedName":"hortoniabank.ww_customers.emailaddress@hdp","name":"emailaddress","description":null,"comment":null,"position":14,"type":"string","table":{"guid":"e585ece3-de24-49e8-8da3-1381d9d7da56","typeName":"hive_table"}},"guid":"c19e320b-b0d0-47b0-bdf8-9eed9af084c0","status":"ACTIVE","createdBy":"hive","updatedBy":"hive","createTime":1511513308481,"updateTime":1511513311243,"version":0,"classifications":[{"typeName":"PII","attributes":{"type":"Email"}}]},"d892f6af-ac6a-48dd-9c0a-03782ea418f0":{"typeName":"hive_column","attributes":{"owner":"hive","qualifiedName":"hortoniabank.ww_customers.telephonecountrycode@hdp","name":"telephonecountrycode","description":null,"comment":null,"position":18,"type":"int","table":{"guid":"e585ece3-de24-49e8-8da3-1381d9d7da56","typeName":"hive_table"}},"guid":"d892f6af-ac6a-48dd-9c0a-03782ea418f0","status":"ACTIVE","createdBy":"hive","updatedBy":"hive","createTime":1511513308481,"updateTime":1511513311243,"version":0,"classifications":[]},"06b12b39-6307-4e0f-9d9f-e0f45acaf707":{"typeName":"hive_column","attributes":{"owner":"hive","qualifiedName":"hortoniabank.ww_customers.longitude@hdp","name":"longitude","description":null,"comment":null,"position":39,"type":"double","table":{"guid":"e585ece3-de24-49e8-8da3-1381d9d7da56","typeName":"hive_table"}},"guid":"06b12b39-6307-4e0f-9d9f-e0f45acaf707","status":"ACTIVE","createdBy":"hive","updatedBy":"hive","createTime":1511513308481,"updateTime":1511513311243,"version":0,"classifications":[]},"c305ebe0-dba9-4a91-b072-b7ed2890f9a7":{"typeName":"hive_column","attributes":{"owner":"hive","qualifiedName":"hortoniabank.ww_customers.givenname@hdp","name":"givenname","description":null,"comment":null,"position":2,"type":"string","table":{"guid":"e585ece3-de24-49e8-8da3-1381d9d7da56","typeName":"hive_table"}},"guid":"c305ebe0-dba9-4a91-b072-b7ed2890f9a7","status":"ACTIVE","createdBy":"hive","updatedBy":"hive","createTime":1511513308481,"updateTime":1511513311243,"version":0,"classifications":[]},"9b6339b6-1012-476d-a79e-cfdc6a0bcf9f":{"typeName":"hive_column","attributes":{"owner":"hive","qualifiedName":"hortoniabank.ww_customers.statefull@hdp","name":"statefull","description":null,"comment":null,"position":10,"type":"string","table":{"guid":"e585ece3-de24-49e8-8da3-1381d9d7da56","typeName":"hive_table"}},"guid":"9b6339b6-1012-476d-a79e-cfdc6a0bcf9f","status":"ACTIVE","createdBy":"hive","updatedBy":"hive","createTime":1511513308481,"updateTime":1511513311243,"version":0,"classifications":[]},"fe975107-c0c8-4949-a7b9-851d84aa9ff8":{"typeName":"hive_column","attributes":{"owner":"hive","qualifiedName":"hortoniabank.ww_customers.nationalid@hdp","name":"nationalid","description":null,"comment":null,"position":27,"type":"string","table":{"guid":"e585ece3-de24-49e8-8da3-1381d9d7da56","typeName":"hive_table"}},"guid":"fe975107-c0c8-4949-a7b9-851d84aa9ff8","status":"ACTIVE","createdBy":"hive","updatedBy":"hive","createTime":1511513308481,"updateTime":1511513311243,"version":0,"classifications":[{"typeName":"PII","attributes":{"type":"ssn"}}]},"85ef7994-2425-4e6e-b243-5403edaa3c3a":{"typeName":"hive_column","attributes":{"owner":"hive","qualifiedName":"hortoniabank.ww_customers.streetaddress@hdp","name":"streetaddress","description":null,"comment":null,"position":7,"type":"string","table":{"guid":"e585ece3-de24-49e8-8da3-1381d9d7da56","typeName":"hive_table"}},"guid":"85ef7994-2425-4e6e-b243-5403edaa3c3a","status":"ACTIVE","createdBy":"hive","updatedBy":"hive","createTime":1511513308481,"updateTime":1511513311243,"version":0,"classifications":[]},"43e1673b-bea1-4683-bba3-9f9bcd97894e":{"typeName":"hive_column","attributes":{"owner":"hive","qualifiedName":"hortoniabank.ww_customers.middleinitial@hdp","name":"middleinitial","description":null,"comment":null,"position":3,"type":"string","table":{"guid":"e585ece3-de24-49e8-8da3-1381d9d7da56","typeName":"hive_table"}},"guid":"43e1673b-bea1-4683-bba3-9f9bcd97894e","status":"ACTIVE","createdBy":"hive","updatedBy":"hive","createTime":1511513308481,"updateTime":1511513311243,"version":0,"classifications":[]},"aee24c5c-28e6-4739-bfcd-d3f23876e673":{"typeName":"hive_column","attributes":{"owner":"hive","qualifiedName":"hortoniabank.ww_customers.ccexpires@hdp","name":"ccexpires","description":null,"comment":null,"position":26,"type":"string","table":{"guid":"e585ece3-de24-49e8-8da3-1381d9d7da56","typeName":"hive_table"}},"guid":"aee24c5c-28e6-4739-bfcd-d3f23876e673","status":"ACTIVE","createdBy":"hive","updatedBy":"hive","createTime":1511513308481,"updateTime":1511513311243,"version":0,"classifications":[]},"8b092024-017d-4ec0-9fb3-89132c718e6d":{"typeName":"hive_column","attributes":{"owner":"hive","qualifiedName":"hortoniabank.ww_customers.username@hdp","name":"username","description":null,"comment":null,"position":15,"type":"string","table":{"guid":"e585ece3-de24-49e8-8da3-1381d9d7da56","typeName":"hive_table"}},"guid":"8b092024-017d-4ec0-9fb3-89132c718e6d","status":"ACTIVE","createdBy":"hive","updatedBy":"hive","createTime":1511513308481,"updateTime":1511513311243,"version":0,"classifications":[]},"b393c33c-66fa-47bf-a5e1-38d2fa774ac4":{"typeName":"hive_column","attributes":{"owner":"hive","qualifiedName":"hortoniabank.ww_customers.cvv2@hdp","name":"cvv2","description":null,"comment":null,"position":25,"type":"string","table":{"guid":"e585ece3-de24-49e8-8da3-1381d9d7da56","typeName":"hive_table"}},"guid":"b393c33c-66fa-47bf-a5e1-38d2fa774ac4","status":"ACTIVE","createdBy":"hive","updatedBy":"hive","createTime":1511513308481,"updateTime":1511513311243,"version":0,"classifications":[]},"44cc8a09-bd7c-45fb-80fb-70263a432117":{"typeName":"hive_column","attributes":{"owner":"hive","qualifiedName":"hortoniabank.ww_customers.latitude@hdp","name":"latitude","description":null,"comment":null,"position":38,"type":"double","table":{"guid":"e585ece3-de24-49e8-8da3-1381d9d7da56","typeName":"hive_table"}},"guid":"44cc8a09-bd7c-45fb-80fb-70263a432117","status":"ACTIVE","createdBy":"hive","updatedBy":"hive","createTime":1511513308481,"updateTime":1511513311243,"version":0,"classifications":[]},"be4607e6-e32d-49e8-9ff4-c7306c833352":{"typeName":"hive_column","attributes":{"owner":"hive","qualifiedName":"hortoniabank.ww_customers.height@hdp","name":"height","description":null,"comment":null,"position":37,"type":"int","table":{"guid":"e585ece3-de24-49e8-8da3-1381d9d7da56","typeName":"hive_table"}},"guid":"be4607e6-e32d-49e8-9ff4-c7306c833352","status":"ACTIVE","createdBy":"hive","updatedBy":"hive","createTime":1511513308481,"updateTime":1511513311243,"version":0,"classifications":[]},"31b10585-d145-4c58-9f45-eb6d740d42df":{"typeName":"hive_column","attributes":{"owner":"hive","qualifiedName":"hortoniabank.ww_customers.insuranceid@hdp","name":"insuranceid","description":null,"comment":null,"position":29,"type":"string","table":{"guid":"e585ece3-de24-49e8-8da3-1381d9d7da56","typeName":"hive_table"}},"guid":"31b10585-d145-4c58-9f45-eb6d740d42df","status":"ACTIVE","createdBy":"hive","updatedBy":"hive","createTime":1511513308481,"updateTime":1511513311243,"version":0,"classifications":[]},"f11064d5-0158-4bb2-8291-16a8a6cbcff3":{"typeName":"hive_storagedesc","attributes":{"bucketCols":null,"qualifiedName":"hortoniabank.ww_customers@hdp_storage","sortCols":null,"storedAsSubDirectories":false,"location":"hdfs://demo.hortonworks.com:8020/hive_data/hortoniabank/ww_customers","compressed":false,"inputFormat":"org.apache.hadoop.mapred.TextInputFormat","outputFormat":"org.apache.hadoop.hive.ql.io.HiveIgnoreKeyTextOutputFormat","parameters":null,"table":{"guid":"e585ece3-de24-49e8-8da3-1381d9d7da56","typeName":"hive_table"},"serdeInfo":{"typeName":"hive_serde","attributes":{"serializationLib":"org.apache.hadoop.hive.serde2.lazy.LazySimpleSerDe","name":null,"parameters":{"serialization.format":",","field.delim":","}}},"numBuckets":-1},"guid":"f11064d5-0158-4bb2-8291-16a8a6cbcff3","status":"ACTIVE","createdBy":"hive","updatedBy":"hive","createTime":1511513308481,"updateTime":1511513311243,"version":0,"classifications":[]},"f90b6ac7-44c2-463c-98c2-184997712326":{"typeName":"hive_column","attributes":{"owner":"hive","qualifiedName":"hortoniabank.ww_customers.state@hdp","name":"state","description":null,"comment":null,"position":9,"type":"string","table":{"guid":"e585ece3-de24-49e8-8da3-1381d9d7da56","typeName":"hive_table"}},"guid":"f90b6ac7-44c2-463c-98c2-184997712326","status":"ACTIVE","createdBy":"hive","updatedBy":"hive","createTime":1511513308481,"updateTime":1511513311243,"version":0,"classifications":[]},"6bd0a2af-a8a7-467b-9674-ed2d24db96ae":{"typeName":"hive_column","attributes":{"owner":"hive","qualifiedName":"hortoniabank.ww_customers.mrn@hdp","name":"mrn","description":null,"comment":null,"position":28,"type":"string","table":{"guid":"e585ece3-de24-49e8-8da3-1381d9d7da56","typeName":"hive_table"}},"guid":"6bd0a2af-a8a7-467b-9674-ed2d24db96ae","status":"ACTIVE","createdBy":"hive","updatedBy":"hive","createTime":1511513308481,"updateTime":1511513311243,"version":0,"classifications":[{"typeName":"PII","attributes":{"type":"MRN"}}]},"c48b6f37-6615-4587-9ac5-34cb9d93200d":{"typeName":"hive_column","attributes":{"owner":"hive","qualifiedName":"hortoniabank.ww_customers.country@hdp","name":"country","description":null,"comment":null,"position":12,"type":"string","table":{"guid":"e585ece3-de24-49e8-8da3-1381d9d7da56","typeName":"hive_table"}},"guid":"c48b6f37-6615-4587-9ac5-34cb9d93200d","status":"ACTIVE","createdBy":"hive","updatedBy":"hive","createTime":1511513308481,"updateTime":1511513311243,"version":0,"classifications":[]},"325bfdf4-725b-44fb-ad7e-50cab15c08f6":{"typeName":"hive_column","attributes":{"owner":"hive","qualifiedName":"hortoniabank.ww_customers.domain@hdp","name":"domain","description":null,"comment":null,"position":34,"type":"string","table":{"guid":"e585ece3-de24-49e8-8da3-1381d9d7da56","typeName":"hive_table"}},"guid":"325bfdf4-725b-44fb-ad7e-50cab15c08f6","status":"ACTIVE","createdBy":"hive","updatedBy":"hive","createTime":1511513308481,"updateTime":1511513311243,"version":0,"classifications":[]},"69547ddd-fb67-4801-96ad-88a285eab913":{"typeName":"hive_column","attributes":{"owner":"hive","qualifiedName":"hortoniabank.ww_customers.zipcode@hdp","name":"zipcode","description":null,"comment":null,"position":11,"type":"string","table":{"guid":"e585ece3-de24-49e8-8da3-1381d9d7da56","typeName":"hive_table"}},"guid":"69547ddd-fb67-4801-96ad-88a285eab913","status":"ACTIVE","createdBy":"hive","updatedBy":"hive","createTime":1511513308481,"updateTime":1511513311243,"version":0,"classifications":[]},"ee8f0134-8e70-462f-9d2d-b6b13cf97857":{"typeName":"hive_column","attributes":{"owner":"hive","qualifiedName":"hortoniabank.ww_customers.weight@hdp","name":"weight","description":null,"comment":null,"position":36,"type":"double","table":{"guid":"e585ece3-de24-49e8-8da3-1381d9d7da56","typeName":"hive_table"}},"guid":"ee8f0134-8e70-462f-9d2d-b6b13cf97857","status":"ACTIVE","createdBy":"hive","updatedBy":"hive","createTime":1511513308481,"updateTime":1511513311243,"version":0,"classifications":[]},"b536f14e-c6af-4581-82bf-bd24eb0205be":{"typeName":"hive_column","attributes":{"owner":"hive","qualifiedName":"hortoniabank.ww_customers.title@hdp","name":"title","description":null,"comment":null,"position":1,"type":"string","table":{"guid":"e585ece3-de24-49e8-8da3-1381d9d7da56","typeName":"hive_table"}},"guid":"b536f14e-c6af-4581-82bf-bd24eb0205be","status":"ACTIVE","createdBy":"hive","updatedBy":"hive","createTime":1511513308481,"updateTime":1511513311243,"version":0,"classifications":[]},"020986ec-35eb-4382-b20c-806f4b522edb":{"typeName":"hive_column","attributes":{"owner":"hive","qualifiedName":"hortoniabank.ww_customers.age@hdp","name":"age","description":null,"comment":null,"position":21,"type":"int","table":{"guid":"e585ece3-de24-49e8-8da3-1381d9d7da56","typeName":"hive_table"}},"guid":"020986ec-35eb-4382-b20c-806f4b522edb","status":"ACTIVE","createdBy":"hive","updatedBy":"hive","createTime":1511513308481,"updateTime":1511513311243,"version":0,"classifications":[]},"58539fb7-f5fc-47f6-8bac-bccfd5cf644f":{"typeName":"hive_column","attributes":{"owner":"hive","qualifiedName":"hortoniabank.ww_customers.birthday@hdp","name":"birthday","description":null,"comment":null,"position":20,"type":"string","table":{"guid":"e585ece3-de24-49e8-8da3-1381d9d7da56","typeName":"hive_table"}},"guid":"58539fb7-f5fc-47f6-8bac-bccfd5cf644f","status":"ACTIVE","createdBy":"hive","updatedBy":"hive","createTime":1511513308481,"updateTime":1511513311243,"version":0,"classifications":[]},"311a5944-61b1-4d8c-bc55-52d7b8fa2d95":{"typeName":"hive_column","attributes":{"owner":"hive","qualifiedName":"hortoniabank.ww_customers.tropicalzodiac@hdp","name":"tropicalzodiac","description":null,"comment":null,"position":22,"type":"string","table":{"guid":"e585ece3-de24-49e8-8da3-1381d9d7da56","typeName":"hive_table"}},"guid":"311a5944-61b1-4d8c-bc55-52d7b8fa2d95","status":"ACTIVE","createdBy":"hive","updatedBy":"hive","createTime":1511513308481,"updateTime":1511513311243,"version":0,"classifications":[]},"6483cb73-18d8-48d6-a2ca-579719b4bdc4":{"typeName":"hive_column","attributes":{"owner":"hive","qualifiedName":"hortoniabank.ww_customers.eyecolor@hdp","name":"eyecolor","description":null,"comment":null,"position":30,"type":"string","table":{"guid":"e585ece3-de24-49e8-8da3-1381d9d7da56","typeName":"hive_table"}},"guid":"6483cb73-18d8-48d6-a2ca-579719b4bdc4","status":"ACTIVE","createdBy":"hive","updatedBy":"hive","createTime":1511513308481,"updateTime":1511513311243,"version":0,"classifications":[]},"a04ab744-410f-4706-98f5-c8ba036ef72d":{"typeName":"hive_column","attributes":{"owner":"hive","qualifiedName":"hortoniabank.ww_customers.company@hdp","name":"company","description":null,"comment":null,"position":32,"type":"string","table":{"guid":"e585ece3-de24-49e8-8da3-1381d9d7da56","typeName":"hive_table"}},"guid":"a04ab744-410f-4706-98f5-c8ba036ef72d","status":"ACTIVE","createdBy":"hive","updatedBy":"hive","createTime":1511513308481,"updateTime":1511513311243,"version":0,"classifications":[]},"28302a36-499d-4376-85ad-c0c74c4b288f":{"typeName":"hive_column","attributes":{"owner":"hive","qualifiedName":"hortoniabank.ww_customers.ccnumber@hdp","name":"ccnumber","description":null,"comment":null,"position":24,"type":"string","table":{"guid":"e585ece3-de24-49e8-8da3-1381d9d7da56","typeName":"hive_table"}},"guid":"28302a36-499d-4376-85ad-c0c74c4b288f","status":"ACTIVE","createdBy":"hive","updatedBy":"hive","createTime":1511513308481,"updateTime":1511513311243,"version":0,"classifications":[{"typeName":"PII","attributes":{"type":"ccn"}}]},"49808ef4-0bcc-4d29-8788-edd91fbc8fea":{"typeName":"hive_column","attributes":{"owner":"hive","qualifiedName":"hortoniabank.ww_customers.telephonenumber@hdp","name":"telephonenumber","description":null,"comment":null,"position":17,"type":"string","table":{"guid":"e585ece3-de24-49e8-8da3-1381d9d7da56","typeName":"hive_table"}},"guid":"49808ef4-0bcc-4d29-8788-edd91fbc8fea","status":"ACTIVE","createdBy":"hive","updatedBy":"hive","createTime":1511513308481,"updateTime":1511513311243,"version":0,"classifications":[]},"5959a47e-9725-4f07-a4eb-fd6895ccca40":{"typeName":"hive_column","attributes":{"owner":"hive","qualifiedName":"hortoniabank.ww_customers.occupation@hdp","name":"occupation","description":null,"comment":null,"position":31,"type":"string","table":{"guid":"e585ece3-de24-49e8-8da3-1381d9d7da56","typeName":"hive_table"}},"guid":"5959a47e-9725-4f07-a4eb-fd6895ccca40","status":"ACTIVE","createdBy":"hive","updatedBy":"hive","createTime":1511513308481,"updateTime":1511513311243,"version":0,"classifications":[]},"ba0d8ef9-331f-4727-93b4-0142da4dbee4":{"typeName":"hive_column","attributes":{"owner":"hive","qualifiedName":"hortoniabank.ww_customers.cctype@hdp","name":"cctype","description":null,"comment":null,"position":23,"type":"string","table":{"guid":"e585ece3-de24-49e8-8da3-1381d9d7da56","typeName":"hive_table"}},"guid":"ba0d8ef9-331f-4727-93b4-0142da4dbee4","status":"ACTIVE","createdBy":"hive","updatedBy":"hive","createTime":1511513308481,"updateTime":1511513311243,"version":0,"classifications":[]},"4e775fc7-7f28-437e-967d-73bc1a75c1f4":{"typeName":"hive_column","attributes":{"owner":"hive","qualifiedName":"hortoniabank.ww_customers.nameset@hdp","name":"nameset","description":null,"comment":null,"position":6,"type":"string","table":{"guid":"e585ece3-de24-49e8-8da3-1381d9d7da56","typeName":"hive_table"}},"guid":"4e775fc7-7f28-437e-967d-73bc1a75c1f4","status":"ACTIVE","createdBy":"hive","updatedBy":"hive","createTime":1511513308481,"updateTime":1511513311243,"version":0,"classifications":[]}},"entity":{"typeName":"hive_table","attributes":{"owner":"hive","temporary":false,"lastAccessTime":1511511738000,"aliases":null,"qualifiedName":"hortoniabank.ww_customers@hdp","columns":[{"guid":"0151b86a-ead2-44c9-86a6-b39e16e7de73","typeName":"hive_column"},{"guid":"b536f14e-c6af-4581-82bf-bd24eb0205be","typeName":"hive_column"},{"guid":"c305ebe0-dba9-4a91-b072-b7ed2890f9a7","typeName":"hive_column"},{"guid":"43e1673b-bea1-4683-bba3-9f9bcd97894e","typeName":"hive_column"},{"guid":"a18ab53a-fd68-47bb-b9fb-fc02d433dfbd","typeName":"hive_column"},{"guid":"9aef7d63-90cd-4e29-bf65-c144fa3300fc","typeName":"hive_column"},{"guid":"4e775fc7-7f28-437e-967d-73bc1a75c1f4","typeName":"hive_column"},{"guid":"85ef7994-2425-4e6e-b243-5403edaa3c3a","typeName":"hive_column"},{"guid":"33776e87-10a0-416f-8506-0e97284d9698","typeName":"hive_column"},{"guid":"f90b6ac7-44c2-463c-98c2-184997712326","typeName":"hive_column"},{"guid":"9b6339b6-1012-476d-a79e-cfdc6a0bcf9f","typeName":"hive_column"},{"guid":"69547ddd-fb67-4801-96ad-88a285eab913","typeName":"hive_column"},{"guid":"c48b6f37-6615-4587-9ac5-34cb9d93200d","typeName":"hive_column"},{"guid":"ce3aa17c-0e17-4944-a759-1daafc1643af","typeName":"hive_column"},{"guid":"c19e320b-b0d0-47b0-bdf8-9eed9af084c0","typeName":"hive_column"},{"guid":"8b092024-017d-4ec0-9fb3-89132c718e6d","typeName":"hive_column"},{"guid":"2201d0d7-d8fe-41ee-bc8a-fa4e7cf63d55","typeName":"hive_column"},{"guid":"49808ef4-0bcc-4d29-8788-edd91fbc8fea","typeName":"hive_column"},{"guid":"d892f6af-ac6a-48dd-9c0a-03782ea418f0","typeName":"hive_column"},{"guid":"e76baf18-23f7-4a6a-a61f-2383ff4a2c71","typeName":"hive_column"},{"guid":"58539fb7-f5fc-47f6-8bac-bccfd5cf644f","typeName":"hive_column"},{"guid":"020986ec-35eb-4382-b20c-806f4b522edb","typeName":"hive_column"},{"guid":"311a5944-61b1-4d8c-bc55-52d7b8fa2d95","typeName":"hive_column"},{"guid":"ba0d8ef9-331f-4727-93b4-0142da4dbee4","typeName":"hive_column"},{"guid":"28302a36-499d-4376-85ad-c0c74c4b288f","typeName":"hive_column"},{"guid":"b393c33c-66fa-47bf-a5e1-38d2fa774ac4","typeName":"hive_column"},{"guid":"aee24c5c-28e6-4739-bfcd-d3f23876e673","typeName":"hive_column"},{"guid":"fe975107-c0c8-4949-a7b9-851d84aa9ff8","typeName":"hive_column"},{"guid":"6bd0a2af-a8a7-467b-9674-ed2d24db96ae","typeName":"hive_column"},{"guid":"31b10585-d145-4c58-9f45-eb6d740d42df","typeName":"hive_column"},{"guid":"6483cb73-18d8-48d6-a2ca-579719b4bdc4","typeName":"hive_column"},{"guid":"5959a47e-9725-4f07-a4eb-fd6895ccca40","typeName":"hive_column"},{"guid":"a04ab744-410f-4706-98f5-c8ba036ef72d","typeName":"hive_column"},{"guid":"861a77d1-02e1-4222-98cd-93e62f15d2fb","typeName":"hive_column"},{"guid":"325bfdf4-725b-44fb-ad7e-50cab15c08f6","typeName":"hive_column"},{"guid":"6e52a516-7039-4c7e-9a98-fd87b927bf27","typeName":"hive_column"},{"guid":"ee8f0134-8e70-462f-9d2d-b6b13cf97857","typeName":"hive_column"},{"guid":"be4607e6-e32d-49e8-9ff4-c7306c833352","typeName":"hive_column"},{"guid":"44cc8a09-bd7c-45fb-80fb-70263a432117","typeName":"hive_column"},{"guid":"06b12b39-6307-4e0f-9d9f-e0f45acaf707","typeName":"hive_column"}],"description":null,"viewExpandedText":null,"sd":{"guid":"f11064d5-0158-4bb2-8291-16a8a6cbcff3","typeName":"hive_storagedesc"},"tableType":"EXTERNAL_TABLE","createTime":1511511738000,"name":"ww_customers","comment":null,"partitionKeys":null,"parameters":{"transient_lastDdlTime":"1511511738","totalSize":"18369897","EXTERNAL":"TRUE","numFiles":"1"},"db":{"guid":"ddc8acbb-b10e-4d4d-83a8-3b2cd9e30363","typeName":"hive_db"},"retention":0,"viewOriginalText":null},"guid":"e585ece3-de24-49e8-8da3-1381d9d7da56","status":"ACTIVE","createdBy":"hive","updatedBy":"hive","createTime":1511513308481,"updateTime":1511513311243,"version":0,"classifications":[]}}