{"referredEntities":{},"entity":{"typeName":"hive_column_lineage","attributes":{"owner":null,"outputs":[{"guid":"c8bec279-811b-414a-99fb-c239c457d4c7","typeName":"hive_column"}],"expression":null,"qualifiedName":"claim.claims_view@hdp:1523603836000:latitude","inputs":[{"guid":"284b795f-de47-4f27-9efc-72272eff20bc","typeName":"hive_column"}],"query":{"guid":"aaa47333-9ec3-4880-bcfe-aa84be9d6426","typeName":"hive_process"},"name":"create view if not exists claim.claims_view as select * from cost_savings.claim_savings:latitude","description":null,"depenendencyType":"SIMPLE"},"guid":"e866ede8-8052-4dc3-a36e-935db39e9a1d","status":"ACTIVE","createdBy":"hive","updatedBy":"hive","createTime":1523603862396,"updateTime":1523603862396,"version":0,"classifications":[]}}