{"referredEntities":{},"entity":{"typeName":"hdfs_path","attributes":{"owner":null,"modifiedTime":0,"isFile":false,"numberOfReplicas":0,"qualifiedName":"hdfs://demo.hortonworks.com:8020/hive_data/cost_savings","description":null,"extendedAttributes":null,"path":"hdfs://demo.hortonworks.com:8020/hive_data/cost_savings","posixPermissions":null,"createTime":0,"fileSize":0,"clusterName":"hdp","name":"/hive_data/cost_savings","isSymlink":false,"group":null},"guid":"ec1c1a67-c41f-4470-8761-4ee4472ce657","status":"ACTIVE","createdBy":"hive","updatedBy":"admin","createTime":1511513320246,"updateTime":1521855544552,"version":0,"classifications":[]}}