{"referredEntities":{},"entity":{"typeName":"hive_column_lineage","attributes":{"owner":null,"outputs":[{"guid":"ea858c51-8e3f-46e6-8ec2-8a4e13c680af","typeName":"hive_column"}],"expression":null,"qualifiedName":"QUERY:hortoniabank.us_customers@hdp:1523603830000->:INSERT:hortoniabank.us_customers_trans@hdp:1523603916000:statefull","inputs":[{"guid":"76456a49-f28c-44ff-9bef-0db277f42cc7","typeName":"hive_column"}],"query":{"guid":"a894d186-47c4-4116-8741-4d0124e74a76","typeName":"hive_process"},"name":"insert into hortoniabank.us_customers_trans select * from hortoniabank.us_customers:statefull","description":null,"depenendencyType":"SIMPLE"},"guid":"ece92c54-28e1-418e-af0a-70cfca31ab6b","status":"ACTIVE","createdBy":"hive","updatedBy":"hive","createTime":1523603977604,"updateTime":1523603977604,"version":0,"classifications":[]}}