{"referredEntities":{},"entity":{"typeName":"hive_column_lineage","attributes":{"owner":null,"outputs":[{"guid":"6fe4f292-0336-4730-baa5-b9dd4c6d84dc","typeName":"hive_column"}],"expression":null,"qualifiedName":"claim.prov_view@hdp:1511511743000:providerzip","inputs":[{"guid":"929a0d9e-bc9a-482f-ae17-f726436f78ac","typeName":"hive_column"}],"query":{"guid":"48e5449d-9813-4801-bcb9-e70ada315f3f","typeName":"hive_process"},"name":"create view if not exists claim.prov_view as select * from claim.provider_summary:providerzip","description":null,"depenendencyType":"SIMPLE"},"guid":"efc2f54b-7bad-4316-9e6d-19c2e84ed413","status":"ACTIVE","createdBy":"hive","updatedBy":"hive","createTime":1511513326904,"updateTime":1511513326904,"version":0,"classifications":[]}}