{"referredEntities":{},"entity":{"typeName":"hdfs_path","attributes":{"owner":null,"modifiedTime":0,"isFile":false,"numberOfReplicas":0,"qualifiedName":"hdfs://demo.hortonworks.com:8020/hive_data/hortoniabank/ww_customers","description":null,"extendedAttributes":null,"path":"hdfs://demo.hortonworks.com:8020/hive_data/hortoniabank/ww_customers","posixPermissions":null,"createTime":0,"fileSize":0,"clusterName":"hdp","name":"/hive_data/hortoniabank/ww_customers","isSymlink":false,"group":null},"guid":"efe8f67a-6a31-4c61-bbf0-376cc4826419","status":"ACTIVE","createdBy":"hive","updatedBy":"admin","createTime":1511513311243,"updateTime":1523604597968,"version":0,"classifications":[]}}