{"referredEntities":{},"entity":{"typeName":"hive_column_lineage","attributes":{"owner":null,"outputs":[{"guid":"447f7cbb-a5a1-4b7a-8dfb-b45f9c5b0eff","typeName":"hive_column"}],"expression":null,"qualifiedName":"QUERY:hortoniabank.ww_customers@hdp:1523603829000->:INSERT:hortoniabank.ww_customers_trans@hdp:1523603909000:mrn","inputs":[{"guid":"dc899e89-f29c-40c4-a3ff-57ce1d1fc81a","typeName":"hive_column"}],"query":{"guid":"92ff2bb9-5bdc-4405-b3d4-39c7c05c7a9d","typeName":"hive_process"},"name":"insert into hortoniabank.ww_customers_trans select * from hortoniabank.ww_customers:mrn","description":null,"depenendencyType":"SIMPLE"},"guid":"f0308bc8-4103-4f75-8c21-1648f2900e04","status":"ACTIVE","createdBy":"hive","updatedBy":"hive","createTime":1523603931397,"updateTime":1523603931397,"version":0,"classifications":[]}}