{"referredEntities":{},"entity":{"typeName":"hive_column_lineage","attributes":{"owner":null,"outputs":[{"guid":"b8786f68-4611-4155-8b24-42937f4f4c56","typeName":"hive_column"}],"expression":null,"qualifiedName":"QUERY:hortoniabank.ww_customers@hdp:1523603829000->:INSERT:hortoniabank.ww_customers_trans@hdp:1523603909000:ccnumber","inputs":[{"guid":"dfda4fd7-5a69-46f1-b1ec-15a30c323ccd","typeName":"hive_column"}],"query":{"guid":"92ff2bb9-5bdc-4405-b3d4-39c7c05c7a9d","typeName":"hive_process"},"name":"insert into hortoniabank.ww_customers_trans select * from hortoniabank.ww_customers:ccnumber","description":null,"depenendencyType":"SIMPLE"},"guid":"f0b4e780-3fbd-49b0-820d-bd9a59b71db7","status":"ACTIVE","createdBy":"hive","updatedBy":"hive","createTime":1523603920746,"updateTime":1523603920746,"version":0,"classifications":[]}}