{"referredEntities":{},"entity":{"typeName":"hive_column_lineage","attributes":{"owner":null,"outputs":[{"guid":"2b357914-90ce-4e50-8276-05056c74efcc","typeName":"hive_column"}],"expression":null,"qualifiedName":"claim.claims_view@hdp:1523603836000:name","inputs":[{"guid":"3a1b2990-2489-42ff-9f07-bdc94f14e239","typeName":"hive_column"}],"query":{"guid":"aaa47333-9ec3-4880-bcfe-aa84be9d6426","typeName":"hive_process"},"name":"create view if not exists claim.claims_view as select * from cost_savings.claim_savings:name","description":null,"depenendencyType":"SIMPLE"},"guid":"f220e087-ffc2-4bc6-9a97-4e1ba98978c9","status":"ACTIVE","createdBy":"hive","updatedBy":"hive","createTime":1523603859770,"updateTime":1523603859770,"version":0,"classifications":[]}}