{"referredEntities":{},"entity":{"typeName":"hive_process","attributes":{"owner":null,"outputs":[{"guid":"054b210b-3c48-4c95-ba4f-51153bbd573e","typeName":"hive_table"}],"queryGraph":null,"recentQueries":["create external table if not exists cost_savings.claim_savings(\n                                     reportdate date\n                                   , name string\n                                   , sequenceid int\n                                   , claimid int\n                                   , costsavings int\n                                   , eligibilitycode int\n                                   , latitude decimal\n                                   , longitude decimal\n                                  ) comment 'claims savings'\n                                    row format delimited\n                                    fields terminated by ','\n                                    stored as textfile\n                                    location '/hive_data/cost_savings'"],"qualifiedName":"cost_savings.claim_savings@hdp:1511511742000","inputs":[{"guid":"ec1c1a67-c41f-4470-8761-4ee4472ce657","typeName":"hdfs_path"}],"description":null,"userName":"hive","queryId":"hive_20171124082221_0bce1b31-03ee-491a-aa66-6273ca9d720a","clusterName":"hdp","name":"create external table if not exists cost_savings.claim_savings(\n                                     reportdate date\n                                   , name string\n                                   , sequenceid int\n                                   , claimid int\n                                   , costsavings int\n                                   , eligibilitycode int\n                                   , latitude decimal\n                                   , longitude decimal\n                                  ) comment 'claims savings'\n                                    row format delimited\n                                    fields terminated by ','\n                                    stored as textfile\n                                    location '/hive_data/cost_savings'","queryText":"create external table if not exists cost_savings.claim_savings(\n                                     reportdate date\n                                   , name string\n                                   , sequenceid int\n                                   , claimid int\n                                   , costsavings int\n                                   , eligibilitycode int\n                                   , latitude decimal\n                                   , longitude decimal\n                                  ) comment 'claims savings'\n                                    row format delimited\n                                    fields terminated by ','\n                                    stored as textfile\n                                    location '/hive_data/cost_savings'","startTime":1511511741968,"operationType":"CREATETABLE","queryPlan":"Not Supported","endTime":1511511742430},"guid":"f2904ed8-2797-4d50-bc61-5c772980114f","status":"ACTIVE","createdBy":"hive","updatedBy":"hive","createTime":1511513320246,"updateTime":1511513320246,"version":0,"classifications":[]}}