{"referredEntities":{},"entity":{"typeName":"hive_column_lineage","attributes":{"owner":null,"outputs":[{"guid":"4f6ae220-e84d-4e46-9c5f-12d1c468ea0d","typeName":"hive_column"}],"expression":null,"qualifiedName":"QUERY:hortoniabank.ww_customers@hdp:1523603829000->:INSERT:hortoniabank.ww_customers_trans@hdp:1523603909000:telephonecountrycode","inputs":[{"guid":"d912121f-cd53-4976-9efc-1fd2c88c892e","typeName":"hive_column"}],"query":{"guid":"92ff2bb9-5bdc-4405-b3d4-39c7c05c7a9d","typeName":"hive_process"},"name":"insert into hortoniabank.ww_customers_trans select * from hortoniabank.ww_customers:telephonecountrycode","description":null,"depenendencyType":"SIMPLE"},"guid":"f457bac5-e232-45fb-b07d-e837720c365f","status":"ACTIVE","createdBy":"hive","updatedBy":"hive","createTime":1523603940505,"updateTime":1523603940505,"version":0,"classifications":[]}}