{"referredEntities":{},"entity":{"typeName":"hive_column_lineage","attributes":{"owner":null,"outputs":[{"guid":"76aabb5c-6a46-4256-80b9-90199b733922","typeName":"hive_column"}],"expression":null,"qualifiedName":"claim.prov_view@hdp:1523603836000:averagecoveredcharges","inputs":[{"guid":"3dbe31e6-5e0f-4cd5-8ac3-3cdb4d176cfb","typeName":"hive_column"}],"query":{"guid":"f93437bb-9d89-4a25-861e-7b33729c31d4","typeName":"hive_process"},"name":"create view if not exists claim.prov_view as select * from claim.provider_summary:averagecoveredcharges","description":null,"depenendencyType":"SIMPLE"},"guid":"f62bd9b9-667c-4ee3-b808-cf3e67989e35","status":"ACTIVE","createdBy":"hive","updatedBy":"hive","createTime":1523603854890,"updateTime":1523603854890,"version":0,"classifications":[]}}