{"referredEntities":{},"entity":{"typeName":"hive_column_lineage","attributes":{"owner":null,"outputs":[{"guid":"c3431a56-90cb-4e6e-b05b-615754fa4818","typeName":"hive_column"}],"expression":null,"qualifiedName":"claim.claims_view@hdp:1511511743000:latitude","inputs":[{"guid":"8cca814e-a035-466c-9335-33fb6b53be3c","typeName":"hive_column"}],"query":{"guid":"4ec0a67e-da9f-4421-9067-dd4dc81596e0","typeName":"hive_process"},"name":"create view if not exists claim.claims_view as select * from cost_savings.claim_savings:latitude","description":null,"depenendencyType":"SIMPLE"},"guid":"f64b5e09-c9bc-44dd-b6f6-2c823c065f70","status":"ACTIVE","createdBy":"hive","updatedBy":"hive","createTime":1511513331221,"updateTime":1511513331221,"version":0,"classifications":[]}}