{"referredEntities":{},"entity":{"typeName":"hive_column_lineage","attributes":{"owner":null,"outputs":[{"guid":"941ce486-cb50-4999-b865-6a4f80d13c46","typeName":"hive_column"}],"expression":null,"qualifiedName":"claim.prov_view@hdp:1523603836000:providercity","inputs":[{"guid":"40419db5-0a80-4434-b82b-e54835295ba8","typeName":"hive_column"}],"query":{"guid":"f93437bb-9d89-4a25-861e-7b33729c31d4","typeName":"hive_process"},"name":"create view if not exists claim.prov_view as select * from claim.provider_summary:providercity","description":null,"depenendencyType":"SIMPLE"},"guid":"f68907f8-7d2a-4e87-a751-129f12c15baa","status":"ACTIVE","createdBy":"hive","updatedBy":"hive","createTime":1523603857861,"updateTime":1523603857861,"version":0,"classifications":[]}}