{"referredEntities":{},"entity":{"typeName":"hive_column_lineage","attributes":{"owner":null,"outputs":[{"guid":"2a2ebb70-db36-48ab-9ad0-63a519568efd","typeName":"hive_column"}],"expression":null,"qualifiedName":"QUERY:hortoniabank.us_customers@hdp:1523603830000->:INSERT:hortoniabank.us_customers_trans@hdp:1523603916000:middleinitial","inputs":[{"guid":"7c8677d9-da51-4839-859d-0a9342464b29","typeName":"hive_column"}],"query":{"guid":"a894d186-47c4-4116-8741-4d0124e74a76","typeName":"hive_process"},"name":"insert into hortoniabank.us_customers_trans select * from hortoniabank.us_customers:middleinitial","description":null,"depenendencyType":"SIMPLE"},"guid":"f6f3d905-796e-4cdf-a30c-956fcd153f0c","status":"ACTIVE","createdBy":"hive","updatedBy":"hive","createTime":1523603970876,"updateTime":1523603970876,"version":0,"classifications":[]}}