{"referredEntities":{"e31890e5-46b4-44d2-af83-718f766bfc46":{"typeName":"hive_column","attributes":{"owner":"hive","qualifiedName":"hortoniabank.ww_customers.cctype@hdp","name":"cctype","description":null,"comment":null,"position":23,"type":"string","table":{"guid":"f7e28ff2-f892-49c1-a0cf-7ce99061b0ed","typeName":"hive_table"}},"guid":"e31890e5-46b4-44d2-af83-718f766bfc46","status":"ACTIVE","createdBy":"hive","updatedBy":"hive","createTime":1523603834126,"updateTime":1523603948827,"version":0,"classifications":[]},"dfda4fd7-5a69-46f1-b1ec-15a30c323ccd":{"typeName":"hive_column","attributes":{"owner":"hive","qualifiedName":"hortoniabank.ww_customers.ccnumber@hdp","name":"ccnumber","description":null,"comment":null,"position":24,"type":"string","table":{"guid":"f7e28ff2-f892-49c1-a0cf-7ce99061b0ed","typeName":"hive_table"}},"guid":"dfda4fd7-5a69-46f1-b1ec-15a30c323ccd","status":"ACTIVE","createdBy":"hive","updatedBy":"hive","createTime":1523603834126,"updateTime":1523603948827,"version":0,"classifications":[]},"fdb2e526-b58a-461f-8586-d285ce886369":{"typeName":"hive_column","attributes":{"owner":"hive","qualifiedName":"hortoniabank.ww_customers.country@hdp","name":"country","description":null,"comment":null,"position":12,"type":"string","table":{"guid":"f7e28ff2-f892-49c1-a0cf-7ce99061b0ed","typeName":"hive_table"}},"guid":"fdb2e526-b58a-461f-8586-d285ce886369","status":"ACTIVE","createdBy":"hive","updatedBy":"hive","createTime":1523603834126,"updateTime":1523603948827,"version":0,"classifications":[]},"dc899e89-f29c-40c4-a3ff-57ce1d1fc81a":{"typeName":"hive_column","attributes":{"owner":"hive","qualifiedName":"hortoniabank.ww_customers.mrn@hdp","name":"mrn","description":null,"comment":null,"position":28,"type":"string","table":{"guid":"f7e28ff2-f892-49c1-a0cf-7ce99061b0ed","typeName":"hive_table"}},"guid":"dc899e89-f29c-40c4-a3ff-57ce1d1fc81a","status":"ACTIVE","createdBy":"hive","updatedBy":"hive","createTime":1523603834126,"updateTime":1523603948827,"version":0,"classifications":[]},"74c1858e-81b4-4f84-ade3-87ab45dc240a":{"typeName":"hive_column","attributes":{"owner":"hive","qualifiedName":"hortoniabank.ww_customers.gender@hdp","name":"gender","description":null,"comment":null,"position":0,"type":"string","table":{"guid":"f7e28ff2-f892-49c1-a0cf-7ce99061b0ed","typeName":"hive_table"}},"guid":"74c1858e-81b4-4f84-ade3-87ab45dc240a","status":"ACTIVE","createdBy":"hive","updatedBy":"hive","createTime":1523603834126,"updateTime":1523603948827,"version":0,"classifications":[]},"d7dec43f-bbd2-46d2-aea7-1da684679815":{"typeName":"hive_column","attributes":{"owner":"hive","qualifiedName":"hortoniabank.ww_customers.username@hdp","name":"username","description":null,"comment":null,"position":15,"type":"string","table":{"guid":"f7e28ff2-f892-49c1-a0cf-7ce99061b0ed","typeName":"hive_table"}},"guid":"d7dec43f-bbd2-46d2-aea7-1da684679815","status":"ACTIVE","createdBy":"hive","updatedBy":"hive","createTime":1523603834126,"updateTime":1523603948827,"version":0,"classifications":[]},"35ffea6a-1a88-48c4-9516-0ace27af4e00":{"typeName":"hive_column","attributes":{"owner":"hive","qualifiedName":"hortoniabank.ww_customers.title@hdp","name":"title","description":null,"comment":null,"position":1,"type":"string","table":{"guid":"f7e28ff2-f892-49c1-a0cf-7ce99061b0ed","typeName":"hive_table"}},"guid":"35ffea6a-1a88-48c4-9516-0ace27af4e00","status":"ACTIVE","createdBy":"hive","updatedBy":"hive","createTime":1523603834126,"updateTime":1523603948827,"version":0,"classifications":[]},"d8c865fb-30db-429d-b421-a2adfa218493":{"typeName":"hive_column","attributes":{"owner":"hive","qualifiedName":"hortoniabank.ww_customers.surname@hdp","name":"surname","description":null,"comment":null,"position":4,"type":"string","table":{"guid":"f7e28ff2-f892-49c1-a0cf-7ce99061b0ed","typeName":"hive_table"}},"guid":"d8c865fb-30db-429d-b421-a2adfa218493","status":"ACTIVE","createdBy":"hive","updatedBy":"hive","createTime":1523603834126,"updateTime":1523603948827,"version":0,"classifications":[]},"2a45b3f1-b037-4f65-98d8-418dd4fc5ad7":{"typeName":"hive_column","attributes":{"owner":"hive","qualifiedName":"hortoniabank.ww_customers.ccexpires@hdp","name":"ccexpires","description":null,"comment":null,"position":26,"type":"string","table":{"guid":"f7e28ff2-f892-49c1-a0cf-7ce99061b0ed","typeName":"hive_table"}},"guid":"2a45b3f1-b037-4f65-98d8-418dd4fc5ad7","status":"ACTIVE","createdBy":"hive","updatedBy":"hive","createTime":1523603834126,"updateTime":1523603948827,"version":0,"classifications":[]},"f4d8b31e-1883-49b0-9654-80b7127406e1":{"typeName":"hive_column","attributes":{"owner":"hive","qualifiedName":"hortoniabank.ww_customers.statefull@hdp","name":"statefull","description":null,"comment":null,"position":10,"type":"string","table":{"guid":"f7e28ff2-f892-49c1-a0cf-7ce99061b0ed","typeName":"hive_table"}},"guid":"f4d8b31e-1883-49b0-9654-80b7127406e1","status":"ACTIVE","createdBy":"hive","updatedBy":"hive","createTime":1523603834126,"updateTime":1523603948827,"version":0,"classifications":[]},"d912121f-cd53-4976-9efc-1fd2c88c892e":{"typeName":"hive_column","attributes":{"owner":"hive","qualifiedName":"hortoniabank.ww_customers.telephonecountrycode@hdp","name":"telephonecountrycode","description":null,"comment":null,"position":18,"type":"int","table":{"guid":"f7e28ff2-f892-49c1-a0cf-7ce99061b0ed","typeName":"hive_table"}},"guid":"d912121f-cd53-4976-9efc-1fd2c88c892e","status":"ACTIVE","createdBy":"hive","updatedBy":"hive","createTime":1523603834126,"updateTime":1523603948827,"version":0,"classifications":[]},"6379f1e0-f47f-4901-80fa-6731f3edb75d":{"typeName":"hive_column","attributes":{"owner":"hive","qualifiedName":"hortoniabank.ww_customers.occupation@hdp","name":"occupation","description":null,"comment":null,"position":31,"type":"string","table":{"guid":"f7e28ff2-f892-49c1-a0cf-7ce99061b0ed","typeName":"hive_table"}},"guid":"6379f1e0-f47f-4901-80fa-6731f3edb75d","status":"ACTIVE","createdBy":"hive","updatedBy":"hive","createTime":1523603834126,"updateTime":1523603948827,"version":0,"classifications":[]},"cbe70875-efd4-48b4-9f9d-fa32393bf347":{"typeName":"hive_column","attributes":{"owner":"hive","qualifiedName":"hortoniabank.ww_customers.zipcode@hdp","name":"zipcode","description":null,"comment":null,"position":11,"type":"string","table":{"guid":"f7e28ff2-f892-49c1-a0cf-7ce99061b0ed","typeName":"hive_table"}},"guid":"cbe70875-efd4-48b4-9f9d-fa32393bf347","status":"ACTIVE","createdBy":"hive","updatedBy":"hive","createTime":1523603834126,"updateTime":1523603948827,"version":0,"classifications":[]},"1f00a565-a900-4291-a4c7-dccc1af1ca15":{"typeName":"hive_column","attributes":{"owner":"hive","qualifiedName":"hortoniabank.ww_customers.birthday@hdp","name":"birthday","description":null,"comment":null,"position":20,"type":"string","table":{"guid":"f7e28ff2-f892-49c1-a0cf-7ce99061b0ed","typeName":"hive_table"}},"guid":"1f00a565-a900-4291-a4c7-dccc1af1ca15","status":"ACTIVE","createdBy":"hive","updatedBy":"hive","createTime":1523603834126,"updateTime":1523603948827,"version":0,"classifications":[]},"acf2a4f2-b40f-487a-8283-c9f96ae3db72":{"typeName":"hive_column","attributes":{"owner":"hive","qualifiedName":"hortoniabank.ww_customers.streetaddress@hdp","name":"streetaddress","description":null,"comment":null,"position":7,"type":"string","table":{"guid":"f7e28ff2-f892-49c1-a0cf-7ce99061b0ed","typeName":"hive_table"}},"guid":"acf2a4f2-b40f-487a-8283-c9f96ae3db72","status":"ACTIVE","createdBy":"hive","updatedBy":"hive","createTime":1523603834126,"updateTime":1523603948827,"version":0,"classifications":[]},"4d6e427a-81d2-4ab1-8648-842753a704fd":{"typeName":"hive_column","attributes":{"owner":"hive","qualifiedName":"hortoniabank.ww_customers.longitude@hdp","name":"longitude","description":null,"comment":null,"position":39,"type":"double","table":{"guid":"f7e28ff2-f892-49c1-a0cf-7ce99061b0ed","typeName":"hive_table"}},"guid":"4d6e427a-81d2-4ab1-8648-842753a704fd","status":"ACTIVE","createdBy":"hive","updatedBy":"hive","createTime":1523603834126,"updateTime":1523603948827,"version":0,"classifications":[]},"0224bddc-c82b-4abd-bddb-a70cc1e8037b":{"typeName":"hive_column","attributes":{"owner":"hive","qualifiedName":"hortoniabank.ww_customers.telephonenumber@hdp","name":"telephonenumber","description":null,"comment":null,"position":17,"type":"string","table":{"guid":"f7e28ff2-f892-49c1-a0cf-7ce99061b0ed","typeName":"hive_table"}},"guid":"0224bddc-c82b-4abd-bddb-a70cc1e8037b","status":"ACTIVE","createdBy":"hive","updatedBy":"hive","createTime":1523603834126,"updateTime":1523603948827,"version":0,"classifications":[]},"cbacf71d-265e-4c9b-bdf3-cfb918bff8ae":{"typeName":"hive_column","attributes":{"owner":"hive","qualifiedName":"hortoniabank.ww_customers.nationalid@hdp","name":"nationalid","description":null,"comment":null,"position":27,"type":"string","table":{"guid":"f7e28ff2-f892-49c1-a0cf-7ce99061b0ed","typeName":"hive_table"}},"guid":"cbacf71d-265e-4c9b-bdf3-cfb918bff8ae","status":"ACTIVE","createdBy":"hive","updatedBy":"hive","createTime":1523603834126,"updateTime":1523603948827,"version":0,"classifications":[]},"d9fd2548-9483-4b75-bdda-8a1515f725a4":{"typeName":"hive_column","attributes":{"owner":"hive","qualifiedName":"hortoniabank.ww_customers.state@hdp","name":"state","description":null,"comment":null,"position":9,"type":"string","table":{"guid":"f7e28ff2-f892-49c1-a0cf-7ce99061b0ed","typeName":"hive_table"}},"guid":"d9fd2548-9483-4b75-bdda-8a1515f725a4","status":"ACTIVE","createdBy":"hive","updatedBy":"hive","createTime":1523603834126,"updateTime":1523603948827,"version":0,"classifications":[]},"d693d950-c0b8-462f-b0c4-74ca8ecc189d":{"typeName":"hive_column","attributes":{"owner":"hive","qualifiedName":"hortoniabank.ww_customers.givenname@hdp","name":"givenname","description":null,"comment":null,"position":2,"type":"string","table":{"guid":"f7e28ff2-f892-49c1-a0cf-7ce99061b0ed","typeName":"hive_table"}},"guid":"d693d950-c0b8-462f-b0c4-74ca8ecc189d","status":"ACTIVE","createdBy":"hive","updatedBy":"hive","createTime":1523603834126,"updateTime":1523603948827,"version":0,"classifications":[]},"668c87d7-d608-4eda-8806-e74ae8891c6c":{"typeName":"hive_column","attributes":{"owner":"hive","qualifiedName":"hortoniabank.ww_customers.weight@hdp","name":"weight","description":null,"comment":null,"position":36,"type":"double","table":{"guid":"f7e28ff2-f892-49c1-a0cf-7ce99061b0ed","typeName":"hive_table"}},"guid":"668c87d7-d608-4eda-8806-e74ae8891c6c","status":"ACTIVE","createdBy":"hive","updatedBy":"hive","createTime":1523603834126,"updateTime":1523603948827,"version":0,"classifications":[]},"f64055c2-adc3-4b08-932e-6558c3bd5c43":{"typeName":"hive_column","attributes":{"owner":"hive","qualifiedName":"hortoniabank.ww_customers.bloodtype@hdp","name":"bloodtype","description":null,"comment":null,"position":35,"type":"string","table":{"guid":"f7e28ff2-f892-49c1-a0cf-7ce99061b0ed","typeName":"hive_table"}},"guid":"f64055c2-adc3-4b08-932e-6558c3bd5c43","status":"ACTIVE","createdBy":"hive","updatedBy":"hive","createTime":1523603834126,"updateTime":1523603948827,"version":0,"classifications":[]},"7cc45128-b339-4c26-97bb-ed0c29ed2cf2":{"typeName":"hive_column","attributes":{"owner":"hive","qualifiedName":"hortoniabank.ww_customers.countryfull@hdp","name":"countryfull","description":null,"comment":null,"position":13,"type":"string","table":{"guid":"f7e28ff2-f892-49c1-a0cf-7ce99061b0ed","typeName":"hive_table"}},"guid":"7cc45128-b339-4c26-97bb-ed0c29ed2cf2","status":"ACTIVE","createdBy":"hive","updatedBy":"hive","createTime":1523603834126,"updateTime":1523603948827,"version":0,"classifications":[]},"4cac531a-bc69-4445-88a3-38e3048be996":{"typeName":"hive_column","attributes":{"owner":"hive","qualifiedName":"hortoniabank.ww_customers.company@hdp","name":"company","description":null,"comment":null,"position":32,"type":"string","table":{"guid":"f7e28ff2-f892-49c1-a0cf-7ce99061b0ed","typeName":"hive_table"}},"guid":"4cac531a-bc69-4445-88a3-38e3048be996","status":"ACTIVE","createdBy":"hive","updatedBy":"hive","createTime":1523603834126,"updateTime":1523603948827,"version":0,"classifications":[]},"07c4aa30-448d-4b42-8aa9-def034b36c3f":{"typeName":"hive_column","attributes":{"owner":"hive","qualifiedName":"hortoniabank.ww_customers.mothersmaiden@hdp","name":"mothersmaiden","description":null,"comment":null,"position":19,"type":"string","table":{"guid":"f7e28ff2-f892-49c1-a0cf-7ce99061b0ed","typeName":"hive_table"}},"guid":"07c4aa30-448d-4b42-8aa9-def034b36c3f","status":"ACTIVE","createdBy":"hive","updatedBy":"hive","createTime":1523603834126,"updateTime":1523603948827,"version":0,"classifications":[]},"b7067a5b-3263-4050-b807-9ee7dd0b739f":{"typeName":"hive_column","attributes":{"owner":"hive","qualifiedName":"hortoniabank.ww_customers.nameset@hdp","name":"nameset","description":null,"comment":null,"position":6,"type":"string","table":{"guid":"f7e28ff2-f892-49c1-a0cf-7ce99061b0ed","typeName":"hive_table"}},"guid":"b7067a5b-3263-4050-b807-9ee7dd0b739f","status":"ACTIVE","createdBy":"hive","updatedBy":"hive","createTime":1523603834126,"updateTime":1523603948827,"version":0,"classifications":[]},"13f40cf6-b765-4c70-8e16-5a4d6a041eb1":{"typeName":"hive_column","attributes":{"owner":"hive","qualifiedName":"hortoniabank.ww_customers.cvv2@hdp","name":"cvv2","description":null,"comment":null,"position":25,"type":"string","table":{"guid":"f7e28ff2-f892-49c1-a0cf-7ce99061b0ed","typeName":"hive_table"}},"guid":"13f40cf6-b765-4c70-8e16-5a4d6a041eb1","status":"ACTIVE","createdBy":"hive","updatedBy":"hive","createTime":1523603834126,"updateTime":1523603948827,"version":0,"classifications":[]},"dd010fff-8ea4-462a-8cf9-e3bfd636c8cf":{"typeName":"hive_column","attributes":{"owner":"hive","qualifiedName":"hortoniabank.ww_customers.vehicle@hdp","name":"vehicle","description":null,"comment":null,"position":33,"type":"string","table":{"guid":"f7e28ff2-f892-49c1-a0cf-7ce99061b0ed","typeName":"hive_table"}},"guid":"dd010fff-8ea4-462a-8cf9-e3bfd636c8cf","status":"ACTIVE","createdBy":"hive","updatedBy":"hive","createTime":1523603834126,"updateTime":1523603948827,"version":0,"classifications":[]},"3230ae6d-6fcd-447d-921a-55b6e4e7661c":{"typeName":"hive_column","attributes":{"owner":"hive","qualifiedName":"hortoniabank.ww_customers.middleinitial@hdp","name":"middleinitial","description":null,"comment":null,"position":3,"type":"string","table":{"guid":"f7e28ff2-f892-49c1-a0cf-7ce99061b0ed","typeName":"hive_table"}},"guid":"3230ae6d-6fcd-447d-921a-55b6e4e7661c","status":"ACTIVE","createdBy":"hive","updatedBy":"hive","createTime":1523603834126,"updateTime":1523603948827,"version":0,"classifications":[]},"fcc35a6b-ea54-49d3-af24-afa958c7e1ea":{"typeName":"hive_column","attributes":{"owner":"hive","qualifiedName":"hortoniabank.ww_customers.insuranceid@hdp","name":"insuranceid","description":null,"comment":null,"position":29,"type":"string","table":{"guid":"f7e28ff2-f892-49c1-a0cf-7ce99061b0ed","typeName":"hive_table"}},"guid":"fcc35a6b-ea54-49d3-af24-afa958c7e1ea","status":"ACTIVE","createdBy":"hive","updatedBy":"hive","createTime":1523603834126,"updateTime":1523603948827,"version":0,"classifications":[]},"af7bfc56-4716-4688-9440-8dc0a06a795b":{"typeName":"hive_column","attributes":{"owner":"hive","qualifiedName":"hortoniabank.ww_customers.eyecolor@hdp","name":"eyecolor","description":null,"comment":null,"position":30,"type":"string","table":{"guid":"f7e28ff2-f892-49c1-a0cf-7ce99061b0ed","typeName":"hive_table"}},"guid":"af7bfc56-4716-4688-9440-8dc0a06a795b","status":"ACTIVE","createdBy":"hive","updatedBy":"hive","createTime":1523603834126,"updateTime":1523603948827,"version":0,"classifications":[]},"8abd5368-67db-4515-b196-3649f47ad160":{"typeName":"hive_column","attributes":{"owner":"hive","qualifiedName":"hortoniabank.ww_customers.password@hdp","name":"password","description":null,"comment":null,"position":16,"type":"string","table":{"guid":"f7e28ff2-f892-49c1-a0cf-7ce99061b0ed","typeName":"hive_table"}},"guid":"8abd5368-67db-4515-b196-3649f47ad160","status":"ACTIVE","createdBy":"hive","updatedBy":"hive","createTime":1523603834126,"updateTime":1523603948827,"version":0,"classifications":[]},"bdf4812c-d1a4-478f-b39f-5e27ef0c6f5e":{"typeName":"hive_column","attributes":{"owner":"hive","qualifiedName":"hortoniabank.ww_customers.height@hdp","name":"height","description":null,"comment":null,"position":37,"type":"int","table":{"guid":"f7e28ff2-f892-49c1-a0cf-7ce99061b0ed","typeName":"hive_table"}},"guid":"bdf4812c-d1a4-478f-b39f-5e27ef0c6f5e","status":"ACTIVE","createdBy":"hive","updatedBy":"hive","createTime":1523603834126,"updateTime":1523603948827,"version":0,"classifications":[]},"fb641927-f36e-4b93-af9f-b0f948771606":{"typeName":"hive_column","attributes":{"owner":"hive","qualifiedName":"hortoniabank.ww_customers.emailaddress@hdp","name":"emailaddress","description":null,"comment":null,"position":14,"type":"string","table":{"guid":"f7e28ff2-f892-49c1-a0cf-7ce99061b0ed","typeName":"hive_table"}},"guid":"fb641927-f36e-4b93-af9f-b0f948771606","status":"ACTIVE","createdBy":"hive","updatedBy":"hive","createTime":1523603834126,"updateTime":1523603948827,"version":0,"classifications":[]},"4ceed31d-43c1-4546-8d18-fd7b5607d1a2":{"typeName":"hive_column","attributes":{"owner":"hive","qualifiedName":"hortoniabank.ww_customers.age@hdp","name":"age","description":null,"comment":null,"position":21,"type":"int","table":{"guid":"f7e28ff2-f892-49c1-a0cf-7ce99061b0ed","typeName":"hive_table"}},"guid":"4ceed31d-43c1-4546-8d18-fd7b5607d1a2","status":"ACTIVE","createdBy":"hive","updatedBy":"hive","createTime":1523603834126,"updateTime":1523603948827,"version":0,"classifications":[]},"6f4e0fc7-4566-4c9c-9f22-b5c5cba3397d":{"typeName":"hive_storagedesc","attributes":{"bucketCols":null,"qualifiedName":"hortoniabank.ww_customers@hdp_storage","sortCols":null,"storedAsSubDirectories":false,"location":"hdfs://abajwa-dws-hortonia30.field.hortonworks.com:8020/hive_data/hortoniabank/ww_customers","compressed":false,"inputFormat":"org.apache.hadoop.mapred.TextInputFormat","outputFormat":"org.apache.hadoop.hive.ql.io.HiveIgnoreKeyTextOutputFormat","parameters":null,"table":{"guid":"f7e28ff2-f892-49c1-a0cf-7ce99061b0ed","typeName":"hive_table"},"serdeInfo":{"typeName":"hive_serde","attributes":{"serializationLib":"org.apache.hadoop.hive.serde2.lazy.LazySimpleSerDe","name":null,"parameters":{"serialization.format":",","field.delim":","}}},"numBuckets":-1},"guid":"6f4e0fc7-4566-4c9c-9f22-b5c5cba3397d","status":"ACTIVE","createdBy":"hive","updatedBy":"hive","createTime":1523603834126,"updateTime":1523603948827,"version":0,"classifications":[]},"d8898358-8a03-4ace-bbe7-8773a318402b":{"typeName":"hive_column","attributes":{"owner":"hive","qualifiedName":"hortoniabank.ww_customers.number@hdp","name":"number","description":null,"comment":null,"position":5,"type":"int","table":{"guid":"f7e28ff2-f892-49c1-a0cf-7ce99061b0ed","typeName":"hive_table"}},"guid":"d8898358-8a03-4ace-bbe7-8773a318402b","status":"ACTIVE","createdBy":"hive","updatedBy":"hive","createTime":1523603834126,"updateTime":1523603948827,"version":0,"classifications":[]},"72d88938-05a8-4c7d-90c9-223f4677bd2d":{"typeName":"hive_column","attributes":{"owner":"hive","qualifiedName":"hortoniabank.ww_customers.tropicalzodiac@hdp","name":"tropicalzodiac","description":null,"comment":null,"position":22,"type":"string","table":{"guid":"f7e28ff2-f892-49c1-a0cf-7ce99061b0ed","typeName":"hive_table"}},"guid":"72d88938-05a8-4c7d-90c9-223f4677bd2d","status":"ACTIVE","createdBy":"hive","updatedBy":"hive","createTime":1523603834126,"updateTime":1523603948827,"version":0,"classifications":[]},"6483d7f3-271e-4e89-ae55-eecb27e5b752":{"typeName":"hive_column","attributes":{"owner":"hive","qualifiedName":"hortoniabank.ww_customers.city@hdp","name":"city","description":null,"comment":null,"position":8,"type":"string","table":{"guid":"f7e28ff2-f892-49c1-a0cf-7ce99061b0ed","typeName":"hive_table"}},"guid":"6483d7f3-271e-4e89-ae55-eecb27e5b752","status":"ACTIVE","createdBy":"hive","updatedBy":"hive","createTime":1523603834126,"updateTime":1523603948827,"version":0,"classifications":[]},"bb630717-11f5-4138-9064-2f0e0347b54e":{"typeName":"hive_column","attributes":{"owner":"hive","qualifiedName":"hortoniabank.ww_customers.domain@hdp","name":"domain","description":null,"comment":null,"position":34,"type":"string","table":{"guid":"f7e28ff2-f892-49c1-a0cf-7ce99061b0ed","typeName":"hive_table"}},"guid":"bb630717-11f5-4138-9064-2f0e0347b54e","status":"ACTIVE","createdBy":"hive","updatedBy":"hive","createTime":1523603834126,"updateTime":1523603948827,"version":0,"classifications":[]},"566796cd-8ce4-44e4-8e46-1fe80b61138e":{"typeName":"hive_column","attributes":{"owner":"hive","qualifiedName":"hortoniabank.ww_customers.latitude@hdp","name":"latitude","description":null,"comment":null,"position":38,"type":"double","table":{"guid":"f7e28ff2-f892-49c1-a0cf-7ce99061b0ed","typeName":"hive_table"}},"guid":"566796cd-8ce4-44e4-8e46-1fe80b61138e","status":"ACTIVE","createdBy":"hive","updatedBy":"hive","createTime":1523603834126,"updateTime":1523603948827,"version":0,"classifications":[]}},"entity":{"typeName":"hive_table","attributes":{"owner":"hive","temporary":false,"lastAccessTime":1523603829000,"aliases":null,"qualifiedName":"hortoniabank.ww_customers@hdp","columns":[{"guid":"74c1858e-81b4-4f84-ade3-87ab45dc240a","typeName":"hive_column"},{"guid":"35ffea6a-1a88-48c4-9516-0ace27af4e00","typeName":"hive_column"},{"guid":"d693d950-c0b8-462f-b0c4-74ca8ecc189d","typeName":"hive_column"},{"guid":"3230ae6d-6fcd-447d-921a-55b6e4e7661c","typeName":"hive_column"},{"guid":"d8c865fb-30db-429d-b421-a2adfa218493","typeName":"hive_column"},{"guid":"d8898358-8a03-4ace-bbe7-8773a318402b","typeName":"hive_column"},{"guid":"b7067a5b-3263-4050-b807-9ee7dd0b739f","typeName":"hive_column"},{"guid":"acf2a4f2-b40f-487a-8283-c9f96ae3db72","typeName":"hive_column"},{"guid":"6483d7f3-271e-4e89-ae55-eecb27e5b752","typeName":"hive_column"},{"guid":"d9fd2548-9483-4b75-bdda-8a1515f725a4","typeName":"hive_column"},{"guid":"f4d8b31e-1883-49b0-9654-80b7127406e1","typeName":"hive_column"},{"guid":"cbe70875-efd4-48b4-9f9d-fa32393bf347","typeName":"hive_column"},{"guid":"fdb2e526-b58a-461f-8586-d285ce886369","typeName":"hive_column"},{"guid":"7cc45128-b339-4c26-97bb-ed0c29ed2cf2","typeName":"hive_column"},{"guid":"fb641927-f36e-4b93-af9f-b0f948771606","typeName":"hive_column"},{"guid":"d7dec43f-bbd2-46d2-aea7-1da684679815","typeName":"hive_column"},{"guid":"8abd5368-67db-4515-b196-3649f47ad160","typeName":"hive_column"},{"guid":"0224bddc-c82b-4abd-bddb-a70cc1e8037b","typeName":"hive_column"},{"guid":"d912121f-cd53-4976-9efc-1fd2c88c892e","typeName":"hive_column"},{"guid":"07c4aa30-448d-4b42-8aa9-def034b36c3f","typeName":"hive_column"},{"guid":"1f00a565-a900-4291-a4c7-dccc1af1ca15","typeName":"hive_column"},{"guid":"4ceed31d-43c1-4546-8d18-fd7b5607d1a2","typeName":"hive_column"},{"guid":"72d88938-05a8-4c7d-90c9-223f4677bd2d","typeName":"hive_column"},{"guid":"e31890e5-46b4-44d2-af83-718f766bfc46","typeName":"hive_column"},{"guid":"dfda4fd7-5a69-46f1-b1ec-15a30c323ccd","typeName":"hive_column"},{"guid":"13f40cf6-b765-4c70-8e16-5a4d6a041eb1","typeName":"hive_column"},{"guid":"2a45b3f1-b037-4f65-98d8-418dd4fc5ad7","typeName":"hive_column"},{"guid":"cbacf71d-265e-4c9b-bdf3-cfb918bff8ae","typeName":"hive_column"},{"guid":"dc899e89-f29c-40c4-a3ff-57ce1d1fc81a","typeName":"hive_column"},{"guid":"fcc35a6b-ea54-49d3-af24-afa958c7e1ea","typeName":"hive_column"},{"guid":"af7bfc56-4716-4688-9440-8dc0a06a795b","typeName":"hive_column"},{"guid":"6379f1e0-f47f-4901-80fa-6731f3edb75d","typeName":"hive_column"},{"guid":"4cac531a-bc69-4445-88a3-38e3048be996","typeName":"hive_column"},{"guid":"dd010fff-8ea4-462a-8cf9-e3bfd636c8cf","typeName":"hive_column"},{"guid":"bb630717-11f5-4138-9064-2f0e0347b54e","typeName":"hive_column"},{"guid":"f64055c2-adc3-4b08-932e-6558c3bd5c43","typeName":"hive_column"},{"guid":"668c87d7-d608-4eda-8806-e74ae8891c6c","typeName":"hive_column"},{"guid":"bdf4812c-d1a4-478f-b39f-5e27ef0c6f5e","typeName":"hive_column"},{"guid":"566796cd-8ce4-44e4-8e46-1fe80b61138e","typeName":"hive_column"},{"guid":"4d6e427a-81d2-4ab1-8648-842753a704fd","typeName":"hive_column"}],"description":null,"viewExpandedText":null,"sd":{"guid":"6f4e0fc7-4566-4c9c-9f22-b5c5cba3397d","typeName":"hive_storagedesc"},"tableType":"EXTERNAL_TABLE","createTime":1523603829000,"name":"ww_customers","comment":null,"partitionKeys":null,"parameters":{"skip.header.line.count":"1","transient_lastDdlTime":"1523603829","totalSize":"18369897","EXTERNAL":"TRUE","COLUMN_STATS_ACCURATE":"{\"COLUMN_STATS\":{\"gender\":\"true\",\"title\":\"true\",\"givenname\":\"true\",\"middleinitial\":\"true\",\"surname\":\"true\",\"number\":\"true\",\"nameset\":\"true\",\"streetaddress\":\"true\",\"city\":\"true\",\"state\":\"true\",\"statefull\":\"true\",\"zipcode\":\"true\",\"country\":\"true\",\"countryfull\":\"true\",\"emailaddress\":\"true\",\"username\":\"true\",\"password\":\"true\",\"telephonenumber\":\"true\",\"telephonecountrycode\":\"true\",\"mothersmaiden\":\"true\",\"birthday\":\"true\",\"age\":\"true\",\"tropicalzodiac\":\"true\",\"cctype\":\"true\",\"ccnumber\":\"true\",\"cvv2\":\"true\",\"ccexpires\":\"true\",\"nationalid\":\"true\",\"mrn\":\"true\",\"insuranceid\":\"true\",\"eyecolor\":\"true\",\"occupation\":\"true\",\"company\":\"true\",\"vehicle\":\"true\",\"domain\":\"true\",\"bloodtype\":\"true\",\"weight\":\"true\",\"height\":\"true\",\"latitude\":\"true\",\"longitude\":\"true\"}}","numFiles":"1"},"db":{"guid":"e510daa0-85fb-4d76-bc39-0c8da5863d90","typeName":"hive_db"},"retention":0,"viewOriginalText":null},"guid":"f7e28ff2-f892-49c1-a0cf-7ce99061b0ed","status":"ACTIVE","createdBy":"hive","updatedBy":"hive","createTime":1523603834126,"updateTime":1523603948827,"version":0,"classifications":[]}}