{"referredEntities":{},"entity":{"typeName":"hive_column_lineage","attributes":{"owner":null,"outputs":[{"guid":"f962076c-ba01-4225-859f-aa7eaa0ea89d","typeName":"hive_column"}],"expression":null,"qualifiedName":"QUERY:hortoniabank.us_customers@hdp:1523603830000->:INSERT:hortoniabank.us_customers_trans@hdp:1523603916000:birthday","inputs":[{"guid":"81cb820b-dc45-4fe6-9e08-423ca026d4eb","typeName":"hive_column"}],"query":{"guid":"a894d186-47c4-4116-8741-4d0124e74a76","typeName":"hive_process"},"name":"insert into hortoniabank.us_customers_trans select * from hortoniabank.us_customers:birthday","description":null,"depenendencyType":"SIMPLE"},"guid":"f8c12d20-c7e8-4dab-882e-fa8c656b51cd","status":"ACTIVE","createdBy":"hive","updatedBy":"hive","createTime":1523603963569,"updateTime":1523603963569,"version":0,"classifications":[]}}