{"referredEntities":{},"entity":{"typeName":"hive_column_lineage","attributes":{"owner":null,"outputs":[{"guid":"b05e9190-ceea-4286-92aa-83684088cc32","typeName":"hive_column"}],"expression":null,"qualifiedName":"QUERY:hortoniabank.us_customers@hdp:1523603830000->:INSERT:hortoniabank.us_customers_trans@hdp:1523603916000:zipcode","inputs":[{"guid":"94dec219-0f05-4a5d-af46-4d22f406769c","typeName":"hive_column"}],"query":{"guid":"a894d186-47c4-4116-8741-4d0124e74a76","typeName":"hive_process"},"name":"insert into hortoniabank.us_customers_trans select * from hortoniabank.us_customers:zipcode","description":null,"depenendencyType":"SIMPLE"},"guid":"f90484d0-e1b5-416d-930f-bddab2085589","status":"ACTIVE","createdBy":"hive","updatedBy":"hive","createTime":1523603962855,"updateTime":1523603962855,"version":0,"classifications":[]}}