{"referredEntities":{},"entity":{"typeName":"hive_process","attributes":{"owner":null,"outputs":[{"guid":"c2412c70-5cf8-4500-b19f-35dcebef3acf","typeName":"hive_table"}],"queryGraph":null,"recentQueries":["create view if not exists claim.prov_view as select * from claim.provider_summary"],"qualifiedName":"claim.prov_view@hdp:1523603836000","inputs":[{"guid":"63511ee8-c081-4733-b0c9-fa984a6d27b3","typeName":"hive_table"}],"description":null,"userName":"hive","queryId":"hive_20180413071715_9dbdeac3-fd93-4d70-ac14-3f7c0dd8425b","clusterName":"hdp","name":"create view if not exists claim.prov_view as select * from claim.provider_summary","queryText":"create view if not exists claim.prov_view as select * from claim.provider_summary","startTime":1523603835871,"operationType":"CREATEVIEW","queryPlan":"Not Supported","endTime":1523603836565},"guid":"f93437bb-9d89-4a25-861e-7b33729c31d4","status":"ACTIVE","createdBy":"hive","updatedBy":"hive","createTime":1523603853609,"updateTime":1523603858224,"version":0,"classifications":[]}}