{"referredEntities":{},"entity":{"typeName":"hive_column_lineage","attributes":{"owner":null,"outputs":[{"guid":"938bbd85-40f1-4e0b-935b-ee74ec83e39e","typeName":"hive_column"}],"expression":null,"qualifiedName":"QUERY:hortoniabank.us_customers@hdp:1523603830000->:INSERT:hortoniabank.us_customers_trans@hdp:1523603916000:mothersmaiden","inputs":[{"guid":"362ae63c-d1d7-4e75-a74c-4878bf3a4398","typeName":"hive_column"}],"query":{"guid":"a894d186-47c4-4116-8741-4d0124e74a76","typeName":"hive_process"},"name":"insert into hortoniabank.us_customers_trans select * from hortoniabank.us_customers:mothersmaiden","description":null,"depenendencyType":"SIMPLE"},"guid":"fb447685-20a8-4153-a10d-1d54dea840a6","status":"ACTIVE","createdBy":"hive","updatedBy":"hive","createTime":1523603957871,"updateTime":1523603957871,"version":0,"classifications":[]}}