{"referredEntities":{},"entity":{"typeName":"hive_column_lineage","attributes":{"owner":null,"outputs":[{"guid":"e5df292b-a113-4964-a7b1-8634ff889e52","typeName":"hive_column"}],"expression":null,"qualifiedName":"QUERY:hortoniabank.ww_customers@hdp:1523603829000->:INSERT:hortoniabank.ww_customers_trans@hdp:1523603909000:streetaddress","inputs":[{"guid":"acf2a4f2-b40f-487a-8283-c9f96ae3db72","typeName":"hive_column"}],"query":{"guid":"92ff2bb9-5bdc-4405-b3d4-39c7c05c7a9d","typeName":"hive_process"},"name":"insert into hortoniabank.ww_customers_trans select * from hortoniabank.ww_customers:streetaddress","description":null,"depenendencyType":"SIMPLE"},"guid":"fc2c28b6-a4aa-435a-8971-30a86d954de1","status":"ACTIVE","createdBy":"hive","updatedBy":"hive","createTime":1523603928381,"updateTime":1523603928381,"version":0,"classifications":[]}}