{"referredEntities":{},"entity":{"typeName":"hdfs_path","attributes":{"owner":null,"modifiedTime":0,"isFile":false,"numberOfReplicas":0,"qualifiedName":"hdfs://demo.hortonworks.com:8020/hive_data/finance/tax_2010","description":null,"extendedAttributes":null,"path":"hdfs://demo.hortonworks.com:8020/hive_data/finance/tax_2010","posixPermissions":null,"createTime":0,"fileSize":0,"clusterName":"hdp","name":"/hive_data/finance/tax_2010","isSymlink":false,"group":null},"guid":"fc803cd7-0015-4da2-8acf-f5aefc183afc","status":"ACTIVE","createdBy":"hive","updatedBy":"admin","createTime":1511513318647,"updateTime":1521855544552,"version":0,"classifications":[]}}