{"referredEntities":{},"entity":{"typeName":"hive_column_lineage","attributes":{"owner":null,"outputs":[{"guid":"5e5fbe8e-e0d5-4008-b257-57b21d4550d6","typeName":"hive_column"}],"expression":null,"qualifiedName":"QUERY:hortoniabank.us_customers@hdp:1523603830000->:INSERT:hortoniabank.us_customers_trans@hdp:1523603916000:city","inputs":[{"guid":"e9169b00-0e41-4eac-9902-614c62601edb","typeName":"hive_column"}],"query":{"guid":"a894d186-47c4-4116-8741-4d0124e74a76","typeName":"hive_process"},"name":"insert into hortoniabank.us_customers_trans select * from hortoniabank.us_customers:city","description":null,"depenendencyType":"SIMPLE"},"guid":"fc94918e-7c71-4109-923c-637387e4cc31","status":"ACTIVE","createdBy":"hive","updatedBy":"hive","createTime":1523603965839,"updateTime":1523603965839,"version":0,"classifications":[]}}