{"referredEntities":{},"entity":{"typeName":"hive_column_lineage","attributes":{"owner":null,"outputs":[{"guid":"47c7c3e5-73c4-427c-905c-118118d0ad4c","typeName":"hive_column"}],"expression":null,"qualifiedName":"QUERY:hortoniabank.us_customers@hdp:1523603830000->:INSERT:hortoniabank.us_customers_trans@hdp:1523603916000:insuranceid","inputs":[{"guid":"2af9d15e-9fe4-427d-af68-c17286c57b11","typeName":"hive_column"}],"query":{"guid":"a894d186-47c4-4116-8741-4d0124e74a76","typeName":"hive_process"},"name":"insert into hortoniabank.us_customers_trans select * from hortoniabank.us_customers:insuranceid","description":null,"depenendencyType":"SIMPLE"},"guid":"fd05fa79-28c9-4871-b3d6-43e7919f06e5","status":"ACTIVE","createdBy":"hive","updatedBy":"hive","createTime":1523603967971,"updateTime":1523603967971,"version":0,"classifications":[]}}