{"referredEntities":{"f6a5665c-b686-446a-b9be-5ff040ce2642":{"typeName":"hive_column","attributes":{"owner":"hive","qualifiedName":"finance.tax_2015.local_tax@hdp","name":"local_tax","description":null,"comment":null,"position":3,"type":"int","table":{"guid":"fff4930d-99cb-46f1-9534-04b46af9d645","typeName":"hive_table"}},"guid":"f6a5665c-b686-446a-b9be-5ff040ce2642","status":"ACTIVE","createdBy":"hive","updatedBy":"hive","createTime":1523603849320,"updateTime":1523603850014,"version":0,"classifications":[]},"aec953b7-dec0-4f7c-8396-cc770f8a99d0":{"typeName":"hive_storagedesc","attributes":{"bucketCols":null,"qualifiedName":"finance.tax_2015@hdp_storage","sortCols":null,"storedAsSubDirectories":false,"location":"hdfs://abajwa-dws-hortonia30.field.hortonworks.com:8020/hive_data/finance/tax_2015","compressed":false,"inputFormat":"org.apache.hadoop.mapred.TextInputFormat","outputFormat":"org.apache.hadoop.hive.ql.io.HiveIgnoreKeyTextOutputFormat","parameters":null,"table":{"guid":"fff4930d-99cb-46f1-9534-04b46af9d645","typeName":"hive_table"},"serdeInfo":{"typeName":"hive_serde","attributes":{"serializationLib":"org.apache.hadoop.hive.serde2.lazy.LazySimpleSerDe","name":null,"parameters":{"serialization.format":",","field.delim":","}}},"numBuckets":-1},"guid":"aec953b7-dec0-4f7c-8396-cc770f8a99d0","status":"ACTIVE","createdBy":"hive","updatedBy":"hive","createTime":1523603849320,"updateTime":1523603850014,"version":0,"classifications":[]},"086692af-9bf0-4ed0-9d37-ab985e5850fb":{"typeName":"hive_column","attributes":{"owner":"hive","qualifiedName":"finance.tax_2015.ssn@hdp","name":"ssn","description":null,"comment":null,"position":0,"type":"string","table":{"guid":"fff4930d-99cb-46f1-9534-04b46af9d645","typeName":"hive_table"}},"guid":"086692af-9bf0-4ed0-9d37-ab985e5850fb","status":"ACTIVE","createdBy":"hive","updatedBy":"hive","createTime":1523603849320,"updateTime":1523603850014,"version":0,"classifications":[]},"fb2b8bfb-d997-4d7b-b4ef-1ea0b5025504":{"typeName":"hive_column","attributes":{"owner":"hive","qualifiedName":"finance.tax_2015.state_tax@hdp","name":"state_tax","description":null,"comment":null,"position":2,"type":"int","table":{"guid":"fff4930d-99cb-46f1-9534-04b46af9d645","typeName":"hive_table"}},"guid":"fb2b8bfb-d997-4d7b-b4ef-1ea0b5025504","status":"ACTIVE","createdBy":"hive","updatedBy":"hive","createTime":1523603849320,"updateTime":1523603850014,"version":0,"classifications":[]},"f529e4b5-0a0b-4efd-b029-a9b68edf1d36":{"typeName":"hive_column","attributes":{"owner":"hive","qualifiedName":"finance.tax_2015.fed_tax@hdp","name":"fed_tax","description":null,"comment":null,"position":1,"type":"int","table":{"guid":"fff4930d-99cb-46f1-9534-04b46af9d645","typeName":"hive_table"}},"guid":"f529e4b5-0a0b-4efd-b029-a9b68edf1d36","status":"ACTIVE","createdBy":"hive","updatedBy":"hive","createTime":1523603849320,"updateTime":1523603850014,"version":0,"classifications":[]}},"entity":{"typeName":"hive_table","attributes":{"owner":"hive","temporary":false,"lastAccessTime":1523603833000,"aliases":null,"qualifiedName":"finance.tax_2015@hdp","columns":[{"guid":"086692af-9bf0-4ed0-9d37-ab985e5850fb","typeName":"hive_column"},{"guid":"f529e4b5-0a0b-4efd-b029-a9b68edf1d36","typeName":"hive_column"},{"guid":"fb2b8bfb-d997-4d7b-b4ef-1ea0b5025504","typeName":"hive_column"},{"guid":"f6a5665c-b686-446a-b9be-5ff040ce2642","typeName":"hive_column"}],"description":null,"viewExpandedText":null,"sd":{"guid":"aec953b7-dec0-4f7c-8396-cc770f8a99d0","typeName":"hive_storagedesc"},"tableType":"EXTERNAL_TABLE","createTime":1523603833000,"name":"tax_2015","comment":null,"partitionKeys":null,"parameters":{"transient_lastDdlTime":"1523603833","totalSize":"85","EXTERNAL":"TRUE","numFiles":"1"},"db":{"guid":"8282efd4-d817-475a-9653-04411ed06f83","typeName":"hive_db"},"retention":0,"viewOriginalText":null},"guid":"fff4930d-99cb-46f1-9534-04b46af9d645","status":"ACTIVE","createdBy":"hive","updatedBy":"hive","createTime":1523603849320,"updateTime":1523603850014,"version":0,"classifications":[]}}