{"referredEntities":{},"entity":{"typeName":"hive_column_lineage","attributes":{"owner":null,"outputs":[{"guid":"88b3fcea-212c-496e-890a-d8a877f342d1","typeName":"hive_column"}],"expression":null,"qualifiedName":"claim.prov_view@hdp:1511511743000:providerreferralregion","inputs":[{"guid":"5a2ddd0a-0389-4619-9dc1-af792e87bc9f","typeName":"hive_column"}],"query":{"guid":"48e5449d-9813-4801-bcb9-e70ada315f3f","typeName":"hive_process"},"name":"create view if not exists claim.prov_view as select * from claim.provider_summary:providerreferralregion","description":null,"depenendencyType":"SIMPLE"},"guid":"2bde916a-b00d-4392-a939-509e3d2e697b","status":"ACTIVE","createdBy":"hive","updatedBy":"admin","createTime":1511513323167,"updateTime":1521855544552,"version":0,"classifications":[]}}