{"referredEntities":{"038a2b25-1135-440f-bec8-eb1de2afb2e1":{"typeName":"hive_column","attributes":{"owner":"hive","qualifiedName":"finance.tax_2009.fed_tax@hdp","name":"fed_tax","description":null,"comment":null,"position":1,"type":"int","table":{"guid":"5b968a7e-9418-44d4-a652-dc587a3a9376","typeName":"hive_table"}},"guid":"038a2b25-1135-440f-bec8-eb1de2afb2e1","status":"ACTIVE","createdBy":"hive","updatedBy":"admin","createTime":1511513317074,"updateTime":1521855544552,"version":0,"classifications":[{"typeName":"EXPIRES_ON","attributes":{"expiry_date":"2016-12-31T00:00:00.000Z"}}]},"31e951fd-e2b9-4d4e-aa08-7a57a1f146a0":{"typeName":"hive_column","attributes":{"owner":"hive","qualifiedName":"finance.tax_2009.local_tax@hdp","name":"local_tax","description":null,"comment":null,"position":3,"type":"int","table":{"guid":"5b968a7e-9418-44d4-a652-dc587a3a9376","typeName":"hive_table"}},"guid":"31e951fd-e2b9-4d4e-aa08-7a57a1f146a0","status":"ACTIVE","createdBy":"hive","updatedBy":"admin","createTime":1511513317074,"updateTime":1521855544552,"version":0,"classifications":[]},"c97f237b-21ca-4958-8150-eac836883eff":{"typeName":"hive_column","attributes":{"owner":"hive","qualifiedName":"finance.tax_2009.ssn@hdp","name":"ssn","description":null,"comment":null,"position":0,"type":"string","table":{"guid":"5b968a7e-9418-44d4-a652-dc587a3a9376","typeName":"hive_table"}},"guid":"c97f237b-21ca-4958-8150-eac836883eff","status":"ACTIVE","createdBy":"hive","updatedBy":"admin","createTime":1511513317074,"updateTime":1521855544552,"version":0,"classifications":[{"typeName":"FINANCE_PII","attributes":{"type":"finance"}}]},"73fb6c19-cadd-4dba-b4f1-c5cfc2cdaf95":{"typeName":"hive_storagedesc","attributes":{"bucketCols":null,"qualifiedName":"finance.tax_2009@hdp_storage","sortCols":null,"storedAsSubDirectories":false,"location":"hdfs://demo.hortonworks.com:8020/hive_data/finance/tax_2009","compressed":false,"inputFormat":"org.apache.hadoop.mapred.TextInputFormat","outputFormat":"org.apache.hadoop.hive.ql.io.HiveIgnoreKeyTextOutputFormat","parameters":null,"table":{"guid":"5b968a7e-9418-44d4-a652-dc587a3a9376","typeName":"hive_table"},"serdeInfo":{"typeName":"hive_serde","attributes":{"serializationLib":"org.apache.hadoop.hive.serde2.lazy.LazySimpleSerDe","name":null,"parameters":{"serialization.format":",","field.delim":","}}},"numBuckets":-1},"guid":"73fb6c19-cadd-4dba-b4f1-c5cfc2cdaf95","status":"ACTIVE","createdBy":"hive","updatedBy":"admin","createTime":1511513317074,"updateTime":1521855544552,"version":0,"classifications":[]},"585799fb-7992-441c-9ebf-1b1a434958c1":{"typeName":"hive_column","attributes":{"owner":"hive","qualifiedName":"finance.tax_2009.state_tax@hdp","name":"state_tax","description":null,"comment":null,"position":2,"type":"int","table":{"guid":"5b968a7e-9418-44d4-a652-dc587a3a9376","typeName":"hive_table"}},"guid":"585799fb-7992-441c-9ebf-1b1a434958c1","status":"ACTIVE","createdBy":"hive","updatedBy":"admin","createTime":1511513317074,"updateTime":1521855544552,"version":0,"classifications":[]}},"entity":{"typeName":"hive_table","attributes":{"owner":"hive","temporary":false,"lastAccessTime":1511511740000,"aliases":null,"qualifiedName":"finance.tax_2009@hdp","columns":[{"guid":"c97f237b-21ca-4958-8150-eac836883eff","typeName":"hive_column"},{"guid":"038a2b25-1135-440f-bec8-eb1de2afb2e1","typeName":"hive_column"},{"guid":"585799fb-7992-441c-9ebf-1b1a434958c1","typeName":"hive_column"},{"guid":"31e951fd-e2b9-4d4e-aa08-7a57a1f146a0","typeName":"hive_column"}],"description":null,"viewExpandedText":null,"sd":{"guid":"73fb6c19-cadd-4dba-b4f1-c5cfc2cdaf95","typeName":"hive_storagedesc"},"tableType":"EXTERNAL_TABLE","createTime":1511511740000,"name":"tax_2009","comment":null,"partitionKeys":null,"parameters":{"transient_lastDdlTime":"1511511740","totalSize":"85","EXTERNAL":"TRUE","numFiles":"1"},"db":{"guid":"39bd553e-100c-48fa-94e6-2c975166cda4","typeName":"hive_db"},"retention":0,"viewOriginalText":null},"guid":"5b968a7e-9418-44d4-a652-dc587a3a9376","status":"ACTIVE","createdBy":"hive","updatedBy":"admin","createTime":1511513317074,"updateTime":1521855544552,"version":0,"classifications":[]}}