{"referredEntities":{},"entity":{"typeName":"hive_column_lineage","attributes":{"owner":null,"outputs":[{"guid":"06e69196-3083-41fd-a63c-340e2779950d","typeName":"hive_column"}],"expression":null,"qualifiedName":"claim.prov_view@hdp:1511511743000:providerstreetaddress","inputs":[{"guid":"70e19e81-1703-45a5-8bf9-6ef2ec481bbe","typeName":"hive_column"}],"query":{"guid":"48e5449d-9813-4801-bcb9-e70ada315f3f","typeName":"hive_process"},"name":"create view if not exists claim.prov_view as select * from claim.provider_summary:providerstreetaddress","description":null,"depenendencyType":"SIMPLE"},"guid":"61cfa546-e9e8-4073-9a50-2950016b2d9c","status":"ACTIVE","createdBy":"hive","updatedBy":"admin","createTime":1511513325637,"updateTime":1521855544552,"version":0,"classifications":[]}}