{"referredEntities":{"e5b4fbce-77d9-4516-8880-539b432af466":{"typeName":"hive_column","attributes":{"owner":"hive","qualifiedName":"claim.claims_view.name@hdp","name":"name","description":null,"comment":null,"position":1,"type":"string","table":{"guid":"7435226d-dfc0-4a10-942b-caf9de2f46be","typeName":"hive_table"}},"guid":"e5b4fbce-77d9-4516-8880-539b432af466","status":"ACTIVE","createdBy":"hive","updatedBy":"admin","createTime":1511513327528,"updateTime":1521855544552,"version":0,"classifications":[]},"80163b3a-d2b6-442d-ad53-06952363a501":{"typeName":"hive_column","attributes":{"owner":"hive","qualifiedName":"claim.claims_view.claimid@hdp","name":"claimid","description":null,"comment":null,"position":3,"type":"int","table":{"guid":"7435226d-dfc0-4a10-942b-caf9de2f46be","typeName":"hive_table"}},"guid":"80163b3a-d2b6-442d-ad53-06952363a501","status":"ACTIVE","createdBy":"hive","updatedBy":"admin","createTime":1511513327528,"updateTime":1521855544552,"version":0,"classifications":[]},"9f73fc8c-b3d3-4427-bd90-1b9490053934":{"typeName":"hive_column","attributes":{"owner":"hive","qualifiedName":"claim.claims_view.longitude@hdp","name":"longitude","description":null,"comment":null,"position":7,"type":"decimal(10,0)","table":{"guid":"7435226d-dfc0-4a10-942b-caf9de2f46be","typeName":"hive_table"}},"guid":"9f73fc8c-b3d3-4427-bd90-1b9490053934","status":"ACTIVE","createdBy":"hive","updatedBy":"admin","createTime":1511513327528,"updateTime":1521855544552,"version":0,"classifications":[]},"f966c210-e1bc-4ec5-8eb3-6be837104966":{"typeName":"hive_column","attributes":{"owner":"hive","qualifiedName":"claim.claims_view.sequenceid@hdp","name":"sequenceid","description":null,"comment":null,"position":2,"type":"int","table":{"guid":"7435226d-dfc0-4a10-942b-caf9de2f46be","typeName":"hive_table"}},"guid":"f966c210-e1bc-4ec5-8eb3-6be837104966","status":"ACTIVE","createdBy":"hive","updatedBy":"admin","createTime":1511513327528,"updateTime":1521855544552,"version":0,"classifications":[]},"f170178d-4105-4f9b-8697-a0bbaab45648":{"typeName":"hive_column","attributes":{"owner":"hive","qualifiedName":"claim.claims_view.reportdate@hdp","name":"reportdate","description":null,"comment":null,"position":0,"type":"date","table":{"guid":"7435226d-dfc0-4a10-942b-caf9de2f46be","typeName":"hive_table"}},"guid":"f170178d-4105-4f9b-8697-a0bbaab45648","status":"ACTIVE","createdBy":"hive","updatedBy":"admin","createTime":1511513327528,"updateTime":1521855544552,"version":0,"classifications":[]},"c3431a56-90cb-4e6e-b05b-615754fa4818":{"typeName":"hive_column","attributes":{"owner":"hive","qualifiedName":"claim.claims_view.latitude@hdp","name":"latitude","description":null,"comment":null,"position":6,"type":"decimal(10,0)","table":{"guid":"7435226d-dfc0-4a10-942b-caf9de2f46be","typeName":"hive_table"}},"guid":"c3431a56-90cb-4e6e-b05b-615754fa4818","status":"ACTIVE","createdBy":"hive","updatedBy":"admin","createTime":1511513327528,"updateTime":1521855544552,"version":0,"classifications":[]},"4f27c3ed-97b4-4990-895f-be271e44355d":{"typeName":"hive_column","attributes":{"owner":"hive","qualifiedName":"claim.claims_view.costsavings@hdp","name":"costsavings","description":null,"comment":null,"position":4,"type":"int","table":{"guid":"7435226d-dfc0-4a10-942b-caf9de2f46be","typeName":"hive_table"}},"guid":"4f27c3ed-97b4-4990-895f-be271e44355d","status":"ACTIVE","createdBy":"hive","updatedBy":"admin","createTime":1511513327528,"updateTime":1521855544552,"version":0,"classifications":[]},"82246eb6-c415-49d4-be9b-028d32442828":{"typeName":"hive_column","attributes":{"owner":"hive","qualifiedName":"claim.claims_view.eligibilitycode@hdp","name":"eligibilitycode","description":null,"comment":null,"position":5,"type":"int","table":{"guid":"7435226d-dfc0-4a10-942b-caf9de2f46be","typeName":"hive_table"}},"guid":"82246eb6-c415-49d4-be9b-028d32442828","status":"ACTIVE","createdBy":"hive","updatedBy":"admin","createTime":1511513327528,"updateTime":1521855544552,"version":0,"classifications":[]},"227e8902-105a-4fa7-8f22-b323ccb71227":{"typeName":"hive_storagedesc","attributes":{"bucketCols":null,"qualifiedName":"claim.claims_view@hdp_storage","sortCols":null,"storedAsSubDirectories":false,"location":null,"compressed":false,"inputFormat":"org.apache.hadoop.mapred.SequenceFileInputFormat","outputFormat":"org.apache.hadoop.hive.ql.io.HiveSequenceFileOutputFormat","parameters":null,"table":{"guid":"7435226d-dfc0-4a10-942b-caf9de2f46be","typeName":"hive_table"},"serdeInfo":{"typeName":"hive_serde","attributes":{"serializationLib":null,"name":null,"parameters":null}},"numBuckets":-1},"guid":"227e8902-105a-4fa7-8f22-b323ccb71227","status":"ACTIVE","createdBy":"hive","updatedBy":"admin","createTime":1511513327528,"updateTime":1521855544552,"version":0,"classifications":[]}},"entity":{"typeName":"hive_table","attributes":{"owner":"hive","temporary":false,"lastAccessTime":1511511743000,"aliases":null,"qualifiedName":"claim.claims_view@hdp","columns":[{"guid":"f170178d-4105-4f9b-8697-a0bbaab45648","typeName":"hive_column"},{"guid":"e5b4fbce-77d9-4516-8880-539b432af466","typeName":"hive_column"},{"guid":"f966c210-e1bc-4ec5-8eb3-6be837104966","typeName":"hive_column"},{"guid":"80163b3a-d2b6-442d-ad53-06952363a501","typeName":"hive_column"},{"guid":"4f27c3ed-97b4-4990-895f-be271e44355d","typeName":"hive_column"},{"guid":"82246eb6-c415-49d4-be9b-028d32442828","typeName":"hive_column"},{"guid":"c3431a56-90cb-4e6e-b05b-615754fa4818","typeName":"hive_column"},{"guid":"9f73fc8c-b3d3-4427-bd90-1b9490053934","typeName":"hive_column"}],"description":null,"viewExpandedText":"SELECT `claim_savings`.`reportdate`, `claim_savings`.`name`, `claim_savings`.`sequenceid`, `claim_savings`.`claimid`, `claim_savings`.`costsavings`, `claim_savings`.`eligibilitycode`, `claim_savings`.`latitude`, `claim_savings`.`longitude` FROM `cost_savings`.`claim_savings`","sd":{"guid":"227e8902-105a-4fa7-8f22-b323ccb71227","typeName":"hive_storagedesc"},"tableType":"VIRTUAL_VIEW","createTime":1511511743000,"name":"claims_view","comment":null,"partitionKeys":null,"parameters":{"transient_lastDdlTime":"1511511743"},"db":{"guid":"875933ed-60e3-432b-af0b-6ed0d9825d4b","typeName":"hive_db"},"retention":0,"viewOriginalText":"SELECT * FROM cost_savings.claim_savings"},"guid":"7435226d-dfc0-4a10-942b-caf9de2f46be","status":"ACTIVE","createdBy":"hive","updatedBy":"admin","createTime":1511513327528,"updateTime":1521855544552,"version":0,"classifications":[]}}