{"referredEntities":{},"entity":{"typeName":"hive_column_lineage","attributes":{"owner":null,"outputs":[{"guid":"f966c210-e1bc-4ec5-8eb3-6be837104966","typeName":"hive_column"}],"expression":null,"qualifiedName":"claim.claims_view@hdp:1511511743000:sequenceid","inputs":[{"guid":"d3265fde-0ac1-4e61-8e40-702914f8fc43","typeName":"hive_column"}],"query":{"guid":"4ec0a67e-da9f-4421-9067-dd4dc81596e0","typeName":"hive_process"},"name":"create view if not exists claim.claims_view as select * from cost_savings.claim_savings:sequenceid","description":null,"depenendencyType":"SIMPLE"},"guid":"7ecb673b-b292-4653-bcb9-12e79560db1a","status":"ACTIVE","createdBy":"hive","updatedBy":"admin","createTime":1511513329115,"updateTime":1521855544552,"version":0,"classifications":[]}}