{"referredEntities":{},"entity":{"typeName":"hive_column_lineage","attributes":{"owner":null,"outputs":[{"guid":"f170178d-4105-4f9b-8697-a0bbaab45648","typeName":"hive_column"}],"expression":null,"qualifiedName":"claim.claims_view@hdp:1511511743000:reportdate","inputs":[{"guid":"8ea39b13-99f1-42d3-a06d-34c2ff24024e","typeName":"hive_column"}],"query":{"guid":"4ec0a67e-da9f-4421-9067-dd4dc81596e0","typeName":"hive_process"},"name":"create view if not exists claim.claims_view as select * from cost_savings.claim_savings:reportdate","description":null,"depenendencyType":"SIMPLE"},"guid":"916a9f56-f9d0-4b17-bc83-4b5a722a4be7","status":"ACTIVE","createdBy":"hive","updatedBy":"admin","createTime":1511513330248,"updateTime":1521855544552,"version":0,"classifications":[]}}