{"referredEntities":{},"entity":{"typeName":"hive_column_lineage","attributes":{"owner":null,"outputs":[{"guid":"b45a5e9b-d43e-4011-94e6-48c59f72edb5","typeName":"hive_column"}],"expression":null,"qualifiedName":"claim.prov_view@hdp:1511511743000:averagecoveredcharges","inputs":[{"guid":"da732b76-0f2f-4669-a226-e43269a5bea1","typeName":"hive_column"}],"query":{"guid":"48e5449d-9813-4801-bcb9-e70ada315f3f","typeName":"hive_process"},"name":"create view if not exists claim.prov_view as select * from claim.provider_summary:averagecoveredcharges","description":null,"depenendencyType":"SIMPLE"},"guid":"a6727702-5578-40a2-82fb-35bbec6c8e36","status":"ACTIVE","createdBy":"hive","updatedBy":"admin","createTime":1511513323543,"updateTime":1521855544552,"version":0,"classifications":[]}}